20220408_132915,9.546396200618561e-05,0.06863866746425629,0.0,-1.3556801e-05,-9.050665e-06,4.947753e-05,6.897046e-05
20220408_132915,0.08229781203827567,0.5777243971824646,1.0298772945560586e-10,-0.0077377446,-0.010023588,0.048386786,0.05722859
20220408_132915,0.08301729794819349,0.501876950263977,1.8027352180483014e-11,-0.007308217,-0.0029066114,0.050968084,0.055066183
20220408_132916,0.08481061425713388,0.5231131315231323,9.670295814112606e-11,-0.0033847648,0.0017172281,0.0500529,0.058378804
20220408_132916,0.0851794421923915,0.623441219329834,5.833074474825839e-12,-0.00076448004,7.851855e-06,0.05019598,0.05877246
20220408_132916,0.09042487563988273,0.6613160967826843,2.783102914794e-11,-0.004608691,-0.011330999,0.053453203,0.06209947
20220408_132916,0.09700046761849172,0.5057295560836792,3.907419873772078e-11,-0.0028151774,-0.02514151,0.05539433,0.06806924
20220408_132917,0.09849237971570138,0.6969098448753357,2.2050881953727952e-11,-0.006977248,-0.03290769,0.05373985,0.07224113
20220408_132917,0.10334677749841185,0.6698049306869507,1.7885218861479757e-09,-0.008874526,-0.04147216,0.056607865,0.07573669
20220408_132917,0.09831285496938612,0.5098048448562622,1.0416334461638144e-10,0.00087633,-0.03548291,0.055045255,0.06999012
20220408_132917,0.10044956062401586,0.609177827835083,1.0854956045136532e-08,-0.0052929968,-0.037087224,0.057926126,0.07083073
20220408_132917,0.10142058403790526,0.4962373673915863,3.5268645642849705e-11,-0.006535573,-0.035187375,0.058175273,0.072159514
20220408_132917,0.10186121211105549,0.6107102036476135,1.3493023538757587e-11,-0.002620587,-0.039050713,0.05942848,0.071232945
20220408_132918,0.10275119300343073,0.6288701295852661,4.6053119651112695e-11,-0.011206933,-0.028537951,0.06212204,0.069273464
20220408_132918,0.10276976351394841,0.7026331424713135,1.4035433926196106e-10,-0.015474713,-0.030945877,0.05994165,0.071658224
20220408_132918,0.11009350803479717,0.592963457107544,9.336289553962818e-12,-0.015131457,-0.035051152,0.066059954,0.0755302
20220408_132918,0.11017265116214643,0.712001383304596,2.158141373942435e-11,-0.01410074,-0.03785661,0.06369812,0.07852373
20220408_132918,0.11144239050025427,0.7124542593955994,7.47822723884406e-12,-0.015656441,-0.04823978,0.06422457,0.079647824
20220408_132918,0.11167765625922008,0.9883796572685242,8.392760930675536e-10,-0.011916567,-0.04600181,0.06436882,0.07872059
20220408_132918,0.11705913986595222,0.7019551396369934,4.850601587058634e-10,-0.0057704863,-0.058507808,0.064159565,0.08598679
20220408_132919,0.11847586277664175,0.7506146430969238,6.883667941215421e-11,-0.008605159,-0.059139833,0.06380666,0.087959625
20220408_132919,0.11728518160495591,0.7999123930931091,1.685386552541246e-11,-0.007830398,-0.056517877,0.06435016,0.085793175
20220408_132919,0.11751112813895807,0.5553670525550842,2.57053510421823e-11,-0.009156108,-0.053462535,0.06474435,0.08596291
20220408_132919,0.11424738292020158,0.6593751311302185,1.6298429272865178e-09,-0.017117985,-0.043014143,0.06654208,0.08054182
20220408_132919,0.11460655722361532,0.7079870700836182,2.868779866438409e-11,-0.016435437,-0.040034503,0.067248374,0.07946445
20220408_132919,0.12143597345011228,0.7331393957138062,5.017000148654915e-10,-0.021331215,-0.05175525,0.06901455,0.08652416
20220408_132920,0.11704660358857341,0.6615431904792786,1.66447702842909e-10,-0.017717388,-0.045852434,0.06749986,0.08270276
20220408_132920,0.12039375552121731,0.7399438619613647,1.5600979397234482e-09,-0.02322562,-0.053769432,0.068952315,0.08583065
20220408_132920,0.11610490175383911,0.7075616121292114,3.754880087414314e-12,-0.01994604,-0.051672958,0.065696456,0.08295523
20220408_132920,0.12847609670361387,0.8773215413093567,1.8421113592848037e-11,-0.023448484,-0.05780665,0.07432085,0.09106455
20220408_132920,0.12520019361489546,0.8055615425109863,2.1192586574514394e-10,-0.025862541,-0.058494445,0.07067533,0.09072796
20220408_132920,0.125883600170637,0.768860936164856,2.263275331038095e-11,-0.017259795,-0.056955654,0.06894295,0.092903174
20220408_132920,0.12671790646958572,0.8626070022583008,1.094951074254169e-10,-0.023793701,-0.055813644,0.07032485,0.09142708
20220408_132921,0.12592213530949128,0.7041698098182678,3.007872423355096e-11,-0.02777571,-0.053554043,0.07181844,0.089909926
20220408_132921,0.131418968884514,0.9232177734375,3.3269591942497456e-11,-0.026913054,-0.058426253,0.07358194,0.09472178
20220408_132921,0.1338378867868835,0.9004084467887878,1.3725352798754642e-10,-0.03368185,-0.06217894,0.07746956,0.094576836
20220408_132921,0.13219247170641368,0.7215464115142822,6.270938629482359e-11,-0.032699566,-0.05631774,0.076006286,0.09432308
20220408_132921,0.13140593250565888,0.8091526031494141,8.328965989123915e-11,-0.01797364,-0.05975233,0.07371754,0.09404976
20220408_132921,0.13135058089309612,0.7913851737976074,1.4338427112292607e-09,-0.020853898,-0.058362726,0.07498882,0.09365063
20220408_132921,0.1310726851194266,0.8159450888633728,8.878670021417179e-11,-0.017258853,-0.05861183,0.07326242,0.09480362
20220408_132922,0.13702008889965528,0.980127215385437,1.5855304846823515e-09,-0.01612992,-0.057899483,0.0744888,0.101040736
20220408_132922,0.13837419075918114,0.8526032567024231,1.3556836764294644e-09,-0.023585942,-0.059578698,0.07793214,0.0995426
20220408_132922,0.1379403517145595,0.7817978262901306,3.937195458547649e-09,-0.021298423,-0.06060307,0.077030525,0.1001258
20220408_132922,0.12884023730689462,0.791100025177002,1.2832060747314245e-08,-0.0051985774,-0.04110623,0.075189434,0.09021577
20220408_132922,0.13336039449521175,0.7658529281616211,8.470026457985114e-09,-0.005500683,-0.044110533,0.075652815,0.09550326
20220408_132922,0.13026251703849354,0.7778965830802917,1.916562020198853e-09,-0.0007047943,-0.03384133,0.07555679,0.091107935
20220408_132923,0.13013097391818246,0.74327152967453,3.45699024961732e-11,-0.0030171615,-0.044458773,0.07151916,0.09388298
20220408_132923,0.13266834625191204,0.7791184186935425,1.4306617224235652e-08,-0.009198962,-0.055608258,0.071812,0.097000055
20220408_132923,0.13785462458154812,0.7909846901893616,1.2373342350713301e-08,-0.007861148,-0.058445264,0.07540072,0.10081425
20220408_132923,0.14892134498616297,0.7744656205177307,3.638499501690262e-09,-0.005254051,-0.07775796,0.07427148,0.11384397
20220408_132923,0.16014960720977828,0.8379538059234619,3.7502922989318677e-10,-0.007629796,-0.098712094,0.07488494,0.12576789
20220408_132923,0.1570475109653744,0.8016934394836426,5.239074507557007e-09,0.011184045,-0.03551637,0.08943768,0.11092301
20220408_132924,0.19401044531365788,0.8415952324867249,1.1176196634821167e-09,-0.011716811,0.0992352,0.08980546,0.1538171
20220408_132924,0.1465952122203876,0.7681003212928772,4.58796511892956e-09,-0.010923517,-0.032778233,0.08444639,0.10358813
20220408_132924,0.14840947511977035,0.8337626457214355,2.7430930860106173e-09,-0.02342959,-0.063579574,0.082795605,0.10576908
20220408_132924,0.1589564059628067,0.8467829823493958,7.245591682192298e-09,-0.012797574,-0.08579632,0.0790038,0.12107341
20220408_132924,0.16409675918145847,1.0432007312774658,1.847817038269639e-11,-0.013271687,-0.097051166,0.08479191,0.12373742
20220408_132924,0.15691020615111617,0.9128566384315491,1.3532981846253733e-08,0.022897705,-0.071914874,0.08575416,0.11313013
20220408_132925,0.17306897047192746,0.9038267135620117,5.339569064677363e-12,0.011819042,-0.09833642,0.08823626,0.1309262
20220408_132925,0.1475083573569654,0.8538312911987305,1.1252535569994393e-09,0.019710576,-0.039552722,0.08620599,0.10237687
20220408_132925,0.14200295051845632,0.78884357213974,1.3741069393446992e-09,-0.022177361,0.01865244,0.083834104,0.09665464
20220408_132925,0.16129094574285502,0.756486713886261,6.714317546396842e-09,-0.02636702,0.06622569,0.08861256,0.11762059
20220408_132925,0.17089064751776772,0.7725614309310913,1.0145642104220087e-09,-0.00037116502,0.08083802,0.08935566,0.12771326
20220408_132925,0.14253359747209257,0.8538618087768555,2.2255859377651177e-09,0.0025127262,-0.0041171946,0.08045264,0.10053936
20220408_132925,0.1465063304568801,0.7280884385108948,1.4620439081625136e-08,0.0013540224,-0.04425096,0.0814545,0.105044834
20220408_132926,0.14566259458826608,0.7465053796768188,1.9596024802837064e-09,0.0006608337,-0.043412168,0.08068485,0.10512833
20220408_132926,0.13878335819845083,0.746671736240387,6.813465347477177e-09,-0.010682169,-0.025180787,0.07920153,0.09748998
20220408_132926,0.1483814899298072,0.8292911052703857,2.0522017418755922e-10,0.03128762,-0.042191885,0.08509259,0.103192545
20220408_132926,0.16824045908835158,0.9384332299232483,2.7630024490576943e-08,-0.00977774,0.03834931,0.09263807,0.12224394
20220408_132926,0.15931154836509082,0.8320125341415405,1.2643137925483217e-10,-0.031056445,0.07006383,0.08467923,0.11825582
20220408_132926,0.1407537143207982,0.838491678237915,3.969295558903241e-09,-0.013352885,0.029862728,0.07761133,0.10108267
20220408_132927,0.13622818099497713,0.678943395614624,2.6896853633218143e-09,-0.000806337,-0.011861925,0.07729465,0.09528731
20220408_132927,0.13342076721724141,0.7670055031776428,2.703370416412554e-09,-0.0055588256,-0.021206431,0.08001895,0.08976669
20220408_132927,0.1340701337927326,0.741695761680603,7.835406212741702e-10,0.013527215,-0.0009123707,0.08080295,0.09108459
20220408_132927,0.13453445043421763,0.8114111423492432,7.239678301296237e-11,0.0058557442,0.0049397484,0.079952985,0.09154417
20220408_132927,0.1364998572041867,0.8123323917388916,1.7796721041296593e-10,0.0053559043,0.012144955,0.08161158,0.09234775
20220408_132927,0.13853549511497604,0.6342769861221313,3.1807712713716185e-11,-0.0023113235,0.0223377,0.08041757,0.09638104
20220408_132928,0.13386820643458797,0.9208571314811707,1.8256424150209227e-11,0.00039557053,0.0059756013,0.08093537,0.090633295
20220408_132928,0.13664742529281237,0.7785832285881042,2.6114256590492602e-11,0.0034422001,0.016006958,0.0787842,0.0950555
20220408_132928,0.13544736682005504,0.8597126007080078,7.27858084914601e-09,-0.008255607,-0.005697061,0.0835754,0.089943774
20220408_132928,0.1439890369327984,0.858279824256897,3.2067581923200805e-10,-0.0025519049,-0.037216067,0.084200226,0.10046096
20220408_132928,0.15883449102997899,0.8822106719017029,4.5207657062285023e-10,0.01819376,-0.07755381,0.08011761,0.11992228
20220408_132928,0.16784503006406284,0.720538318157196,2.0011804713337966e-11,-0.015717523,-0.06392907,0.08053314,0.12907337
20220408_132929,0.16850835895433317,0.9761843085289001,1.7835186660875024e-09,-0.005071969,-0.011073139,0.08262457,0.12904254
20220408_132929,0.17700144582897986,0.8509011268615723,1.9860861566467491e-10,-0.00020116204,0.06817237,0.08287266,0.1398129
20220408_132929,0.1790551692794312,0.9259728193283081,1.5156655097658955e-10,-0.0074339635,0.098600216,0.083711065,0.14061059
20220408_132929,0.16436237892233788,0.9126175045967102,1.416909645168829e-10,0.008738018,0.021718059,0.08061365,0.12573615
20220408_132929,0.15650244426785745,0.8593287467956543,3.701972409175802e-11,0.01716799,-0.0443039,0.08655062,0.11199101
20220408_132929,0.14788077585495643,0.8012470006942749,1.472789425138732e-11,0.008035818,-0.060121242,0.0808013,0.1072311
20220408_132930,0.15067218094777626,0.9481685757637024,3.742377935322949e-11,0.00043867738,-0.059654012,0.08173056,0.10964831
20220408_132930,0.16393625436621034,1.2743762731552124,1.9921840219150333e-11,0.005393473,-0.084689625,0.086236216,0.12277867
20220408_132930,0.16883796173622756,0.8055270314216614,1.3346501681610334e-10,-0.011888966,-0.10090332,0.086029895,0.12900937
20220408_132930,0.1509241111201335,1.0186975002288818,4.0276112306392164e-11,-0.005194893,-0.034013428,0.08414216,0.1074414
20220408_132930,0.16624605981860946,0.8118534684181213,7.746387975515745e-10,-0.022187961,-0.071405895,0.08658985,0.124920055
20220408_132931,0.1655569331835916,0.9671391248703003,8.068706813801896e-11,-0.0020741043,-0.08500986,0.08649419,0.124136955
20220408_132931,0.15930427398844021,0.8777138590812683,3.226883690810034e-11,-0.0050006583,-0.07187063,0.08627228,0.11558041
20220408_132931,0.16157797032488375,0.9171675443649292,6.648058492597642e-11,-0.0328979,-0.07226795,0.091694586,0.11501161
20220408_132931,0.1801422330568386,0.8362461924552917,1.276716843356951e-09,-0.03304351,-0.100757405,0.09155743,0.13793585
20220408_132931,0.15881120432665563,1.2812955379486084,7.64776922346222e-11,-0.025654465,-0.0031788026,0.0927677,0.1106606
20220408_132932,0.16804359841731692,1.0069881677627563,6.138538011235539e-10,-0.041740913,-0.080104664,0.09334204,0.12148609
20220408_132932,0.16677037317825416,0.8539731502532959,3.6332416242235155e-11,-0.019383736,-0.07832975,0.08883473,0.12337713
20220408_132932,0.17078620272070003,0.8540008664131165,5.4411878648574774e-12,-0.026796019,-0.08530375,0.08674322,0.12982145
20220408_132932,0.1680879220038379,1.0955934524536133,9.804211262287588e-12,-0.03827337,-0.087018885,0.089654066,0.12510557
20220408_132932,0.1734126537697043,0.9698256254196167,7.743474264576555e-12,-0.0129028065,-0.09572845,0.08882956,0.13206808
20220408_132932,0.17328778801778252,0.8871533274650574,1.3718047531252608e-10,0.009334437,-0.096169144,0.087073,0.1327615
20220408_132933,0.1802094624812913,0.8359034657478333,3.580231944244616e-10,0.018043876,-0.112474665,0.08567337,0.14215198
20220408_132933,0.14305901471586402,0.7397142648696899,1.2471785756917875e-11,-0.028455157,-0.04379293,0.0837134,0.09929693
20220408_132933,0.17040395259418406,0.8750196099281311,1.205687980010417e-11,-0.015129373,-0.08837287,0.08294322,0.13141532
20220408_132933,0.16730692810018924,0.8667116165161133,1.0122396844336468e-11,-0.011916851,-0.09504703,0.082114,0.12890421
20220408_132933,0.1557471766855323,0.8788766264915466,4.574321130212944e-11,-0.028314836,-0.06806612,0.086831965,0.11236865
20220408_132933,0.15934877886211773,0.7558021545410156,2.0527886682164542e-11,-0.035832345,-0.08196441,0.085841194,0.11773274
20220408_132934,0.16325521476014687,0.9699311256408691,4.542228398962678e-11,-0.048567265,-0.067087576,0.097093716,0.1150242
20220408_132934,0.1614370277279655,0.7207474708557129,9.028763847673815e-11,-0.035159122,-0.068749376,0.0936313,0.11460861
20220408_132934,0.15461077432782472,0.7562388777732849,2.1645454525986985e-11,-0.006657652,-0.07063415,0.08510668,0.11327743
20220408_132934,0.15354148145474922,0.7996768951416016,2.222281213215549e-11,-0.0014903382,-0.06834067,0.08111825,0.11398981
20220408_132934,0.17084428324829048,0.867279052734375,1.0613347874166568e-11,-0.03499832,-0.09167832,0.08938085,0.12898374
20220408_132934,0.19182530024179473,0.8894243836402893,2.835037760107184e-11,-0.040056463,-0.1262549,0.0964361,0.14946988
20220408_132935,0.18609364406452042,0.8104175329208374,2.942870946931464e-11,-0.035032596,-0.11030436,0.0930611,0.14446715
20220408_132935,0.20489623629976336,0.9456701278686523,1.2064820496815454e-11,-0.027899686,-0.13315818,0.09694284,0.16261758
20220408_132935,0.20117196198525825,0.9118030667304993,1.6369305216867858e-11,-0.025811084,-0.13663262,0.09363602,0.16074285
20220408_132935,0.18933310258430444,0.8305136561393738,1.0068225766990402e-11,-0.03354918,-0.11550404,0.09756401,0.14389017
20220408_132935,0.18227595873606336,0.938444972038269,2.0807683701051793e-11,-0.034307636,-0.11431183,0.09177767,0.14104019
20220408_132935,0.18388142553470535,0.9487375020980835,1.203845963887451e-11,-0.02827716,-0.10819177,0.096103355,0.13916062
20220408_132936,0.21981343842827258,1.2409875392913818,1.2265684995460546e-11,-0.017583711,-0.16217777,0.09409095,0.18341649
20220408_132936,0.21406030818356073,0.896361768245697,4.8375033145919843e-11,-0.0016890209,-0.15906912,0.08920777,0.17834653
20220408_132936,0.17872500962509774,0.9471645951271057,1.22979230965381e-11,0.0004753256,-0.06573004,0.09247619,0.13437277
20220408_132936,0.17118462840309698,0.8878829479217529,1.2227727511082698e-11,0.030269623,-0.054911688,0.09430855,0.12279499
20220408_132936,0.1970248282334058,1.2595484256744385,5.813719297642628e-11,-0.04210271,-0.10421166,0.10095517,0.14895958
20220408_132936,0.2122438009052354,0.9223089814186096,1.236561807810288e-11,-0.04665856,-0.12970424,0.10691675,0.16490993
20220408_132937,0.20889987658975376,1.6035656929016113,3.53170340194886e-11,-0.014480028,-0.12871748,0.097831175,0.16486543
20220408_132937,0.20574795959824407,1.1755770444869995,1.4230149003591208e-10,-0.034741584,-0.122906685,0.0998445,0.16061759
20220408_132937,0.23695548494401977,1.1410471200942993,1.0470814319762933e-11,-0.04209157,-0.16795726,0.106511764,0.19352247
20220408_132937,0.20367412150013947,1.2203118801116943,4.9696420589828705e-11,-0.013765668,-0.113178484,0.10127161,0.15710358
20220408_132937,0.21127407014406382,1.2017707824707031,1.180141834949966e-11,-0.049942717,-0.1255234,0.11120993,0.16010068
20220408_132937,0.20841654602974177,1.1877633333206177,3.0405786222154063e-10,-0.038382012,-0.124692276,0.108008474,0.1599239
20220408_132938,0.22076112195989384,1.0312515497207642,1.215451610886431e-11,-0.029499702,-0.1469077,0.103551924,0.17673309
20220408_132938,0.20163695613301982,0.9537708759307861,6.304564509340693e-12,-0.00621137,-0.12263074,0.09969123,0.15620935
20220408_132938,0.19474257588146893,1.1989548206329346,8.306893367615586e-11,-0.024041096,-0.09806464,0.10344667,0.14644015
20220408_132938,0.18145729928803717,1.2557929754257202,3.79889834867253e-11,0.022617193,-0.04745696,0.1043037,0.12704861
20220408_132938,0.1910831182709104,1.0906723737716675,4.9235358845489685e-11,0.015431755,-0.05487351,0.11120498,0.13326621
20220408_132939,0.17574281120401614,1.1936808824539185,3.6771776595889705e-11,0.035413537,-0.027756987,0.10119319,0.12333206
20220408_132939,0.19106001093861288,0.9376682043075562,8.4062611038771e-11,-0.012286409,-0.10301602,0.0962506,0.14727241
20220408_132939,0.18872870204832726,0.9525934457778931,4.5027370720873705e-11,-0.005240525,-0.09628862,0.09552263,0.14500476
20220408_132939,0.19351474259576062,1.0216699838638306,7.612859648231662e-11,0.0038404902,-0.100582235,0.10036865,0.14709318
20220408_132939,0.19543235385679456,0.936926007270813,5.667235430939499e-11,0.038235404,-0.09571175,0.095107034,0.15056391
20220408_132939,0.20626845716611164,0.9941176772117615,3.7691714332988013e-11,0.112813696,-0.04727896,0.1374231,0.12479555
20220408_132940,0.19208697985405757,1.0530403852462769,2.896487563686101e-11,0.05504626,-0.065385036,0.10464669,0.1388875
20220408_132940,0.19865344249988243,0.8356453776359558,2.8798442797128843e-11,-0.017717712,-0.111368075,0.09805306,0.15479228
20220408_132940,0.19269719768318588,0.9804322719573975,1.5946200956906686e-11,-0.0046537695,-0.093875185,0.096003704,0.14805116
20220408_132940,0.1862809156663891,0.8527393937110901,8.703444631663615e-10,-0.001483988,-0.08052396,0.09437224,0.14253102
20220408_132940,0.18004577950128697,0.9087300300598145,1.2023593926047127e-11,0.0019282249,-0.07071537,0.095954314,0.13305466
20220408_132940,0.1891541289680044,0.9622657895088196,5.970826055801126e-10,0.026452031,-0.079446346,0.09947229,0.14145191
20220408_132941,0.20672686750333022,1.0221354961395264,3.0010063878371795e-11,0.0070116357,-0.11696999,0.100768566,0.16097303
20220408_132941,0.1931349384504263,0.8865643739700317,1.439129718172616e-11,0.07874138,-0.028631723,0.11726418,0.13048097
20220408_132941,0.18532125842503788,1.127450704574585,2.7701380078681836e-10,0.026283296,-0.06621651,0.10484581,0.13284351
20220408_132941,0.1890641078344581,0.8818995356559753,1.1386645099031867e-11,0.02059601,-0.07319474,0.10441801,0.13691819
20220408_132941,0.1844834996142207,1.0339558124542236,2.53502566160968e-11,0.06489989,0.00751915,0.10927539,0.1252781
20220408_132942,0.19315862250178464,0.9776864647865295,3.9355019243458855e-11,0.013804826,-0.10148225,0.098836966,0.1462784
20220408_132942,0.20024910838624244,1.0638631582260132,3.226029512970463e-11,0.008785731,-0.09935918,0.1015089,0.15181391
20220408_132942,0.20892196951743064,0.8964612483978271,6.176350403341857e-11,-0.0006772376,-0.11911718,0.102525495,0.16247089
20220408_132942,0.21933174004054581,1.135127305984497,2.655395348050149e-11,-0.007892918,-0.13668366,0.10409202,0.17296438
20220408_132942,0.2004206437030849,0.9337570667266846,4.4941862731295856e-11,0.06895224,-0.016116645,0.12632419,0.13020876
20220408_132943,0.1926280773041413,0.8708921670913696,2.0222027177774216e-11,0.028046343,-0.073300175,0.108810365,0.13656624
20220408_132943,0.19289131476624524,0.9070431590080261,5.6794794561776385e-11,0.037574887,-0.05335152,0.11284263,0.1327272
20220408_132943,0.1932060299083134,1.0337765216827393,2.611764624016466e-11,0.009354133,-0.092714,0.09860725,0.14569438
20220408_132943,0.20343721237661497,0.9486361742019653,5.1961348418450015e-11,0.027203018,-0.1010578,0.1050982,0.15221152
20220408_132944,0.19275219153972326,0.9714252948760986,4.432077621574493e-11,0.038979433,-0.08712333,0.10308612,0.14015952
20220408_132944,0.19958923876090576,1.102580189704895,2.3595342346638404e-10,0.09567246,0.022128463,0.13303955,0.12331428
20220408_132944,0.19286544148972717,0.9228472709655762,5.580908565144815e-12,0.060647856,-0.036057595,0.11560567,0.12934384
20220408_132944,0.19329771387184047,0.8904848694801331,4.9648861411011325e-11,0.057428375,-0.054962285,0.11301946,0.13273396
20220408_132944,0.19775348862784428,0.9595959186553955,6.416128045527714e-11,0.063240565,-0.07031707,0.114118226,0.13720259
20220408_132945,0.20091281443459408,0.9549372792243958,1.077797573412198e-10,0.080187544,-0.06520802,0.122236356,0.13208331
20220408_132945,0.21172516867765084,0.8965401649475098,4.046063484253182e-11,0.08187273,-0.08553337,0.12165289,0.14770144
20220408_132945,0.2178869654638118,0.8994670510292053,3.5587549573889987e-10,0.12327175,-0.044589546,0.15010151,0.12774841
20220408_132945,0.19798924890599387,0.9911453127861023,5.704967748210166e-11,0.05731731,-0.06878136,0.115183316,0.13677797
20220408_132946,0.20105904010870385,1.2073652744293213,1.4320163978231992e-11,-0.06560232,-0.04879034,0.11954552,0.139226
20220408_132946,0.20822654571583765,0.9576243758201599,1.0448550878672247e-11,-0.0051259506,-0.10740012,0.10450581,0.15945067
20220408_132946,0.22410431123345845,1.0129003524780273,1.6250366330350374e-10,0.05838698,-0.12353973,0.11424047,0.16809997
20220408_132946,0.21818142857183878,1.1524877548217773,6.791200241051953e-11,-0.04215133,-0.09146407,0.11749711,0.15906604
20220408_132946,0.23011555221533353,1.1834999322891235,4.23502587165725e-11,-0.09431969,-0.047819693,0.13932481,0.1530532
20220408_132947,0.2261233221204387,0.9827420115470886,1.405820737598873e-10,-0.06621727,-0.026112167,0.13260289,0.15460339
20220408_132947,0.24031420201839485,1.0335911512374878,1.2071819238679282e-11,-0.09381989,-0.13379718,0.13662645,0.17388742
20220408_132947,0.2478005413236737,1.1582889556884766,8.667247475280249e-11,-0.079468064,-0.15327547,0.12972239,0.1897116
20220408_132947,0.2187174347084552,1.254177212715149,1.382591957588275e-11,-0.05310565,-0.09654221,0.120967746,0.16067861
20220408_132947,0.21131664141988293,1.073124647140503,4.3557109308256514e-11,0.0009143055,-0.09099256,0.11483236,0.15440032
20220408_132948,0.23170207839590132,1.22509765625,1.1268859977098256e-11,0.042278267,-0.120001465,0.117444046,0.17510666
20220408_132948,0.2278696243386583,1.2218639850616455,3.969451503604837e-11,0.039166044,-0.1054468,0.120209195,0.16889805
20220408_132948,0.2319831399889299,1.0305695533752441,2.750619176872249e-10,0.05489408,-0.10631084,0.122837715,0.17001973
20220408_132948,0.20748823087710377,1.2574586868286133,6.76675659949666e-11,0.03741271,-0.084722355,0.11395531,0.1487606
20220408_132948,0.20928978418527122,1.172123670578003,2.1342977732374813e-11,-0.010244834,-0.09297739,0.11259179,0.15342417
20220408_132949,0.21870565790013582,1.1904606819152832,1.2245430364155041e-11,-0.065550014,-0.10148465,0.12410927,0.1572125
20220408_132949,0.22032084554668455,1.0429519414901733,1.2029023610526934e-11,-0.04711707,-0.10825352,0.12030837,0.16292454
20220408_132949,0.22100897855229323,1.0822527408599854,1.2075365880825917e-11,-0.06311391,-0.10261439,0.12401389,0.16049914
20220408_132949,0.21692021093329858,1.1462923288345337,6.732307766821322e-11,-0.024524922,-0.09918913,0.11271861,0.16344756
20220408_132949,0.22514110323791053,0.9781551361083984,1.253154958275049e-11,-0.0122794965,-0.11859567,0.113776095,0.1722074
20220408_132950,0.23391978971190341,1.0555413961410522,6.308668431403985e-12,-0.007570203,-0.13032714,0.114711285,0.18235211
20220408_132950,0.2328096169227183,1.0764331817626953,1.1834975707780693e-11,-0.00031337672,-0.11008512,0.11200121,0.18044223
20220408_132950,0.22498178488488055,1.0951730012893677,1.1755540985092239e-11,-0.043395244,-0.075850405,0.11651172,0.1693888
20220408_132950,0.22076626236622915,1.1841148138046265,1.1818400424967734e-10,-0.08626267,0.015164788,0.13784161,0.14477055
20220408_132950,0.2209328162747741,1.2144132852554321,1.2490099232653762e-11,-0.065525234,0.009489435,0.1326316,0.14741647
20220408_132951,0.24057251686509062,1.34971284866333,1.1993525096676283e-11,-0.11191511,0.009372453,0.15543488,0.14941767
20220408_132951,0.22916247556234368,1.0325393676757812,1.0009377875153103e-11,-0.07558224,-0.019527366,0.13870981,0.15159303
20220408_132951,0.23058026471689136,1.038772702217102,1.2268150904881647e-11,-0.06243265,-0.0994543,0.12846051,0.16406514
20220408_132951,0.23635571962445495,1.1223546266555786,1.142785605728891e-11,-0.08221685,-0.09680449,0.13989562,0.15955631
20220408_132951,0.24520767134208865,1.1123859882354736,1.2022625082985794e-11,-0.11686267,-0.079962164,0.15701967,0.15410538
20220408_132952,0.2468267702555903,1.2798415422439575,1.1895411738960249e-11,-0.11932486,-0.06006244,0.15916716,0.15412335
20220408_132952,0.239995552332429,1.2514253854751587,1.8481088881472374e-10,-0.11922523,-0.06982776,0.15572095,0.15315093
20220408_132952,0.23020802778061297,1.1707452535629272,1.387537723607224e-10,-0.107630976,-0.08373054,0.1398825,0.15728052
20220408_132952,0.22938339650032552,1.1923954486846924,1.3449351354832828e-10,-0.097843125,-0.10375141,0.13613835,0.161124
20220408_132952,0.24936315989860905,1.1027884483337402,1.1763062746084074e-11,-0.08124077,-0.14841752,0.12964526,0.19110058
20220408_132953,0.245401229981815,1.0460090637207031,1.0253518867298084e-10,-0.068101525,-0.15515743,0.123014435,0.19037995
20220408_132953,0.24671445680405832,1.0084799528121948,1.003821886724765e-10,-0.08234034,-0.1430232,0.13278253,0.18470052
20220408_132953,0.24618382996172172,1.0886493921279907,1.1921864537245419e-11,-0.0879979,-0.14469531,0.13674721,0.18141682
20220408_132953,0.2501637817316076,1.3199481964111328,1.1692572257637757e-11,-0.10553448,-0.13248691,0.14376524,0.18144663
20220408_132953,0.24867076784614484,1.1920802593231201,1.584811448740453e-10,-0.08431527,-0.14934407,0.13396049,0.18790004
20220408_132954,0.24761870634047914,1.0868706703186035,1.1947313797999737e-11,-0.06317662,-0.15478115,0.12632923,0.19138819
20220408_132954,0.25734873344837117,1.0678983926773071,5.223985827251809e-11,-0.06155295,-0.17531063,0.12240423,0.20456187
20220408_132954,0.2754710805678447,1.1633588075637817,7.768572590771683e-11,-0.052656416,-0.20524149,0.120031595,0.22647747
20220408_132954,0.24986760499947402,1.0841851234436035,5.0348555186152666e-11,-0.11586482,-0.08682671,0.14910126,0.170707
20220408_132954,0.25026521911513444,1.1533164978027344,1.1893546043861836e-11,-0.08879111,-0.112614825,0.14463231,0.17102472
20220408_132955,0.24337888831993765,1.116926908493042,6.287222131806658e-11,-0.057866532,-0.13475242,0.12500879,0.18511894
20220408_132955,0.23771533638920195,1.094281554222107,7.882756253296819e-11,-0.027807385,-0.15458727,0.11435939,0.18626203
20220408_132955,0.24421976647367874,1.1548237800598145,7.83031191969874e-12,-0.06891664,-0.1474458,0.12559432,0.18656118
20220408_132955,0.26325752002371083,1.1089658737182617,7.1360391554198266e-12,-0.10029817,-0.16222881,0.1435069,0.19480188
20220408_132955,0.2673742239777885,1.3267104625701904,1.2219760793519274e-11,-0.13405448,-0.1461348,0.16451573,0.18484811
20220408_132955,0.25832659186253865,1.1429909467697144,1.2082386306733195e-11,-0.13009205,-0.1279002,0.16057408,0.17618683
20220408_132956,0.23813501599885945,1.2339524030685425,7.759974607335351e-11,-0.08245878,-0.12693863,0.13438062,0.17302881
20220408_132956,0.22393642897621327,1.275960922241211,1.2162163637308154e-11,-0.063436314,-0.10547071,0.12521172,0.16138913
20220408_132956,0.2259769042515749,1.1292484998703003,1.5345046414094732e-11,-0.055034745,-0.119762145,0.12128499,0.16791904
20220408_132956,0.23982623457809008,1.1277318000793457,5.951944492821326e-11,-0.042881463,-0.14653575,0.11916738,0.18534866
20220408_132956,0.25313887866295004,1.076989769935608,1.2267776204610836e-11,-0.07240016,-0.153868,0.13015227,0.19507019
20220408_132956,0.2689613161974807,1.1917932033538818,1.1994303987516997e-11,-0.0954692,-0.17119204,0.14060141,0.20673926
20220408_132957,0.265147786241736,1.1278444528579712,1.2032107081505483e-11,-0.09707576,-0.16706273,0.14169194,0.2017125
20220408_132957,0.26464581372864937,1.1775943040847778,1.1114964504344016e-10,-0.07234817,-0.170795,0.1253247,0.21090256
20220408_132957,0.2494727314587758,1.0866281986236572,4.491494415975739e-12,-0.056502093,-0.15479524,0.12163862,0.19353752
20220408_132957,0.22693483840711987,1.171198844909668,1.6090470969509774e-11,-0.09682376,-0.029158821,0.14454617,0.14482987
20220408_132957,0.22092276171931882,1.0494747161865234,6.532253470775684e-12,-0.04594113,-0.08830681,0.120743066,0.16237678
20220408_132957,0.22800808852561963,0.9994354844093323,7.506898574982657e-11,-0.021005161,-0.124896064,0.11218882,0.1766774
20220408_132958,0.23119845018640003,0.9912050366401672,1.6374041011957274e-10,0.011698407,-0.13022022,0.11721683,0.17556761
20220408_132958,0.2351888747565879,0.998813807964325,6.187654555400712e-11,-0.012944969,-0.13698815,0.118341446,0.18029298
20220408_132958,0.2290701333507961,1.0806092023849487,9.563481083441072e-12,-0.017970286,-0.13725714,0.11335245,0.17758842
20220408_132958,0.23948878890508327,1.1264251470565796,4.1383108745352004e-11,-0.04298083,-0.14007194,0.119226344,0.18590653
20220408_132958,0.24425929188076304,1.1473239660263062,1.2137789905108942e-11,-0.056489125,-0.14336407,0.12540658,0.1868877
20220408_132958,0.2405446706351672,1.0500223636627197,1.9398803743908566e-11,-0.012114495,-0.14446397,0.1201707,0.18490608
20220408_132959,0.2435336239103773,1.1324447393417358,1.0068188505130138e-09,-0.053416867,-0.14430083,0.1236604,0.18554278
20220408_132959,0.24365468425598524,1.0643959045410156,1.0676293182854124e-11,-0.04158663,-0.14810418,0.12078046,0.18845984
20220408_132959,0.22765982259041495,1.3006335496902466,1.1983834063977739e-11,-0.10273736,-0.059018753,0.14079861,0.15349914
20220408_132959,0.22725729593141725,1.1170475482940674,1.078616015948164e-11,-0.100898325,-0.031789295,0.14520155,0.14672534
20220408_132959,0.24580295895787033,1.011405110359192,1.231158230918794e-11,-0.018356645,-0.14641888,0.1194418,0.19075029
20220408_133000,0.2483265459792208,1.0535902976989746,1.1730787348451788e-11,-0.018310454,-0.16125669,0.115122445,0.1984677
20220408_133000,0.24507373656271234,1.1920160055160522,2.187671224729293e-11,-0.039698035,-0.14493537,0.1243342,0.18880527
20220408_133000,0.2452112018955136,1.0107752084732056,4.399062017435007e-11,-0.039745018,-0.14513355,0.11859733,0.19159722
20220408_133000,0.2353868438378228,1.0195155143737793,4.6709049822402093e-11,-0.020670647,-0.13045485,0.11699274,0.18100224
20220408_133000,0.23856411824741058,1.2026565074920654,7.118319822474461e-10,-0.0020973294,-0.132055,0.12097127,0.18097669
20220408_133000,0.2336225256295093,0.9755581021308899,5.53741844044886e-11,-0.007863164,-0.13431759,0.11419305,0.1808323
20220408_133001,0.21651985659512796,1.0377676486968994,3.0482760760008887e-10,-0.061729733,-0.054829568,0.1283437,0.14973904
20220408_133001,0.23518668118236483,1.009605884552002,1.169869756623143e-11,-0.031484377,-0.13100214,0.121186346,0.18022358
20220408_133001,0.24458575153682693,1.2498010396957397,9.81704717517573e-11,-0.034799084,-0.1476459,0.121566735,0.1904714
20220408_133001,0.2432132537106223,1.11809241771698,4.968503039548544e-11,-0.035127014,-0.1427942,0.12335713,0.18706514
20220408_133001,0.2678209130014538,1.14385986328125,8.061373790724247e-11,-0.09663579,-0.16105665,0.1450731,0.2001747
20220408_133002,0.2697967931126322,1.1263054609298706,6.12815700962166e-11,-0.09661547,-0.17432125,0.14035493,0.2068242
20220408_133002,0.29891467788254883,1.2239046096801758,1.2029134632829397e-11,-0.13595484,-0.18838754,0.16444932,0.2234624
20220408_133002,0.24166128523483857,1.1605908870697021,1.1225927826208348e-10,-0.06629574,-0.13167298,0.13004953,0.17965882
20220408_133002,0.23870503720345748,1.105411410331726,5.331780156270227e-11,-0.058979195,-0.12627126,0.12735617,0.17964056
20220408_133002,0.2508362354483633,1.07322096824646,2.857320803573149e-11,-0.034717336,-0.15484485,0.12212542,0.19665495
20220408_133002,0.23982755368386413,1.0551528930664062,1.6573818706344667e-10,-0.06104048,-0.13319163,0.12723286,0.1810298
20220408_133002,0.24882115831151938,1.2789690494537354,8.342217888701597e-11,-0.10029214,-0.12077758,0.14570026,0.17632522
20220408_133003,0.27148787605657365,1.112773060798645,1.2169361005009982e-11,-0.15171114,-0.116512164,0.17821032,0.17547658
20220408_133003,0.25215416605559043,1.2072715759277344,2.627863204818226e-11,-0.124293044,-0.09773432,0.16231634,0.16202335
20220408_133003,0.2645036939036113,1.1160718202590942,8.517760281823161e-12,-0.12428534,-0.12094031,0.16081177,0.18129942
20220408_133003,0.27496692719975624,1.051404356956482,1.4577099249901693e-10,-0.12174641,-0.1457549,0.16163482,0.19577838
20220408_133003,0.2719805508222536,1.0303393602371216,5.860919388700481e-11,-0.12244439,-0.15217234,0.16059835,0.19304837
20220408_133003,0.27479279951121455,1.258976697921753,1.761439952230326e-11,-0.12652548,-0.13855688,0.16524194,0.19219993
20220408_133004,0.26986638944087277,0.9892100691795349,1.2085180078891256e-11,-0.11500833,-0.14868018,0.15511417,0.19407701
20220408_133004,0.27544189252840284,1.1546794176101685,1.6267627522825734e-10,-0.09916306,-0.1646339,0.14928983,0.20601957
20220408_133004,0.27619739680770833,1.187592625617981,1.2140010351158192e-11,-0.11679025,-0.15642712,0.1571626,0.20049436
20220408_133004,0.2680377317463826,1.045465350151062,1.1793671074455947e-11,-0.105602175,-0.15329474,0.1521516,0.19496047
20220408_133004,0.2644143234918331,1.1619197130203247,5.576988523769977e-11,-0.10821502,-0.1438996,0.15320458,0.18961564
20220408_133005,0.272563102103333,1.07082998752594,1.2018990837303622e-11,-0.11405868,-0.1613709,0.1553643,0.1979077
20220408_133005,0.27817648027543923,1.2008843421936035,6.394930418540667e-11,-0.124677956,-0.15500048,0.16449586,0.19659619
20220408_133005,0.26588112598438707,1.0114552974700928,2.639058763187485e-11,-0.12010723,-0.13352989,0.1593422,0.18437925
20220408_133005,0.2715591952051359,1.1215163469314575,1.222346616286396e-11,-0.12047379,-0.15021577,0.15968974,0.19353472
20220408_133006,0.2736178096667046,1.119707465171814,1.2053867452788136e-11,-0.117864735,-0.15437311,0.15884542,0.19641794
20220408_133006,0.28241701980796985,1.2660056352615356,1.2253355448355041e-11,-0.13222177,-0.1649063,0.16794568,0.1996404
20220408_133006,0.27810676249582106,1.1827863454818726,1.1840513812477749e-11,-0.12714578,-0.16230762,0.16091989,0.2005798
20220408_133007,0.28191897610904204,1.1724282503128052,1.2354934783576077e-11,-0.13096267,-0.16257684,0.16650406,0.20109172
20220408_133007,0.27271091339244624,1.1623982191085815,1.2328944289097254e-11,-0.121708386,-0.15567605,0.15915488,0.19483177
