20220420_153208,1.802478816709038e-05,0.00037905434146523476,0.0,-7.6106794e-06,-1.1048293e-05,3.0063327358220704e-05,3.188562914147042e-05
20220420_153209,1.7483782978573092e-05,0.00037226578569971025,0.0,-6.9830553e-06,-1.0429382e-05,3.053143882425502e-05,3.606949758250266e-05
20220420_153209,1.7146972949244586e-05,0.0002535346429795027,0.0,-5.6630647e-06,-1.2277186e-05,3.54559306288138e-05,2.5167406420223415e-05
20220420_153209,1.7146972949244586e-05,0.0002535346429795027,0.0,-5.6630647e-06,-1.2277186e-05,3.54559306288138e-05,2.5167406420223415e-05
20220420_153209,1.8342024157541007e-05,0.00037408751086331904,0.0,-7.67007e-06,-1.1310963e-05,3.2244301110040396e-05,3.2136238587554544e-05
20220420_153209,1.8342024157541007e-05,0.00037408751086331904,0.0,-7.67007e-06,-1.1310963e-05,3.2244301110040396e-05,3.2136238587554544e-05
20220420_153209,1.605783591830295e-05,0.0002409006265224889,0.0,-4.9313653e-06,-1.119825e-05,3.4628781577339396e-05,2.890846189984586e-05
20220420_153209,1.6690024267974787e-05,0.00024445937015116215,0.0,-5.312152e-06,-1.1667093e-05,3.5515335184754804e-05,2.9315624487935565e-05
20220420_153209,1.8220711944560233e-05,0.0003883631725329906,0.0,-7.835652e-06,-1.1221021e-05,2.9377315513556823e-05,3.004204154422041e-05
20220420_153210,1.8102364321174907e-05,0.0003692230675369501,0.0,-7.5820562e-06,-1.1149521e-05,3.026156991836615e-05,3.2214829843724146e-05
20220420_153210,1.8102364321174907e-05,0.0003692230675369501,0.0,-7.5820562e-06,-1.1149521e-05,3.026156991836615e-05,3.2214829843724146e-05
20220420_153210,1.7930705160885964e-05,0.00037715124199166894,0.0,-7.2114585e-06,-1.1314452e-05,3.176404788973741e-05,2.9122487831045873e-05
20220420_153210,1.7930705160885964e-05,0.00037715124199166894,0.0,-7.2114585e-06,-1.1314452e-05,3.176404788973741e-05,2.9122487831045873e-05
20220420_153210,1.6514093488684145e-05,0.00024222912907134742,0.0,-5.5196847e-06,-1.1491981e-05,3.416461913730018e-05,2.7552596293389797e-05
20220420_153210,1.6514093488684145e-05,0.00024222912907134742,0.0,-5.5196847e-06,-1.1491981e-05,3.416461913730018e-05,2.7552596293389797e-05
20220420_153210,1.6821098416168753e-05,0.0002407188731012866,0.0,-5.5594137e-06,-1.1590104e-05,3.6092951631871983e-05,3.0142498872010037e-05
20220420_153210,1.6821098416168753e-05,0.0002407188731012866,0.0,-5.5594137e-06,-1.1590104e-05,3.6092951631871983e-05,3.0142498872010037e-05
20220420_153210,1.656886482781228e-05,0.0002323065127711743,0.0,-3.4518075e-06,-1.1824196e-05,8.725927182240412e-05,2.476945155649446e-05
20220420_153210,1.656886482781228e-05,0.0002323065127711743,0.0,-3.4518075e-06,-1.1824196e-05,8.725927182240412e-05,2.476945155649446e-05
20220420_153210,1.7855119962504788e-05,0.00038891893927939236,0.0,-7.2974904e-06,-1.1129813e-05,3.10267205350101e-05,2.9787805033265613e-05
20220420_153210,1.7855119962504788e-05,0.00038891893927939236,0.0,-7.2974904e-06,-1.1129813e-05,3.10267205350101e-05,2.9787805033265613e-05
20220420_153210,1.6559801395099738e-05,0.00023810385027900338,0.0,-5.0684544e-06,-1.1849567e-05,3.616834874264896e-05,2.6004858227679506e-05
20220420_153210,1.7880742698232665e-05,0.0004091445298399776,0.0,-7.389128e-06,-1.0828551e-05,3.075307540711947e-05,3.0953873647376895e-05
20220420_153211,1.7880742698232665e-05,0.0004091445298399776,0.0,-7.389128e-06,-1.0828551e-05,3.075307540711947e-05,3.0953873647376895e-05
20220420_153211,1.6664797017712725e-05,0.00025954667944461107,0.0,-5.416991e-06,-1.17557975e-05,3.274187110946514e-05,2.7159305318491533e-05
20220420_153211,1.6664797017712725e-05,0.00025954667944461107,0.0,-5.416991e-06,-1.17557975e-05,3.274187110946514e-05,2.7159305318491533e-05
20220420_153211,1.7408958375324362e-05,0.00025318862753920257,0.0,-5.900739e-06,-1.22963565e-05,3.4122782381018624e-05,2.6361836717114784e-05
20220420_153211,1.7929072011356036e-05,0.0003580212651286274,0.0,-7.430456e-06,-1.1085385e-05,3.0760409572394565e-05,3.2671410735929385e-05
20220420_153211,1.7929072011356036e-05,0.0003580212651286274,0.0,-7.430456e-06,-1.1085385e-05,3.0760409572394565e-05,3.2671410735929385e-05
20220420_153211,1.7292081086209676e-05,0.00023355029406957328,0.0,-5.6413537e-06,-1.2070064e-05,3.724434645846486e-05,2.9893364626332186e-05
20220420_153211,1.7292081086209676e-05,0.00023355029406957328,0.0,-5.6413537e-06,-1.2070064e-05,3.724434645846486e-05,2.9893364626332186e-05
20220420_153211,1.7292081086209676e-05,0.00023355029406957328,0.0,-5.6413537e-06,-1.2070064e-05,3.724434645846486e-05,2.9893364626332186e-05
20220420_153211,1.777636002897101e-05,0.00038589700125157833,0.0,-7.633594e-06,-1.1076029e-05,2.8746077077812515e-05,2.7742637030314654e-05
20220420_153211,1.777636002897101e-05,0.00038589700125157833,0.0,-7.633594e-06,-1.1076029e-05,2.8746077077812515e-05,2.7742637030314654e-05
20220420_153211,1.777636002897101e-05,0.00038589700125157833,0.0,-7.633594e-06,-1.1076029e-05,2.8746077077812515e-05,2.7742637030314654e-05
20220420_153211,1.778938345829992e-05,0.0003885034238919616,0.0,-7.274894e-06,-1.1148726e-05,3.160480264341459e-05,2.9059743610559963e-05
20220420_153211,1.778938345829992e-05,0.0003885034238919616,0.0,-7.274894e-06,-1.1148726e-05,3.160480264341459e-05,2.9059743610559963e-05
20220420_153211,1.778938345829992e-05,0.0003885034238919616,0.0,-7.274894e-06,-1.1148726e-05,3.160480264341459e-05,2.9059743610559963e-05
20220420_153211,1.814818295271217e-05,0.00036711347638629377,0.0,-7.726671e-06,-1.1435579e-05,2.9349112082854845e-05,2.9773334972560406e-05
20220420_153211,1.814818295271217e-05,0.00036711347638629377,0.0,-7.726671e-06,-1.1435579e-05,2.9349112082854845e-05,2.9773334972560406e-05
20220420_153211,1.7751944027099195e-05,0.00035661651054397225,0.0,-7.1939467e-06,-1.1165776e-05,3.151948476443067e-05,2.8305981686571613e-05
20220420_153212,1.7751944027099195e-05,0.00035661651054397225,0.0,-7.1939467e-06,-1.1165776e-05,3.151948476443067e-05,2.8305981686571613e-05
20220420_153212,1.7751944027099195e-05,0.00035661651054397225,0.0,-7.1939467e-06,-1.1165776e-05,3.151948476443067e-05,2.8305981686571613e-05
20220420_153212,1.8078685755367095e-05,0.0003905314370058477,0.0,-7.697786e-06,-1.11897925e-05,3.17667618219275e-05,2.9253551474539563e-05
20220420_153212,1.8078685755367095e-05,0.0003905314370058477,0.0,-7.697786e-06,-1.11897925e-05,3.17667618219275e-05,2.9253551474539563e-05
20220420_153212,1.8078685755367095e-05,0.0003905314370058477,0.0,-7.697786e-06,-1.11897925e-05,3.17667618219275e-05,2.9253551474539563e-05
20220420_153212,1.774910602637569e-05,0.00037967314710840583,0.0,-7.664186e-06,-1.06862035e-05,2.9938926672912203e-05,3.25504042848479e-05
20220420_153212,1.774910602637569e-05,0.00037967314710840583,0.0,-7.664186e-06,-1.06862035e-05,2.9938926672912203e-05,3.25504042848479e-05
20220420_153212,1.774910602637569e-05,0.00037967314710840583,0.0,-7.664186e-06,-1.06862035e-05,2.9938926672912203e-05,3.25504042848479e-05
20220420_153212,1.823282110662753e-05,0.00037332778447307646,0.0,-7.560808e-06,-1.123837e-05,3.196363468305208e-05,3.0978077120380476e-05
20220420_153212,1.823282110662753e-05,0.00037332778447307646,0.0,-7.560808e-06,-1.123837e-05,3.196363468305208e-05,3.0978077120380476e-05
20220420_153212,1.823282110662753e-05,0.00037332778447307646,0.0,-7.560808e-06,-1.123837e-05,3.196363468305208e-05,3.0978077120380476e-05
20220420_153212,1.8012747902965717e-05,0.0003925119817722589,0.0,-7.315108e-06,-1.1058949e-05,3.3246000384679064e-05,3.2345538784284145e-05
20220420_153212,1.8012747902965717e-05,0.0003925119817722589,0.0,-7.315108e-06,-1.1058949e-05,3.3246000384679064e-05,3.2345538784284145e-05
20220420_153212,1.8012747902965717e-05,0.0003925119817722589,0.0,-7.315108e-06,-1.1058949e-05,3.3246000384679064e-05,3.2345538784284145e-05
20220420_153212,1.8012747902965717e-05,0.0003925119817722589,0.0,-7.315108e-06,-1.1058949e-05,3.3246000384679064e-05,3.2345538784284145e-05
20220420_153212,1.7822140195760667e-05,0.0003595889138523489,0.0,-7.4954796e-06,-1.0950354e-05,3.1025650969240814e-05,3.161962376907468e-05
20220420_153212,1.7822140195760667e-05,0.0003595889138523489,0.0,-7.4954796e-06,-1.0950354e-05,3.1025650969240814e-05,3.161962376907468e-05
20220420_153212,1.827639146850295e-05,0.00031865519122220576,0.0,-6.1214164e-06,-1.33303265e-05,3.4024873457383364e-05,2.4159196982509457e-05
20220420_153212,1.827639146850295e-05,0.00031865519122220576,0.0,-6.1214164e-06,-1.33303265e-05,3.4024873457383364e-05,2.4159196982509457e-05
20220420_153212,1.827639146850295e-05,0.00031865519122220576,0.0,-6.1214164e-06,-1.33303265e-05,3.4024873457383364e-05,2.4159196982509457e-05
20220420_153212,1.8195829319986885e-05,0.00038783831405453384,0.0,-7.662957e-06,-1.1531567e-05,3.112695412710309e-05,2.7561736715142615e-05
20220420_153212,1.8195829319986885e-05,0.00038783831405453384,0.0,-7.662957e-06,-1.1531567e-05,3.112695412710309e-05,2.7561736715142615e-05
20220420_153212,1.8195829319986885e-05,0.00038783831405453384,0.0,-7.662957e-06,-1.1531567e-05,3.112695412710309e-05,2.7561736715142615e-05
20220420_153213,1.7839419721235384e-05,0.0003790518385358155,0.0,-7.4178038e-06,-1.0958e-05,2.9884407922509126e-05,2.965845851576887e-05
20220420_153213,1.7839419721235384e-05,0.0003790518385358155,0.0,-7.4178038e-06,-1.0958e-05,2.9884407922509126e-05,2.965845851576887e-05
20220420_153213,1.7839419721235384e-05,0.0003790518385358155,0.0,-7.4178038e-06,-1.0958e-05,2.9884407922509126e-05,2.965845851576887e-05
20220420_153213,1.6774092242619358e-05,0.00024427883909083903,0.0,-5.4283955e-06,-1.2060431e-05,3.533600101945922e-05,2.2195874407771043e-05
20220420_153213,1.6774092242619358e-05,0.00024427883909083903,0.0,-5.4283955e-06,-1.2060431e-05,3.533600101945922e-05,2.2195874407771043e-05
20220420_153213,1.6774092242619358e-05,0.00024427883909083903,0.0,-5.4283955e-06,-1.2060431e-05,3.533600101945922e-05,2.2195874407771043e-05
20220420_153213,1.848807447040147e-05,0.00038386418600566685,0.0,-7.6055317e-06,-1.1619578e-05,3.222035593353212e-05,3.0503577363560908e-05
20220420_153213,1.848807447040147e-05,0.00038386418600566685,0.0,-7.6055317e-06,-1.1619578e-05,3.222035593353212e-05,3.0503577363560908e-05
20220420_153213,1.848807447040147e-05,0.00038386418600566685,0.0,-7.6055317e-06,-1.1619578e-05,3.222035593353212e-05,3.0503577363560908e-05
20220420_153213,1.823474051716025e-05,0.00036511931102722883,0.0,-7.654388e-06,-1.1703739e-05,2.8813274184358306e-05,2.7711652364814654e-05
20220420_153213,1.823474051716025e-05,0.00036511931102722883,0.0,-7.654388e-06,-1.1703739e-05,2.8813274184358306e-05,2.7711652364814654e-05
20220420_153213,1.823474051716025e-05,0.00036511931102722883,0.0,-7.654388e-06,-1.1703739e-05,2.8813274184358306e-05,2.7711652364814654e-05
20220420_153213,1.7692942943396605e-05,0.0003905610356014222,0.0,-7.1984027e-06,-1.0934142e-05,3.169542469549924e-05,3.2439103961223736e-05
20220420_153213,1.7692942943396605e-05,0.0003905610356014222,0.0,-7.1984027e-06,-1.0934142e-05,3.169542469549924e-05,3.2439103961223736e-05
20220420_153213,1.7692942943396605e-05,0.0003905610356014222,0.0,-7.1984027e-06,-1.0934142e-05,3.169542469549924e-05,3.2439103961223736e-05
20220420_153213,1.7625825974289952e-05,0.00037564581725746393,0.0,-7.113897e-06,-1.0730676e-05,3.177120379405096e-05,3.2376436138292775e-05
20220420_153213,1.7625825974289952e-05,0.00037564581725746393,0.0,-7.113897e-06,-1.0730676e-05,3.177120379405096e-05,3.2376436138292775e-05
20220420_153213,1.7625825974289952e-05,0.00037564581725746393,0.0,-7.113897e-06,-1.0730676e-05,3.177120379405096e-05,3.2376436138292775e-05
20220420_153213,1.6632051359032942e-05,0.0002447539591230452,0.0,-5.447425e-06,-1.1563061e-05,3.517443110467866e-05,2.7716894692275673e-05
20220420_153213,1.6632051359032942e-05,0.0002447539591230452,0.0,-5.447425e-06,-1.1563061e-05,3.517443110467866e-05,2.7716894692275673e-05
20220420_153213,1.6632051359032942e-05,0.0002447539591230452,0.0,-5.447425e-06,-1.1563061e-05,3.517443110467866e-05,2.7716894692275673e-05
20220420_153213,1.866119575918434e-05,0.0004038555489387363,0.0,-8.0435175e-06,-1.13314045e-05,3.1942508940119296e-05,3.1226107239490375e-05
20220420_153214,1.866119575918434e-05,0.0004038555489387363,0.0,-8.0435175e-06,-1.13314045e-05,3.1942508940119296e-05,3.1226107239490375e-05
20220420_153214,1.8568926004957486e-05,0.00037160346983000636,0.0,-7.782284e-06,-1.17998725e-05,3.213268064428121e-05,2.7427811801317148e-05
20220420_153214,1.8568926004957486e-05,0.00037160346983000636,0.0,-7.782284e-06,-1.17998725e-05,3.213268064428121e-05,2.7427811801317148e-05
20220420_153214,1.8568926004957486e-05,0.00037160346983000636,0.0,-7.782284e-06,-1.17998725e-05,3.213268064428121e-05,2.7427811801317148e-05
20220420_153214,1.6286613580180713e-05,0.00024801725521683693,0.0,-3.8054159e-06,-1.2022621e-05,3.606415702961385e-05,2.2815966076450422e-05
20220420_153214,1.6286613580180713e-05,0.00024801725521683693,0.0,-3.8054159e-06,-1.2022621e-05,3.606415702961385e-05,2.2815966076450422e-05
20220420_153214,1.6286613580180713e-05,0.00024801725521683693,0.0,-3.8054159e-06,-1.2022621e-05,3.606415702961385e-05,2.2815966076450422e-05
20220420_153214,1.670026366671991e-05,0.00025070030824281275,0.0,-5.223468e-06,-1.1911421e-05,3.503926200210117e-05,2.691682311706245e-05
20220420_153214,1.670026366671991e-05,0.00025070030824281275,0.0,-5.223468e-06,-1.1911421e-05,3.503926200210117e-05,2.691682311706245e-05
20220420_153214,1.670026366671991e-05,0.00025070030824281275,0.0,-5.223468e-06,-1.1911421e-05,3.503926200210117e-05,2.691682311706245e-05
20220420_153214,1.8435570539282196e-05,0.0003833096125163138,0.0,-7.838161e-06,-1.14964605e-05,3.0487910407828167e-05,2.9098768209223635e-05
20220420_153214,1.8435570539282196e-05,0.0003833096125163138,0.0,-7.838161e-06,-1.14964605e-05,3.0487910407828167e-05,2.9098768209223635e-05
20220420_153214,1.8435570539282196e-05,0.0003833096125163138,0.0,-7.838161e-06,-1.14964605e-05,3.0487910407828167e-05,2.9098768209223635e-05
20220420_153214,1.824515632001531e-05,0.0003241365193389356,0.0,-6.2252075e-06,-1.3125222e-05,3.689611912705004e-05,2.507106364646461e-05
20220420_153214,1.824515632001531e-05,0.0003241365193389356,0.0,-6.2252075e-06,-1.3125222e-05,3.689611912705004e-05,2.507106364646461e-05
20220420_153214,1.824515632001531e-05,0.0003241365193389356,0.0,-6.2252075e-06,-1.3125222e-05,3.689611912705004e-05,2.507106364646461e-05
20220420_153214,1.6457893778161594e-05,0.00024278867931570858,0.0,-4.9101645e-06,-1.16936135e-05,3.683154136524536e-05,2.8074748115614057e-05
20220420_153214,1.6457893778161594e-05,0.00024278867931570858,0.0,-4.9101645e-06,-1.16936135e-05,3.683154136524536e-05,2.8074748115614057e-05
20220420_153214,1.6457893778161594e-05,0.00024278867931570858,0.0,-4.9101645e-06,-1.16936135e-05,3.683154136524536e-05,2.8074748115614057e-05
20220420_153215,1.79675271551468e-05,0.00039561232551932335,0.0,-7.434595e-06,-1.1100008e-05,3.067120269406587e-05,3.0024448278709315e-05
20220420_153215,1.79675271551468e-05,0.00039561232551932335,0.0,-7.434595e-06,-1.1100008e-05,3.067120269406587e-05,3.0024448278709315e-05
20220420_153215,1.79675271551468e-05,0.00039561232551932335,0.0,-7.434595e-06,-1.1100008e-05,3.067120269406587e-05,3.0024448278709315e-05
20220420_153215,1.794400997112142e-05,0.0003926649806089699,0.0,-7.74555e-06,-1.064562e-05,2.98547438433161e-05,3.469385774224065e-05
20220420_153215,1.794400997112142e-05,0.0003926649806089699,0.0,-7.74555e-06,-1.064562e-05,2.98547438433161e-05,3.469385774224065e-05
20220420_153215,1.794400997112142e-05,0.0003926649806089699,0.0,-7.74555e-06,-1.064562e-05,2.98547438433161e-05,3.469385774224065e-05
20220420_153215,1.7083688290060017e-05,0.0002451041364111006,0.0,-5.706676e-06,-1.1952117e-05,3.5045984986936674e-05,2.808791396091692e-05
20220420_153215,1.7083688290060017e-05,0.0002451041364111006,0.0,-5.706676e-06,-1.1952117e-05,3.5045984986936674e-05,2.808791396091692e-05
20220420_153215,1.7083688290060017e-05,0.0002451041364111006,0.0,-5.706676e-06,-1.1952117e-05,3.5045984986936674e-05,2.808791396091692e-05
20220420_153215,1.6604381028685633e-05,0.00024498620769008994,0.0,-5.1318816e-06,-1.1812689e-05,3.562973870430142e-05,2.6002575395978056e-05
20220420_153215,1.6604381028685633e-05,0.00024498620769008994,0.0,-5.1318816e-06,-1.1812689e-05,3.562973870430142e-05,2.6002575395978056e-05
20220420_153215,1.6604381028685633e-05,0.00024498620769008994,0.0,-5.1318816e-06,-1.1812689e-05,3.562973870430142e-05,2.6002575395978056e-05
20220420_153215,1.6319509182288727e-05,0.00025135144824162126,0.0,-5.254166e-06,-1.1385115e-05,3.4856984711950645e-05,2.78150437225122e-05
20220420_153215,1.6319509182288727e-05,0.00025135144824162126,0.0,-5.254166e-06,-1.1385115e-05,3.4856984711950645e-05,2.78150437225122e-05
20220420_153215,1.828213661577193e-05,0.0003926557255908847,0.0,-7.47018e-06,-1.1469014e-05,3.2459633075632155e-05,2.9898708817199804e-05
20220420_153215,1.828213661577193e-05,0.0003926557255908847,0.0,-7.47018e-06,-1.1469014e-05,3.2459633075632155e-05,2.9898708817199804e-05
20220420_153215,1.828213661577193e-05,0.0003926557255908847,0.0,-7.47018e-06,-1.1469014e-05,3.2459633075632155e-05,2.9898708817199804e-05
20220420_153215,1.828213661577193e-05,0.0003926557255908847,0.0,-7.47018e-06,-1.1469014e-05,3.2459633075632155e-05,2.9898708817199804e-05
20220420_153215,1.8197424967670536e-05,0.0003882578166667372,0.0,-7.737811e-06,-1.0944575e-05,3.204761742381379e-05,3.435179314692505e-05
20220420_153215,1.8197424967670536e-05,0.0003882578166667372,0.0,-7.737811e-06,-1.0944575e-05,3.204761742381379e-05,3.435179314692505e-05
20220420_153215,1.8197424967670536e-05,0.0003882578166667372,0.0,-7.737811e-06,-1.0944575e-05,3.204761742381379e-05,3.435179314692505e-05
20220420_153215,1.7941437000624723e-05,0.00036848007584922016,0.0,-7.3879214e-06,-1.137657e-05,3.120578548987396e-05,2.8085421945434064e-05
20220420_153216,1.7941437000624723e-05,0.00036848007584922016,0.0,-7.3879214e-06,-1.137657e-05,3.120578548987396e-05,2.8085421945434064e-05
20220420_153216,1.7941437000624723e-05,0.00036848007584922016,0.0,-7.3879214e-06,-1.137657e-05,3.120578548987396e-05,2.8085421945434064e-05
20220420_153216,1.810283362521807e-05,0.000299088133033365,0.0,-5.9118374e-06,-1.2981658e-05,3.668024146463722e-05,2.775206303340383e-05
20220420_153216,1.810283362521807e-05,0.000299088133033365,0.0,-5.9118374e-06,-1.2981658e-05,3.668024146463722e-05,2.775206303340383e-05
20220420_153216,1.810283362521807e-05,0.000299088133033365,0.0,-5.9118374e-06,-1.2981658e-05,3.668024146463722e-05,2.775206303340383e-05
20220420_153216,1.6597201951581997e-05,0.00024199552717618644,0.0,-5.2616247e-06,-1.1713903e-05,3.407264011912048e-05,2.6687659556046128e-05
20220420_153216,1.6597201951581997e-05,0.00024199552717618644,0.0,-5.2616247e-06,-1.1713903e-05,3.407264011912048e-05,2.6687659556046128e-05
20220420_153216,1.6597201951581997e-05,0.00024199552717618644,0.0,-5.2616247e-06,-1.1713903e-05,3.407264011912048e-05,2.6687659556046128e-05
20220420_153216,1.7402952626723585e-05,0.0002390445297351107,0.0,-5.9253944e-06,-1.2119203e-05,3.574889342417009e-05,2.7315240004099905e-05
20220420_153216,1.7402952626723585e-05,0.0002390445297351107,0.0,-5.9253944e-06,-1.2119203e-05,3.574889342417009e-05,2.7315240004099905e-05
20220420_153216,1.816012905011653e-05,0.0003980844630859792,0.0,-7.506989e-06,-1.1611162e-05,3.0709034035680816e-05,2.677794145711232e-05
20220420_153216,1.816012905011653e-05,0.0003980844630859792,0.0,-7.506989e-06,-1.1611162e-05,3.0709034035680816e-05,2.677794145711232e-05
20220420_153216,1.816012905011653e-05,0.0003980844630859792,0.0,-7.506989e-06,-1.1611162e-05,3.0709034035680816e-05,2.677794145711232e-05
20220420_153216,1.816012905011653e-05,0.0003980844630859792,0.0,-7.506989e-06,-1.1611162e-05,3.0709034035680816e-05,2.677794145711232e-05
20220420_153216,1.8343034439381665e-05,0.000395341485273093,0.0,-7.68285e-06,-1.157335e-05,3.132936035399325e-05,2.910337207140401e-05
20220420_153216,1.8343034439381665e-05,0.000395341485273093,0.0,-7.68285e-06,-1.157335e-05,3.132936035399325e-05,2.910337207140401e-05
20220420_153216,1.8343034439381665e-05,0.000395341485273093,0.0,-7.68285e-06,-1.157335e-05,3.132936035399325e-05,2.910337207140401e-05
20220420_153216,1.980546223767937e-05,0.0003801459679380059,0.0,-8.268936e-06,-1.3017602e-05,3.42183921020478e-05,2.6925723432214e-05
20220420_153216,1.980546223767937e-05,0.0003801459679380059,0.0,-8.268936e-06,-1.3017602e-05,3.42183921020478e-05,2.6925723432214e-05
20220420_153216,1.980546223767937e-05,0.0003801459679380059,0.0,-8.268936e-06,-1.3017602e-05,3.42183921020478e-05,2.6925723432214e-05
20220420_153216,1.7937677569335066e-05,0.0003757870872505009,0.0,-7.1081267e-06,-1.16160345e-05,3.0161538234096952e-05,2.7053871235693805e-05
20220420_153216,1.7937677569335066e-05,0.0003757870872505009,0.0,-7.1081267e-06,-1.16160345e-05,3.0161538234096952e-05,2.7053871235693805e-05
20220420_153217,1.7937677569335066e-05,0.0003757870872505009,0.0,-7.1081267e-06,-1.16160345e-05,3.0161538234096952e-05,2.7053871235693805e-05
20220420_153217,1.6488630270777045e-05,0.00024924238095991313,0.0,-5.338105e-06,-1.1619604e-05,3.512985131237656e-05,2.6635403628461063e-05
20220420_153217,1.6488630270777045e-05,0.00024924238095991313,0.0,-5.338105e-06,-1.1619604e-05,3.512985131237656e-05,2.6635403628461063e-05
20220420_153217,1.6488630270777045e-05,0.00024924238095991313,0.0,-5.338105e-06,-1.1619604e-05,3.512985131237656e-05,2.6635403628461063e-05
20220420_153217,1.764525859413407e-05,0.00036090711364522576,0.0,-6.975841e-06,-1.121835e-05,3.14638382405974e-05,2.9358941901591606e-05
20220420_153217,1.764525859413407e-05,0.00036090711364522576,0.0,-6.975841e-06,-1.121835e-05,3.14638382405974e-05,2.9358941901591606e-05
20220420_153217,1.764525859413407e-05,0.00036090711364522576,0.0,-6.975841e-06,-1.121835e-05,3.14638382405974e-05,2.9358941901591606e-05
20220420_153217,1.8274505199284392e-05,0.0003808201290667057,0.0,-7.873813e-06,-1.13729e-05,3.0186240110197105e-05,2.9625654860865325e-05
20220420_153217,1.8274505199284392e-05,0.0003808201290667057,0.0,-7.873813e-06,-1.13729e-05,3.0186240110197105e-05,2.9625654860865325e-05
20220420_153217,1.8274505199284392e-05,0.0003808201290667057,0.0,-7.873813e-06,-1.13729e-05,3.0186240110197105e-05,2.9625654860865325e-05
20220420_153217,1.814273696327485e-05,0.0004066911933477968,0.0,-7.484386e-06,-1.1143993e-05,2.982661681016907e-05,3.1625768315279856e-05
20220420_153217,1.814273696327485e-05,0.0004066911933477968,0.0,-7.484386e-06,-1.1143993e-05,2.982661681016907e-05,3.1625768315279856e-05
20220420_153217,1.814273696327485e-05,0.0004066911933477968,0.0,-7.484386e-06,-1.1143993e-05,2.982661681016907e-05,3.1625768315279856e-05
20220420_153217,1.814273696327485e-05,0.0004066911933477968,0.0,-7.484386e-06,-1.1143993e-05,2.982661681016907e-05,3.1625768315279856e-05
20220420_153217,1.791315506327877e-05,0.0003777973761316389,0.0,-7.564459e-06,-1.101258e-05,3.284235208411701e-05,3.0762636015424505e-05
20220420_153217,1.791315506327877e-05,0.0003777973761316389,0.0,-7.564459e-06,-1.101258e-05,3.284235208411701e-05,3.0762636015424505e-05
20220420_153217,1.6766796128027464e-05,0.0002464981225784868,0.0,-5.3008816e-06,-1.1956534e-05,3.538224336807616e-05,2.6945148420054466e-05
20220420_153217,1.6766796128027464e-05,0.0002464981225784868,0.0,-5.3008816e-06,-1.1956534e-05,3.538224336807616e-05,2.6945148420054466e-05
20220420_153217,1.6766796128027464e-05,0.0002464981225784868,0.0,-5.3008816e-06,-1.1956534e-05,3.538224336807616e-05,2.6945148420054466e-05
20220420_153217,1.746136961427827e-05,0.0003765852889046073,0.0,-7.086297e-06,-1.0929982e-05,3.131414268864319e-05,2.812423372233752e-05
20220420_153218,1.746136961427827e-05,0.0003765852889046073,0.0,-7.086297e-06,-1.0929982e-05,3.131414268864319e-05,2.812423372233752e-05
20220420_153218,1.746136961427827e-05,0.0003765852889046073,0.0,-7.086297e-06,-1.0929982e-05,3.131414268864319e-05,2.812423372233752e-05
20220420_153218,1.78906057438235e-05,0.000359479570761323,0.0,-7.455599e-06,-1.0972777e-05,3.076045322814025e-05,3.167999966535717e-05
20220420_153218,1.78906057438235e-05,0.000359479570761323,0.0,-7.455599e-06,-1.0972777e-05,3.076045322814025e-05,3.167999966535717e-05
20220420_153218,1.78906057438235e-05,0.000359479570761323,0.0,-7.455599e-06,-1.0972777e-05,3.076045322814025e-05,3.167999966535717e-05
20220420_153218,1.8128963148373265e-05,0.00038412390858866274,0.0,-7.630086e-06,-1.1445089e-05,3.078186637139879e-05,2.855951606761664e-05
20220420_153218,1.8128963148373265e-05,0.00038412390858866274,0.0,-7.630086e-06,-1.1445089e-05,3.078186637139879e-05,2.855951606761664e-05
20220420_153218,1.8128963148373265e-05,0.00038412390858866274,0.0,-7.630086e-06,-1.1445089e-05,3.078186637139879e-05,2.855951606761664e-05
20220420_153218,1.739547718596956e-05,0.00036914326483383775,0.0,-7.020123e-06,-1.0871894e-05,3.2183332223212346e-05,3.0474906452582218e-05
20220420_153218,1.739547718596956e-05,0.00036914326483383775,0.0,-7.020123e-06,-1.0871894e-05,3.2183332223212346e-05,3.0474906452582218e-05
20220420_153218,1.739547718596956e-05,0.00036914326483383775,0.0,-7.020123e-06,-1.0871894e-05,3.2183332223212346e-05,3.0474906452582218e-05
20220420_153218,1.678601222927996e-05,0.00024966042838059366,0.0,-5.5952237e-06,-1.1952443e-05,3.360195114510134e-05,2.4062639568001032e-05
20220420_153218,1.678601222927996e-05,0.00024966042838059366,0.0,-5.5952237e-06,-1.1952443e-05,3.360195114510134e-05,2.4062639568001032e-05
20220420_153218,1.678601222927996e-05,0.00024966042838059366,0.0,-5.5952237e-06,-1.1952443e-05,3.360195114510134e-05,2.4062639568001032e-05
20220420_153218,1.6610553492082694e-05,0.00024287209089379758,0.0,-5.2026344e-06,-1.1946939e-05,3.4744778531603515e-05,2.4272547307191417e-05
20220420_153218,1.6610553492082694e-05,0.00024287209089379758,0.0,-5.2026344e-06,-1.1946939e-05,3.4744778531603515e-05,2.4272547307191417e-05
20220420_153218,1.6610553492082694e-05,0.00024287209089379758,0.0,-5.2026344e-06,-1.1946939e-05,3.4744778531603515e-05,2.4272547307191417e-05
20220420_153218,1.955530310224051e-05,0.0003942515468224883,0.0,-7.857427e-06,-1.3062955e-05,3.267081410740502e-05,2.6084821001859382e-05
20220420_153218,1.955530310224051e-05,0.0003942515468224883,0.0,-7.857427e-06,-1.3062955e-05,3.267081410740502e-05,2.6084821001859382e-05
20220420_153218,1.955530310224051e-05,0.0003942515468224883,0.0,-7.857427e-06,-1.3062955e-05,3.267081410740502e-05,2.6084821001859382e-05
20220420_153218,1.7730347679967378e-05,0.00037637053173966706,0.0,-7.156725e-06,-1.1190777e-05,3.031558844668325e-05,2.8948195904376917e-05
20220420_153218,1.7730347679967378e-05,0.00037637053173966706,0.0,-7.156725e-06,-1.1190777e-05,3.031558844668325e-05,2.8948195904376917e-05
20220420_153219,1.7730347679967378e-05,0.00037637053173966706,0.0,-7.156725e-06,-1.1190777e-05,3.031558844668325e-05,2.8948195904376917e-05
20220420_153219,1.7904336298176688e-05,0.0003680647350847721,0.0,-7.4647674e-06,-1.0970908e-05,3.1270126783056185e-05,3.362651477800682e-05
20220420_153219,1.7904336298176688e-05,0.0003680647350847721,0.0,-7.4647674e-06,-1.0970908e-05,3.1270126783056185e-05,3.362651477800682e-05
20220420_153219,1.7904336298176688e-05,0.0003680647350847721,0.0,-7.4647674e-06,-1.0970908e-05,3.1270126783056185e-05,3.362651477800682e-05
20220420_153219,1.8011766494095355e-05,0.0003691233869176358,0.0,-7.503745e-06,-1.1179218e-05,3.0468914701486938e-05,3.1757328542880714e-05
20220420_153219,1.8011766494095355e-05,0.0003691233869176358,0.0,-7.503745e-06,-1.1179218e-05,3.0468914701486938e-05,3.1757328542880714e-05
20220420_153219,1.8011766494095355e-05,0.0003691233869176358,0.0,-7.503745e-06,-1.1179218e-05,3.0468914701486938e-05,3.1757328542880714e-05
20220420_153219,1.641582558283693e-05,0.00024317689531017095,0.0,-5.1413285e-06,-1.1722574e-05,3.4200522350147367e-05,2.5906285372911952e-05
20220420_153219,1.641582558283693e-05,0.00024317689531017095,0.0,-5.1413285e-06,-1.1722574e-05,3.4200522350147367e-05,2.5906285372911952e-05
20220420_153219,1.641582558283693e-05,0.00024317689531017095,0.0,-5.1413285e-06,-1.1722574e-05,3.4200522350147367e-05,2.5906285372911952e-05
20220420_153219,1.8345456281886316e-05,0.00037041486939415336,0.0,-7.684567e-06,-1.18033595e-05,2.9845128665328957e-05,2.7203725039726123e-05
20220420_153219,1.8345456281886316e-05,0.00037041486939415336,0.0,-7.684567e-06,-1.18033595e-05,2.9845128665328957e-05,2.7203725039726123e-05
20220420_153219,1.7886910647773e-05,0.0003842028381768614,0.0,-7.3669216e-06,-1.107447e-05,3.232144081266597e-05,2.995511022163555e-05
20220420_153219,1.7886910647773e-05,0.0003842028381768614,0.0,-7.3669216e-06,-1.107447e-05,3.232144081266597e-05,2.995511022163555e-05
20220420_153219,1.7886910647773e-05,0.0003842028381768614,0.0,-7.3669216e-06,-1.107447e-05,3.232144081266597e-05,2.995511022163555e-05
20220420_153219,1.6303799257090595e-05,0.00024018404656089842,0.0,-4.996474e-06,-1.1443707e-05,3.4947635867865756e-05,2.7752266760217026e-05
20220420_153219,1.6303799257090595e-05,0.00024018404656089842,0.0,-4.996474e-06,-1.1443707e-05,3.4947635867865756e-05,2.7752266760217026e-05
20220420_153219,1.6303799257090595e-05,0.00024018404656089842,0.0,-4.996474e-06,-1.1443707e-05,3.4947635867865756e-05,2.7752266760217026e-05
20220420_153219,1.830763126417778e-05,0.00037819420685991645,0.0,-7.730159e-06,-1.1603789e-05,3.0984821933088824e-05,2.7441008569439873e-05
20220420_153219,1.830763126417778e-05,0.00037819420685991645,0.0,-7.730159e-06,-1.1603789e-05,3.0984821933088824e-05,2.7441008569439873e-05
20220420_153219,1.830763126417778e-05,0.00037819420685991645,0.0,-7.730159e-06,-1.1603789e-05,3.0984821933088824e-05,2.7441008569439873e-05
20220420_153219,1.836705182116664e-05,0.0003875317925121635,0.0,-7.721471e-06,-1.1331175e-05,3.0715651519130915e-05,3.153843863401562e-05
20220420_153220,1.836705182116664e-05,0.0003875317925121635,0.0,-7.721471e-06,-1.1331175e-05,3.0715651519130915e-05,3.153843863401562e-05
20220420_153220,1.836705182116664e-05,0.0003875317925121635,0.0,-7.721471e-06,-1.1331175e-05,3.0715651519130915e-05,3.153843863401562e-05
20220420_153220,1.8104573718249362e-05,0.00037365988828241825,0.0,-7.531303e-06,-1.11302625e-05,2.971180947497487e-05,3.1390351068694144e-05
20220420_153220,1.8104573718249362e-05,0.00037365988828241825,0.0,-7.531303e-06,-1.11302625e-05,2.971180947497487e-05,3.1390351068694144e-05
20220420_153220,1.8104573718249362e-05,0.00037365988828241825,0.0,-7.531303e-06,-1.11302625e-05,2.971180947497487e-05,3.1390351068694144e-05
20220420_153220,1.7739333464529845e-05,0.00036878499668091536,0.0,-7.6278848e-06,-1.0705547e-05,3.099755849689245e-05,3.223810563213192e-05
20220420_153220,1.7739333464529845e-05,0.00036878499668091536,0.0,-7.6278848e-06,-1.0705547e-05,3.099755849689245e-05,3.223810563213192e-05
20220420_153220,1.5149061532834738e-05,0.00024734699400141835,0.0,-3.6678107e-06,-1.0144424e-05,5.4179326980374753e-05,3.56768214260228e-05
20220420_153220,1.5149061532834738e-05,0.00024734699400141835,0.0,-3.6678107e-06,-1.0144424e-05,5.4179326980374753e-05,3.56768214260228e-05
20220420_153220,1.5149061532834738e-05,0.00024734699400141835,0.0,-3.6678107e-06,-1.0144424e-05,5.4179326980374753e-05,3.56768214260228e-05
20220420_153220,1.825065629169323e-05,0.0003760585095733404,0.0,-7.6024717e-06,-1.123834e-05,3.316960282973014e-05,3.2723586627980694e-05
20220420_153220,1.825065629169323e-05,0.0003760585095733404,0.0,-7.6024717e-06,-1.123834e-05,3.316960282973014e-05,3.2723586627980694e-05
20220420_153220,1.825065629169323e-05,0.0003760585095733404,0.0,-7.6024717e-06,-1.123834e-05,3.316960282973014e-05,3.2723586627980694e-05
20220420_153220,1.788873405960398e-05,0.00037811545189470053,0.0,-7.180709e-06,-1.1388678e-05,3.1426250643562526e-05,2.8073562134522945e-05
20220420_153220,1.788873405960398e-05,0.00037811545189470053,0.0,-7.180709e-06,-1.1388678e-05,3.1426250643562526e-05,2.8073562134522945e-05
20220420_153220,1.879008237966057e-05,0.0003764061548281461,0.0,-7.969002e-06,-1.1931957e-05,3.133039717795327e-05,2.9342489142436534e-05
20220420_153220,1.879008237966057e-05,0.0003764061548281461,0.0,-7.969002e-06,-1.1931957e-05,3.133039717795327e-05,2.9342489142436534e-05
20220420_153220,1.879008237966057e-05,0.0003764061548281461,0.0,-7.969002e-06,-1.1931957e-05,3.133039717795327e-05,2.9342489142436534e-05
20220420_153220,1.879008237966057e-05,0.0003764061548281461,0.0,-7.969002e-06,-1.1931957e-05,3.133039717795327e-05,2.9342489142436534e-05
20220420_153220,1.8096173066978843e-05,0.00038234228850342333,0.0,-7.565538e-06,-1.120061e-05,3.0741608497919515e-05,3.0416695153689943e-05
20220420_153220,1.8096173066978843e-05,0.00038234228850342333,0.0,-7.565538e-06,-1.120061e-05,3.0741608497919515e-05,3.0416695153689943e-05
20220420_153221,1.8096173066978843e-05,0.00038234228850342333,0.0,-7.565538e-06,-1.120061e-05,3.0741608497919515e-05,3.0416695153689943e-05
20220420_153221,1.657838542879631e-05,0.00023665072512812912,0.0,-5.198905e-06,-1.1927948e-05,3.381925489520654e-05,2.434873749734834e-05
20220420_153221,1.657838542879631e-05,0.00023665072512812912,0.0,-5.198905e-06,-1.1927948e-05,3.381925489520654e-05,2.434873749734834e-05
20220420_153221,1.657838542879631e-05,0.00023665072512812912,0.0,-5.198905e-06,-1.1927948e-05,3.381925489520654e-05,2.434873749734834e-05
20220420_153221,1.6807330430181227e-05,0.0002477187954355031,0.0,-5.415644e-06,-1.1985393e-05,3.528556044329889e-05,2.5230041501345113e-05
20220420_153221,1.6807330430181227e-05,0.0002477187954355031,0.0,-5.415644e-06,-1.1985393e-05,3.528556044329889e-05,2.5230041501345113e-05
20220420_153221,1.6807330430181227e-05,0.0002477187954355031,0.0,-5.415644e-06,-1.1985393e-05,3.528556044329889e-05,2.5230041501345113e-05
20220420_153221,1.639783558144219e-05,0.0002451390027999878,0.0,-5.090021e-06,-1.1687207e-05,3.428469426580705e-05,2.545957249822095e-05
20220420_153221,1.639783558144219e-05,0.0002451390027999878,0.0,-5.090021e-06,-1.1687207e-05,3.428469426580705e-05,2.545957249822095e-05
20220420_153221,1.678847650651917e-05,0.0002526562020648271,0.0,-5.152791e-06,-1.2053287e-05,3.603900040616281e-05,2.6836898541660048e-05
20220420_153221,1.678847650651917e-05,0.0002526562020648271,0.0,-5.152791e-06,-1.2053287e-05,3.603900040616281e-05,2.6836898541660048e-05
20220420_153221,1.678847650651917e-05,0.0002526562020648271,0.0,-5.152791e-06,-1.2053287e-05,3.603900040616281e-05,2.6836898541660048e-05
20220420_153221,1.644529878773303e-05,0.0002530836791265756,0.0,-5.051509e-06,-1.1952261e-05,3.645157630671747e-05,2.372724520682823e-05
20220420_153221,1.644529878773303e-05,0.0002530836791265756,0.0,-5.051509e-06,-1.1952261e-05,3.645157630671747e-05,2.372724520682823e-05
20220420_153221,1.644529878773303e-05,0.0002530836791265756,0.0,-5.051509e-06,-1.1952261e-05,3.645157630671747e-05,2.372724520682823e-05
20220420_153221,1.644529878773303e-05,0.0002530836791265756,0.0,-5.051509e-06,-1.1952261e-05,3.645157630671747e-05,2.372724520682823e-05
20220420_153221,1.6768402288066153e-05,0.00023581636196468025,0.0,-5.419664e-06,-1.1874369e-05,3.461156666162424e-05,2.7050962671637535e-05
20220420_153221,1.6768402288066153e-05,0.00023581636196468025,0.0,-5.419664e-06,-1.1874369e-05,3.461156666162424e-05,2.7050962671637535e-05
20220420_153221,1.6768402288066153e-05,0.00023581636196468025,0.0,-5.419664e-06,-1.1874369e-05,3.461156666162424e-05,2.7050962671637535e-05
20220420_153221,1.6413006053257424e-05,0.00024503711028955877,0.0,-5.1180164e-06,-1.1515651e-05,3.5291170206619427e-05,2.7799367671832442e-05
20220420_153221,1.6413006053257424e-05,0.00024503711028955877,0.0,-5.1180164e-06,-1.1515651e-05,3.5291170206619427e-05,2.7799367671832442e-05
20220420_153221,1.8030334086087173e-05,0.00037073998828418553,0.0,-7.5614707e-06,-1.0788148e-05,3.032280073966831e-05,3.560752884368412e-05
20220420_153222,1.8030334086087173e-05,0.00037073998828418553,0.0,-7.5614707e-06,-1.0788148e-05,3.032280073966831e-05,3.560752884368412e-05
20220420_153222,1.8030334086087173e-05,0.00037073998828418553,0.0,-7.5614707e-06,-1.0788148e-05,3.032280073966831e-05,3.560752884368412e-05
20220420_153222,1.9180577760545555e-05,0.0003892167878802866,0.0,-8.089444e-06,-1.2305976e-05,3.078503141296096e-05,2.7571391910896637e-05
20220420_153222,1.9180577760545555e-05,0.0003892167878802866,0.0,-8.089444e-06,-1.2305976e-05,3.078503141296096e-05,2.7571391910896637e-05
20220420_153222,1.9180577760545555e-05,0.0003892167878802866,0.0,-8.089444e-06,-1.2305976e-05,3.078503141296096e-05,2.7571391910896637e-05
20220420_153222,1.8117317260139302e-05,0.00038604086148552597,0.0,-7.247022e-06,-1.12323605e-05,3.310881947982125e-05,3.2674848625902086e-05
20220420_153222,1.8117317260139302e-05,0.00038604086148552597,0.0,-7.247022e-06,-1.12323605e-05,3.310881947982125e-05,3.2674848625902086e-05
20220420_153222,1.8117317260139302e-05,0.00038604086148552597,0.0,-7.247022e-06,-1.12323605e-05,3.310881947982125e-05,3.2674848625902086e-05
20220420_153222,1.6497884224194686e-05,0.00023986794985830784,0.0,-5.2703144e-06,-1.1578393e-05,3.4907283406937495e-05,2.5111870854743756e-05
20220420_153222,1.6497884224194686e-05,0.00023986794985830784,0.0,-5.2703144e-06,-1.1578393e-05,3.4907283406937495e-05,2.5111870854743756e-05
20220420_153222,1.6497884224194686e-05,0.00023986794985830784,0.0,-5.2703144e-06,-1.1578393e-05,3.4907283406937495e-05,2.5111870854743756e-05
20220420_153222,1.6497884224194686e-05,0.00023986794985830784,0.0,-5.2703144e-06,-1.1578393e-05,3.4907283406937495e-05,2.5111870854743756e-05
20220420_153222,1.811581176069047e-05,0.0003764905850403011,0.0,-7.705183e-06,-1.1226338e-05,3.1368395866593346e-05,2.9700217055506073e-05
20220420_153222,1.811581176069047e-05,0.0003764905850403011,0.0,-7.705183e-06,-1.1226338e-05,3.1368395866593346e-05,2.9700217055506073e-05
20220420_153222,1.811581176069047e-05,0.0003764905850403011,0.0,-7.705183e-06,-1.1226338e-05,3.1368395866593346e-05,2.9700217055506073e-05
20220420_153222,1.804609835034756e-05,0.0003789793117903173,0.0,-7.554965e-06,-1.10672645e-05,3.2552776247030124e-05,3.179762643412687e-05
20220420_153222,1.804609835034756e-05,0.0003789793117903173,0.0,-7.554965e-06,-1.10672645e-05,3.2552776247030124e-05,3.179762643412687e-05
20220420_153222,2.5234728025976516e-05,0.005068832077085972,0.0,-2.9552996e-06,-1.756767e-05,0.003208570647984743,3.8176098314579576e-05
20220420_153222,2.5234728025976516e-05,0.005068832077085972,0.0,-2.9552996e-06,-1.756767e-05,0.003208570647984743,3.8176098314579576e-05
20220420_153222,2.5234728025976516e-05,0.005068832077085972,0.0,-2.9552996e-06,-1.756767e-05,0.003208570647984743,3.8176098314579576e-05
20220420_153222,2.5234728025976516e-05,0.005068832077085972,0.0,-2.9552996e-06,-1.756767e-05,0.003208570647984743,3.8176098314579576e-05
20220420_153222,1.6044222015335045e-05,0.00024901676806621253,0.0,-4.9859373e-06,-1.1286772e-05,3.585029116948135e-05,2.6213192541035824e-05
20220420_153222,1.6044222015335045e-05,0.00024901676806621253,0.0,-4.9859373e-06,-1.1286772e-05,3.585029116948135e-05,2.6213192541035824e-05
20220420_153223,2.6621757930266235e-05,0.005573709029704332,0.0,-3.4978025e-06,-1.8960163e-05,0.00329223251901567,3.4658201911952347e-05
20220420_153223,2.6621757930266235e-05,0.005573709029704332,0.0,-3.4978025e-06,-1.8960163e-05,0.00329223251901567,3.4658201911952347e-05
20220420_153223,2.6621757930266235e-05,0.005573709029704332,0.0,-3.4978025e-06,-1.8960163e-05,0.00329223251901567,3.4658201911952347e-05
20220420_153223,1.8034357946903353e-05,0.0003904091427102685,0.0,-7.2994194e-06,-1.1433076e-05,3.181059946655296e-05,2.805468102451414e-05
20220420_153223,1.8034357946903353e-05,0.0003904091427102685,0.0,-7.2994194e-06,-1.1433076e-05,3.181059946655296e-05,2.805468102451414e-05
20220420_153223,1.8034357946903353e-05,0.0003904091427102685,0.0,-7.2994194e-06,-1.1433076e-05,3.181059946655296e-05,2.805468102451414e-05
20220420_153223,1.6809343896134454e-05,0.00023432720627170056,0.0,-5.3622102e-06,-1.1988361e-05,3.669636134873144e-05,2.5074792574741878e-05
20220420_153223,1.6809343896134454e-05,0.00023432720627170056,0.0,-5.3622102e-06,-1.1988361e-05,3.669636134873144e-05,2.5074792574741878e-05
20220420_153223,1.6809343896134454e-05,0.00023432720627170056,0.0,-5.3622102e-06,-1.1988361e-05,3.669636134873144e-05,2.5074792574741878e-05
20220420_153223,1.7080359246354855e-05,0.00024641433265060186,0.0,-5.7318134e-06,-1.1999753e-05,3.4418306313455105e-05,2.7547701392904855e-05
20220420_153223,1.7080359246354855e-05,0.00024641433265060186,0.0,-5.7318134e-06,-1.1999753e-05,3.4418306313455105e-05,2.7547701392904855e-05
20220420_153223,1.7080359246354855e-05,0.00024641433265060186,0.0,-5.7318134e-06,-1.1999753e-05,3.4418306313455105e-05,2.7547701392904855e-05
20220420_153223,1.8078619206147716e-05,0.0003956133150495589,0.0,-7.744776e-06,-1.0964377e-05,3.0333179893204942e-05,3.231325536035001e-05
20220420_153223,1.8078619206147716e-05,0.0003956133150495589,0.0,-7.744776e-06,-1.0964377e-05,3.0333179893204942e-05,3.231325536035001e-05
20220420_153223,1.8078619206147716e-05,0.0003956133150495589,0.0,-7.744776e-06,-1.0964377e-05,3.0333179893204942e-05,3.231325536035001e-05
20220420_153223,1.8078619206147716e-05,0.0003956133150495589,0.0,-7.744776e-06,-1.0964377e-05,3.0333179893204942e-05,3.231325536035001e-05
20220420_153223,1.635903939928834e-05,0.00023507063451688737,0.0,-4.983762e-06,-1.1651398e-05,3.560099867172539e-05,2.7071117074228823e-05
20220420_153223,1.635903939928834e-05,0.00023507063451688737,0.0,-4.983762e-06,-1.1651398e-05,3.560099867172539e-05,2.7071117074228823e-05
20220420_153223,1.635903939928834e-05,0.00023507063451688737,0.0,-4.983762e-06,-1.1651398e-05,3.560099867172539e-05,2.7071117074228823e-05
20220420_153223,1.8251076514562547e-05,0.00038838142063468695,0.0,-7.836894e-06,-1.1004354e-05,3.070632374146953e-05,3.2646417821524665e-05
20220420_153223,1.8251076514562547e-05,0.00038838142063468695,0.0,-7.836894e-06,-1.1004354e-05,3.070632374146953e-05,3.2646417821524665e-05
20220420_153223,1.8251076514562547e-05,0.00038838142063468695,0.0,-7.836894e-06,-1.1004354e-05,3.070632374146953e-05,3.2646417821524665e-05
20220420_153223,1.8359797517677916e-05,0.00037766239256598055,0.0,-7.605933e-06,-1.16197425e-05,3.1945637601893395e-05,2.8143758754595183e-05
20220420_153224,1.8359797517677916e-05,0.00037766239256598055,0.0,-7.605933e-06,-1.16197425e-05,3.1945637601893395e-05,2.8143758754595183e-05
20220420_153224,1.8359797517677916e-05,0.00037766239256598055,0.0,-7.605933e-06,-1.16197425e-05,3.1945637601893395e-05,2.8143758754595183e-05
20220420_153224,1.834782054931447e-05,0.0003851880901493132,0.0,-7.677391e-06,-1.1563163e-05,3.1624233088223264e-05,3.050558007089421e-05
20220420_153224,1.834782054931447e-05,0.0003851880901493132,0.0,-7.677391e-06,-1.1563163e-05,3.1624233088223264e-05,3.050558007089421e-05
20220420_153224,1.834782054931447e-05,0.0003851880901493132,0.0,-7.677391e-06,-1.1563163e-05,3.1624233088223264e-05,3.050558007089421e-05
20220420_153224,1.654312680755123e-05,0.00025603428366594017,0.0,-5.672444e-06,-1.138265e-05,3.514047057251446e-05,2.7329804652254097e-05
20220420_153224,1.654312680755123e-05,0.00025603428366594017,0.0,-5.672444e-06,-1.138265e-05,3.514047057251446e-05,2.7329804652254097e-05
20220420_153224,1.6756627606459766e-05,0.00023713434347882867,0.0,-5.6043514e-06,-1.1579423e-05,3.585808372008614e-05,2.95681875286391e-05
20220420_153224,1.6756627606459766e-05,0.00023713434347882867,0.0,-5.6043514e-06,-1.1579423e-05,3.585808372008614e-05,2.95681875286391e-05
20220420_153224,1.6756627606459766e-05,0.00023713434347882867,0.0,-5.6043514e-06,-1.1579423e-05,3.585808372008614e-05,2.95681875286391e-05
20220420_153224,1.6756627606459766e-05,0.00023713434347882867,0.0,-5.6043514e-06,-1.1579423e-05,3.585808372008614e-05,2.95681875286391e-05
20220420_153224,1.829977925772091e-05,0.00039848711458034813,0.0,-7.901902e-06,-1.1093025e-05,2.998320087499451e-05,3.163403380312957e-05
20220420_153224,1.829977925772091e-05,0.00039848711458034813,0.0,-7.901902e-06,-1.1093025e-05,2.998320087499451e-05,3.163403380312957e-05
20220420_153224,1.8346754941172947e-05,0.000384901330107823,0.0,-7.741206e-06,-1.1897083e-05,3.017178096342832e-05,2.5072195057873614e-05
20220420_153224,1.8346754941172947e-05,0.000384901330107823,0.0,-7.741206e-06,-1.1897083e-05,3.017178096342832e-05,2.5072195057873614e-05
20220420_153224,1.8346754941172947e-05,0.000384901330107823,0.0,-7.741206e-06,-1.1897083e-05,3.017178096342832e-05,2.5072195057873614e-05
20220420_153224,1.8037531593194723e-05,0.0003707174037117511,0.0,-7.3096076e-06,-1.130058e-05,3.3351912861689925e-05,3.190975985489786e-05
20220420_153224,1.8037531593194723e-05,0.0003707174037117511,0.0,-7.3096076e-06,-1.130058e-05,3.3351912861689925e-05,3.190975985489786e-05
20220420_153224,1.8037531593194723e-05,0.0003707174037117511,0.0,-7.3096076e-06,-1.130058e-05,3.3351912861689925e-05,3.190975985489786e-05
20220420_153224,2.6000054823232978e-05,0.006858068984001875,0.0,5.5408623e-06,-1.6063601e-05,0.005605946760624647,3.4319233236601576e-05
20220420_153224,2.6000054823232978e-05,0.006858068984001875,0.0,5.5408623e-06,-1.6063601e-05,0.005605946760624647,3.4319233236601576e-05
20220420_153225,2.6000054823232978e-05,0.006858068984001875,0.0,5.5408623e-06,-1.6063601e-05,0.005605946760624647,3.4319233236601576e-05
20220420_153225,1.6138651227159394e-05,0.00023954675998538733,0.0,-5.111512e-06,-1.11399895e-05,3.414336242713034e-05,2.8889095119666308e-05
20220420_153225,1.6138651227159394e-05,0.00023954675998538733,0.0,-5.111512e-06,-1.11399895e-05,3.414336242713034e-05,2.8889095119666308e-05
20220420_153225,1.6138651227159394e-05,0.00023954675998538733,0.0,-5.111512e-06,-1.11399895e-05,3.414336242713034e-05,2.8889095119666308e-05
20220420_153225,1.828252288049425e-05,0.00038845473318360746,0.0,-7.6263714e-06,-1.14492195e-05,3.194309101672843e-05,3.030403604498133e-05
20220420_153225,1.828252288049425e-05,0.00038845473318360746,0.0,-7.6263714e-06,-1.14492195e-05,3.194309101672843e-05,3.030403604498133e-05
20220420_153225,1.828252288049425e-05,0.00038845473318360746,0.0,-7.6263714e-06,-1.14492195e-05,3.194309101672843e-05,3.030403604498133e-05
20220420_153225,1.886111430220193e-05,0.0003863465681206435,0.0,-7.760156e-06,-1.182675e-05,3.345366712892428e-05,3.1602503440808505e-05
20220420_153225,1.886111430220193e-05,0.0003863465681206435,0.0,-7.760156e-06,-1.182675e-05,3.345366712892428e-05,3.1602503440808505e-05
20220420_153225,1.886111430220193e-05,0.0003863465681206435,0.0,-7.760156e-06,-1.182675e-05,3.345366712892428e-05,3.1602503440808505e-05
20220420_153225,1.838711627871292e-05,0.00032427729456685483,0.0,-6.152565e-06,-1.3209095e-05,3.5949760786024854e-05,2.6752506528282538e-05
20220420_153225,1.838711627871292e-05,0.00032427729456685483,0.0,-6.152565e-06,-1.3209095e-05,3.5949760786024854e-05,2.6752506528282538e-05
20220420_153225,1.838711627871292e-05,0.00032427729456685483,0.0,-6.152565e-06,-1.3209095e-05,3.5949760786024854e-05,2.6752506528282538e-05
20220420_153225,1.7118706132028112e-05,0.0002569659845903516,0.0,-5.888845e-06,-1.2052215e-05,3.370533522684127e-05,2.5812030798988417e-05
20220420_153225,1.7118706132028112e-05,0.0002569659845903516,0.0,-5.888845e-06,-1.2052215e-05,3.370533522684127e-05,2.5812030798988417e-05
20220420_153225,1.7118706132028112e-05,0.0002569659845903516,0.0,-5.888845e-06,-1.2052215e-05,3.370533522684127e-05,2.5812030798988417e-05
20220420_153225,1.7872456842182564e-05,0.0003718141815625131,0.0,-7.2704065e-06,-1.128939e-05,2.9921195164206438e-05,2.8452988772187382e-05
20220420_153225,1.7872456842182564e-05,0.0003718141815625131,0.0,-7.2704065e-06,-1.128939e-05,2.9921195164206438e-05,2.8452988772187382e-05
20220420_153225,1.7872456842182564e-05,0.0003718141815625131,0.0,-7.2704065e-06,-1.128939e-05,2.9921195164206438e-05,2.8452988772187382e-05
20220420_153225,1.7707443794585118e-05,0.0003429942298680544,0.0,-6.9685934e-06,-1.1206102e-05,3.241739614168182e-05,3.157579340040684e-05
20220420_153225,1.7707443794585118e-05,0.0003429942298680544,0.0,-6.9685934e-06,-1.1206102e-05,3.241739614168182e-05,3.157579340040684e-05
20220420_153225,1.7707443794585118e-05,0.0003429942298680544,0.0,-6.9685934e-06,-1.1206102e-05,3.241739614168182e-05,3.157579340040684e-05
20220420_153226,1.8375003382851395e-05,0.00038299517473205924,0.0,-7.716296e-06,-1.1374771e-05,3.2714015105739236e-05,3.082212060689926e-05
20220420_153226,1.8375003382851395e-05,0.00038299517473205924,0.0,-7.716296e-06,-1.1374771e-05,3.2714015105739236e-05,3.082212060689926e-05
20220420_153226,1.940313624675009e-05,0.00038134079659357667,0.0,-7.836479e-06,-1.2729839e-05,3.244852996431291e-05,2.857112485799007e-05
20220420_153226,1.940313624675009e-05,0.00038134079659357667,0.0,-7.836479e-06,-1.2729839e-05,3.244852996431291e-05,2.857112485799007e-05
20220420_153226,1.837097014274923e-05,0.00039505085442215204,0.0,-7.836903e-06,-1.144003e-05,3.0625087674707174e-05,2.829200093401596e-05
20220420_153226,1.837097014274923e-05,0.00039505085442215204,0.0,-7.836903e-06,-1.144003e-05,3.0625087674707174e-05,2.829200093401596e-05
20220420_153226,1.837097014274923e-05,0.00039505085442215204,0.0,-7.836903e-06,-1.144003e-05,3.0625087674707174e-05,2.829200093401596e-05
20220420_153226,1.726697424415223e-05,0.00024702216614969075,0.0,-5.5775836e-06,-1.2268086e-05,3.601211938075721e-05,2.741672142292373e-05
20220420_153226,1.726697424415223e-05,0.00024702216614969075,0.0,-5.5775836e-06,-1.2268086e-05,3.601211938075721e-05,2.741672142292373e-05
20220420_153226,1.726697424415223e-05,0.00024702216614969075,0.0,-5.5775836e-06,-1.2268086e-05,3.601211938075721e-05,2.741672142292373e-05
20220420_153226,1.8294803359122303e-05,0.0003776272351387888,0.0,-7.5874555e-06,-1.1273117e-05,3.077921792282723e-05,3.4645407140487805e-05
20220420_153226,1.8294803359122303e-05,0.0003776272351387888,0.0,-7.5874555e-06,-1.1273117e-05,3.077921792282723e-05,3.4645407140487805e-05
20220420_153226,1.8294803359122303e-05,0.0003776272351387888,0.0,-7.5874555e-06,-1.1273117e-05,3.077921792282723e-05,3.4645407140487805e-05
20220420_153226,1.851060620102708e-05,0.00038686784682795405,0.0,-7.5275534e-06,-1.1786179e-05,3.215987453586422e-05,2.8807415219489485e-05
20220420_153226,1.851060620102708e-05,0.00038686784682795405,0.0,-7.5275534e-06,-1.1786179e-05,3.215987453586422e-05,2.8807415219489485e-05
20220420_153226,1.851060620102708e-05,0.00038686784682795405,0.0,-7.5275534e-06,-1.1786179e-05,3.215987453586422e-05,2.8807415219489485e-05
20220420_153226,1.8218742631954908e-05,0.0003195533936377615,0.0,-6.116774e-06,-1.3039102e-05,3.502215622575022e-05,2.6589064873405732e-05
20220420_153226,1.8218742631954908e-05,0.0003195533936377615,0.0,-6.116774e-06,-1.3039102e-05,3.502215622575022e-05,2.6589064873405732e-05
20220420_153226,1.8218742631954908e-05,0.0003195533936377615,0.0,-6.116774e-06,-1.3039102e-05,3.502215622575022e-05,2.6589064873405732e-05
20220420_153226,1.8218742631954908e-05,0.0003195533936377615,0.0,-6.116774e-06,-1.3039102e-05,3.502215622575022e-05,2.6589064873405732e-05
20220420_153226,1.811061213848953e-05,0.00038276324630714953,0.0,-7.50911e-06,-1.1193888e-05,3.2134212233358994e-05,3.196738543920219e-05
20220420_153226,1.811061213848953e-05,0.00038276324630714953,0.0,-7.50911e-06,-1.1193888e-05,3.2134212233358994e-05,3.196738543920219e-05
20220420_153227,1.7792141923478275e-05,0.00037797412369400263,0.0,-7.651578e-06,-1.0913723e-05,3.0047969630686566e-05,3.0179469831637107e-05
20220420_153227,1.7792141923478275e-05,0.00037797412369400263,0.0,-7.651578e-06,-1.0913723e-05,3.0047969630686566e-05,3.0179469831637107e-05
20220420_153227,1.7792141923478275e-05,0.00037797412369400263,0.0,-7.651578e-06,-1.0913723e-05,3.0047969630686566e-05,3.0179469831637107e-05
20220420_153227,1.781291404303423e-05,0.0003592969151213765,0.0,-6.922505e-06,-1.133144e-05,3.2778189051896334e-05,3.091830512857996e-05
20220420_153227,1.781291404303423e-05,0.0003592969151213765,0.0,-6.922505e-06,-1.133144e-05,3.2778189051896334e-05,3.091830512857996e-05
20220420_153227,1.781291404303423e-05,0.0003592969151213765,0.0,-6.922505e-06,-1.133144e-05,3.2778189051896334e-05,3.091830512857996e-05
20220420_153227,1.6817517568156358e-05,0.00024192078853957355,0.0,-5.3066183e-06,-1.1827219e-05,3.659653521026485e-05,2.7940466679865494e-05
20220420_153227,1.6817517568156358e-05,0.00024192078853957355,0.0,-5.3066183e-06,-1.1827219e-05,3.659653521026485e-05,2.7940466679865494e-05
20220420_153227,1.6817517568156358e-05,0.00024192078853957355,0.0,-5.3066183e-06,-1.1827219e-05,3.659653521026485e-05,2.7940466679865494e-05
20220420_153227,1.847422080449402e-05,0.0003048873913940042,0.0,-6.1871265e-06,-1.3486013e-05,3.637964982772246e-05,2.4199662220780738e-05
20220420_153227,1.847422080449402e-05,0.0003048873913940042,0.0,-6.1871265e-06,-1.3486013e-05,3.637964982772246e-05,2.4199662220780738e-05
20220420_153227,1.847422080449402e-05,0.0003048873913940042,0.0,-6.1871265e-06,-1.3486013e-05,3.637964982772246e-05,2.4199662220780738e-05
20220420_153227,1.7776766622348184e-05,0.0003811836941167712,0.0,-7.417358e-06,-1.0934509e-05,2.9660635846084915e-05,3.225665932404809e-05
20220420_153227,1.7776766622348184e-05,0.0003811836941167712,0.0,-7.417358e-06,-1.0934509e-05,2.9660635846084915e-05,3.225665932404809e-05
20220420_153227,1.7776766622348184e-05,0.0003811836941167712,0.0,-7.417358e-06,-1.0934509e-05,2.9660635846084915e-05,3.225665932404809e-05
20220420_153227,1.6097568375248e-05,0.00025949327391572297,0.0,-5.0608783e-06,-1.14608765e-05,3.263889084337279e-05,2.5593517420929857e-05
20220420_153227,1.6097568375248e-05,0.00025949327391572297,0.0,-5.0608783e-06,-1.14608765e-05,3.263889084337279e-05,2.5593517420929857e-05
20220420_153227,1.6097568375248e-05,0.00025949327391572297,0.0,-5.0608783e-06,-1.14608765e-05,3.263889084337279e-05,2.5593517420929857e-05
20220420_153227,1.776800476333622e-05,0.0003776882658712566,0.0,-7.0754672e-06,-1.1103731e-05,3.1689578463556245e-05,3.074011692660861e-05
20220420_153227,1.776800476333622e-05,0.0003776882658712566,0.0,-7.0754672e-06,-1.1103731e-05,3.1689578463556245e-05,3.074011692660861e-05
20220420_153227,1.776800476333622e-05,0.0003776882658712566,0.0,-7.0754672e-06,-1.1103731e-05,3.1689578463556245e-05,3.074011692660861e-05
20220420_153228,1.693676423656243e-05,0.0002535716339480132,0.0,-5.636073e-06,-1.1908625e-05,3.438327621552162e-05,2.7196907467441633e-05
20220420_153228,1.693676423656243e-05,0.0002535716339480132,0.0,-5.636073e-06,-1.1908625e-05,3.438327621552162e-05,2.7196907467441633e-05
20220420_153228,1.65183260606531e-05,0.00024251677677966654,0.0,-5.433092e-06,-1.152628e-05,3.355715671204962e-05,2.7557711291592568e-05
20220420_153228,1.65183260606531e-05,0.00024251677677966654,0.0,-5.433092e-06,-1.152628e-05,3.355715671204962e-05,2.7557711291592568e-05
20220420_153228,1.6739511959333234e-05,0.0002457716909702867,0.0,-5.642325e-06,-1.1677289e-05,3.445533729973249e-05,2.8031918191118166e-05
20220420_153228,1.6739511959333234e-05,0.0002457716909702867,0.0,-5.642325e-06,-1.1677289e-05,3.445533729973249e-05,2.8031918191118166e-05
20220420_153228,1.6739511959333234e-05,0.0002457716909702867,0.0,-5.642325e-06,-1.1677289e-05,3.445533729973249e-05,2.8031918191118166e-05
20220420_153228,1.55390975800572e-05,0.00024190000840462744,0.0,-4.0290865e-06,-1.0207969e-05,5.410715311882086e-05,3.6929490306647494e-05
20220420_153228,1.55390975800572e-05,0.00024190000840462744,0.0,-4.0290865e-06,-1.0207969e-05,5.410715311882086e-05,3.6929490306647494e-05
20220420_153228,1.7599815973978624e-05,0.0003781135892495513,0.0,-7.4642558e-06,-1.0510572e-05,2.9527980586863123e-05,3.218395067960955e-05
20220420_153228,1.7599815973978624e-05,0.0003781135892495513,0.0,-7.4642558e-06,-1.0510572e-05,2.9527980586863123e-05,3.218395067960955e-05
20220420_153228,1.848346724357926e-05,0.0004119968507438898,0.0,-7.5767725e-06,-1.1685155e-05,3.2699517760192975e-05,2.6883562895818613e-05
20220420_153228,1.848346724357926e-05,0.0004119968507438898,0.0,-7.5767725e-06,-1.1685155e-05,3.2699517760192975e-05,2.6883562895818613e-05
20220420_153228,1.848346724357926e-05,0.0004119968507438898,0.0,-7.5767725e-06,-1.1685155e-05,3.2699517760192975e-05,2.6883562895818613e-05
20220420_153228,1.707781993632195e-05,0.00025245314463973045,0.0,-5.6423582e-06,-1.207933e-05,3.554506110958755e-05,2.528619188524317e-05
20220420_153228,1.707781993632195e-05,0.00025245314463973045,0.0,-5.6423582e-06,-1.207933e-05,3.554506110958755e-05,2.528619188524317e-05
20220420_153228,1.707781993632195e-05,0.00025245314463973045,0.0,-5.6423582e-06,-1.207933e-05,3.554506110958755e-05,2.528619188524317e-05
20220420_153228,1.654266405001027e-05,0.00024735406623221934,0.0,-5.6159997e-06,-1.1381265e-05,3.380899579497054e-05,2.9299291782081127e-05
20220420_153228,1.654266405001027e-05,0.00024735406623221934,0.0,-5.6159997e-06,-1.1381265e-05,3.380899579497054e-05,2.9299291782081127e-05
20220420_153229,1.654266405001027e-05,0.00024735406623221934,0.0,-5.6159997e-06,-1.1381265e-05,3.380899579497054e-05,2.9299291782081127e-05
20220420_153229,1.8276040090590857e-05,0.00038374203722923994,0.0,-7.736651e-06,-1.1382194e-05,3.0951472581364214e-05,2.9967563023092225e-05
20220420_153229,1.8276040090590857e-05,0.00038374203722923994,0.0,-7.736651e-06,-1.1382194e-05,3.0951472581364214e-05,2.9967563023092225e-05
