20220408_134025,8.539231541736016e-05,0.0805235430598259,0.0,-2.0585006e-05,-2.0080913e-06,4.9238253e-05,5.9160553e-05
20220408_134025,0.07989473615420985,0.47924289107322693,2.1690836626842014e-11,0.004033627,-0.007776647,0.046896815,0.055200394
20220408_134025,0.0773987526874541,0.5348754525184631,2.5990527438568556e-11,0.011317733,-0.0018855446,0.046147104,0.052828107
20220408_134025,0.0837311044759531,0.5467702150344849,2.9364202042136966e-11,-0.00010020621,-0.0005174997,0.048487462,0.057809882
20220408_134026,0.08362517085674857,0.535254180431366,6.704131173818073e-12,-0.0019976473,-0.006371889,0.048180096,0.058536407
20220408_134026,0.08615439943312067,0.5202563405036926,2.061102330475073e-11,-0.0027832233,-0.009580977,0.048645675,0.060419165
20220408_134026,0.08500766620585055,0.583575963973999,4.4801388293658206e-11,0.0050822976,-0.010467174,0.04691451,0.061012845
20220408_134026,0.09034794083667143,0.4557727873325348,2.530975602710317e-11,0.0078090956,-0.0062542143,0.052679367,0.061707187
20220408_134026,0.08780435785327806,0.5709962844848633,4.001675033005192e-11,0.011395483,0.0008225882,0.053492915,0.058455452
20220408_134027,0.09029636037921031,0.5683791637420654,2.3638842619466693e-11,0.020420207,-0.012424035,0.05520946,0.05953
20220408_134027,0.08841387120912236,0.5718975067138672,9.686604816872002e-12,0.014948262,-0.007021536,0.05338083,0.059734534
20220408_134027,0.08953811174769856,0.5659672617912292,3.4273795607164814e-11,0.011000738,-0.00229883,0.053936604,0.059841517
20220408_134027,0.0942839028742642,0.5404333472251892,2.034978435760948e-11,0.014020476,-0.006136302,0.05442785,0.06619629
20220408_134027,0.09298584946409216,0.465631365776062,2.1059945454204865e-11,0.0125756245,-0.007006164,0.05352414,0.06459552
20220408_134027,0.09784992848179623,0.6067039966583252,2.5144211365790703e-11,0.021724474,-0.00865203,0.058066886,0.0670832
20220408_134028,0.09594341442931245,0.43160200119018555,4.008911605457577e-11,0.024478257,-0.0027217453,0.059630774,0.0629633
20220408_134028,0.09654011392122054,0.5014613270759583,3.206686652323931e-11,0.02222105,-0.0020365773,0.059850443,0.06338417
20220408_134028,0.0958380274548946,0.7012224197387695,1.0607748707203157e-10,0.018620532,-0.008737146,0.0579035,0.064757235
20220408_134028,0.09583043455652418,0.5298961997032166,6.955897663418753e-12,0.020542484,0.0003501007,0.058032364,0.06426533
20220408_134028,0.0911570228024828,0.464535117149353,1.0748071876953702e-10,0.02061798,0.008993819,0.05506068,0.061204504
20220408_134028,0.09274504390886983,0.4805448651313782,9.797670452726948e-10,0.023802638,0.0043097683,0.057031054,0.06161688
20220408_134028,0.09007874756737183,0.5934624075889587,5.392795238146064e-11,0.01948033,-0.00036996894,0.053645402,0.06088994
20220408_134029,0.0949270059913621,0.6973792910575867,3.908203274893829e-11,0.021811932,0.000997898,0.057996925,0.06353833
20220408_134029,0.09410040714919954,0.6592044234275818,1.1183218240340409e-10,0.026021002,0.0055403532,0.05601159,0.06343174
20220408_134029,0.09097108702502296,0.4519402086734772,1.5439859113453025e-10,0.019968802,-0.00035825738,0.053562358,0.062747434
20220408_134029,0.09507010781355422,0.5024546384811401,4.1394672412042866e-11,0.032370985,-0.016508793,0.0556004,0.065191686
20220408_134029,0.09557998271993699,0.5775680541992188,9.849041721077256e-12,0.024667181,-0.022606693,0.056409292,0.06492301
20220408_134029,0.0942690280613577,0.532341718673706,1.9109493501479058e-11,0.02360517,-0.013401619,0.057556145,0.0621663
20220408_134029,0.09500486877091928,0.5461128354072571,5.520394558145014e-11,0.015166195,-0.015578208,0.054920454,0.06587192
20220408_134030,0.09559819225911319,0.5394240617752075,2.462796078184226e-10,0.016665088,-0.021184098,0.056120478,0.06507643
20220408_134030,0.10018402391082867,0.4980613589286804,4.379495030515379e-11,0.021323452,-0.020715768,0.05878566,0.06827391
20220408_134030,0.10204981617774231,0.5807769298553467,4.016191545996861e-11,0.019975564,-0.029783973,0.06131462,0.0686014
20220408_134030,0.10677589889053934,0.5902376174926758,4.5283866934031636e-11,0.016905794,-0.038810212,0.05922725,0.0763403
20220408_134030,0.10665094230402444,0.7415781617164612,2.289821804390968e-11,0.012374472,-0.044557676,0.05869178,0.0766483
20220408_134030,0.10430122227934398,0.537446916103363,3.964763239938662e-11,0.014843789,-0.038179573,0.061284553,0.07202503
20220408_134030,0.10600601524468094,0.5222402811050415,3.512564197838408e-11,0.010154563,-0.04353622,0.059783973,0.075737685
20220408_134031,0.10916138404066134,0.6015799641609192,7.594554325696112e-12,0.0089882845,-0.045749374,0.060969125,0.078221045
20220408_134031,0.11107813047557201,0.5549077987670898,2.7112197903411683e-11,0.0095146075,-0.04497277,0.06331618,0.077884555
20220408_134031,0.11164837333019278,0.6184925436973572,3.4783100844038017e-09,0.0042264345,-0.051573154,0.06008431,0.08132829
20220408_134031,0.1119113917392202,0.68854159116745,4.563585967454209e-11,0.007025842,-0.048965536,0.062166415,0.07949758
20220408_134031,0.12113444289852701,0.62416011095047,1.866758969626403e-09,0.013636298,-0.053085577,0.06721731,0.086932436
20220408_134031,0.12113444289852701,0.62416011095047,1.866758969626403e-09,0.013636298,-0.053085577,0.06721731,0.086932436
20220408_134031,0.11464480984342686,0.7194448709487915,4.655103733042232e-11,0.020026429,-0.045230437,0.06431873,0.08063288
20220408_134032,0.11451889313049012,0.7351884841918945,6.054196588500815e-10,0.012285297,-0.043697793,0.06331031,0.082674555
20220408_134032,0.116731353545187,0.5868746042251587,3.053384281526128e-11,0.016613493,-0.05611136,0.06388226,0.08465675
20220408_134032,0.11788715359000726,0.6972204446792603,4.553623450531674e-11,0.018340485,-0.048719577,0.06480595,0.08539006
20220408_134032,0.12041018372760998,0.7017982006072998,5.2618895352019024e-11,0.025828771,-0.04578333,0.067985706,0.08440018
20220408_134032,0.12630248110804607,0.8350068926811218,4.4973524904179385e-11,0.019771403,-0.05062112,0.06992738,0.09025753
20220408_134032,0.1288296435781977,0.6186545491218567,2.158553544240327e-11,0.01734998,-0.052436333,0.07181605,0.09108184
20220408_134032,0.12682799121281016,0.692389190196991,1.05866782354469e-11,0.023196844,-0.05113085,0.07201305,0.08913902
20220408_134033,0.13387938314190842,0.7337825298309326,5.701583736389404e-12,0.024997273,-0.055958476,0.07408123,0.0962177
20220408_134033,0.13387938314190842,0.7337825298309326,5.701583736389404e-12,0.024997273,-0.055958476,0.07408123,0.0962177
20220408_134033,0.13449905963866457,0.7997653484344482,3.113603472271187e-11,0.024441898,-0.057172865,0.07391055,0.096451476
20220408_134033,0.12710764356923243,0.653656005859375,1.2615920461089836e-11,0.01617252,-0.047165677,0.06887708,0.092213206
20220408_134033,0.1312508515872627,0.6955141425132751,4.1525574645540075e-11,0.02469079,-0.048415124,0.074157685,0.09279408
20220408_134033,0.1312508515872627,0.6955141425132751,4.1525574645540075e-11,0.02469079,-0.048415124,0.074157685,0.09279408
20220408_134033,0.13211695232682408,0.6623082756996155,1.9652406438308567e-11,0.032219686,-0.04792375,0.076484315,0.0913143
20220408_134034,0.1340047371649992,0.7493829131126404,2.491872680421281e-11,0.03577384,-0.049353037,0.07723321,0.09314782
20220408_134034,0.1326696912259784,0.5776808857917786,3.6747535570036405e-11,0.032748133,-0.05048553,0.07503508,0.09288931
20220408_134034,0.13031764770992266,0.7758684754371643,5.035044950418843e-11,0.021332057,-0.052576564,0.07335898,0.09147873
20220408_134034,0.13031764770992266,0.7758684754371643,5.035044950418843e-11,0.021332057,-0.052576564,0.07335898,0.09147873
20220408_134034,0.16006549969301723,0.8275405168533325,6.9320803437744605e-12,0.018258685,-0.09072376,0.080624655,0.12263233
20220408_134034,0.13758290543419802,0.7235150337219238,3.393553146824324e-11,0.033047102,-0.058683734,0.07982802,0.09494917
20220408_134034,0.13758290543419802,0.7235150337219238,3.393553146824324e-11,0.033047102,-0.058683734,0.07982802,0.09494917
20220408_134034,0.13567927813851954,0.7492990493774414,2.8346530678291515e-10,0.030412199,-0.053595494,0.07697133,0.09597489
20220408_134035,0.1339280411827367,0.6901974678039551,1.1753081841092694e-10,0.020981183,-0.06492792,0.07279087,0.09773564
20220408_134035,0.13883394760834544,0.7740684747695923,3.720993652089888e-11,0.018655738,-0.070080645,0.07364624,0.10158578
20220408_134035,0.13803986335165258,0.6436107158660889,3.15154041752308e-10,0.024425443,-0.06768573,0.07386848,0.10053546
20220408_134035,0.13550433578355625,0.7890433073043823,1.8133876344972322e-10,0.028087271,-0.05661625,0.077441506,0.09530527
20220408_134035,0.13607078073786338,0.7173748016357422,2.7751556261335075e-11,0.018470762,-0.06016595,0.073634185,0.09905973
20220408_134035,0.14071753393787975,0.7697980403900146,1.5061367084068245e-11,0.025558202,-0.068115816,0.08012391,0.098673746
20220408_134036,0.13448622774031607,0.7584313750267029,8.880249834086751e-12,0.02753846,-0.06286146,0.07417238,0.09619929
20220408_134036,0.13152837979129614,0.6343657970428467,6.960940157618722e-10,0.026092127,-0.056468148,0.07634809,0.09116211
20220408_134036,0.13049156911031246,0.8143182992935181,3.3727864251487105e-11,0.03037412,-0.06293026,0.07124997,0.09395507
20220408_134036,0.12905490325381458,0.6451363563537598,8.014113678234125e-11,0.027411863,-0.059962444,0.07345192,0.09043522
20220408_134037,0.13060329453547687,0.6327695846557617,1.2275165606201455e-10,0.03328794,-0.05788541,0.0738315,0.0922936
20220408_134037,0.1286330754011785,0.7753841280937195,5.24594201412043e-10,0.030019978,-0.054826774,0.072405525,0.090170994
20220408_134037,0.1289307438818452,0.6582610607147217,3.7906920657970744e-11,0.028923623,-0.046542995,0.07338621,0.090271875
20220408_134037,0.12235029133816976,0.6217638254165649,3.592081909697953e-10,0.0256737,-0.046332464,0.06908833,0.08602562
20220408_134037,0.12664614608428393,0.6168167591094971,2.120114084291913e-10,0.030259958,-0.05119015,0.070696615,0.08950296
20220408_134038,0.1281351817099193,0.7839918732643127,1.225789747483219e-10,0.032181036,-0.053780667,0.07152461,0.091130584
20220408_134038,0.1276140426992196,0.6940726637840271,8.042908700156559e-11,0.030271942,-0.058565695,0.0704077,0.09081098
20220408_134038,0.1267139011748353,0.7036362886428833,4.847690998621701e-11,0.034257527,-0.0479095,0.07295245,0.08849986
20220408_134038,0.12823408955568424,0.6200445890426636,6.380883321721598e-11,0.035621043,-0.048934225,0.074045315,0.08859933
20220408_134038,0.129007750376791,0.6218181252479553,2.913429497652942e-10,0.035996567,-0.04696775,0.07669692,0.08813877
20220408_134039,0.12850255783042425,0.7597498297691345,5.32614612136495e-11,0.029159922,-0.050058655,0.07247283,0.08997672
20220408_134039,0.12925390218293276,0.8374806046485901,5.263964611423866e-11,0.026061345,-0.049393807,0.07403157,0.09036262
20220408_134039,0.13142667369324942,0.7508571147918701,4.0256416256045924e-11,0.033213925,-0.043698374,0.07700213,0.09066052
20220408_134039,0.13465555805619414,0.7338616251945496,5.0767209880397957e-11,0.026614519,-0.046579123,0.0785347,0.09259194
20220408_134040,0.13189972466085978,0.7648886442184448,9.095939113024087e-09,0.029122848,-0.039678965,0.0750928,0.09185157
20220408_134040,0.1343782173333643,0.7769398093223572,3.7542168485060756e-08,0.023755187,-0.048603464,0.07531974,0.095522106
20220408_134040,0.13735461822840506,0.7387512922286987,2.2067739635645012e-08,0.032350086,-0.05483688,0.07761501,0.09698148
20220408_134040,0.13310452123717878,0.637329638004303,3.784527358163814e-09,0.031812187,-0.055258647,0.07701125,0.09261342
20220408_134040,0.1311885335712091,0.7845918536186218,3.0665586736589034e-10,0.0324106,-0.04939242,0.0748126,0.09194878
20220408_134041,0.12362989487951141,0.784083366394043,3.650336977134572e-11,0.020030765,-0.047155052,0.07041582,0.08721271
20220408_134041,0.12676523255887848,0.7374324798583984,8.399788087309901e-10,0.021946039,-0.04686194,0.07150659,0.08950191
20220408_134041,0.11992006420786078,0.5574116706848145,3.793488301262471e-10,0.016081702,-0.04167457,0.06625277,0.08576969
20220408_134041,0.12192508387148282,0.6889881491661072,4.303443365549775e-11,0.015009018,-0.04910738,0.06802935,0.08715644
20220408_134041,0.11897426749613434,0.654403030872345,4.7825833571213394e-11,0.02920925,-0.039459422,0.07141846,0.080702625
20220408_134042,0.11530498989804651,0.6230107545852661,8.462367612205313e-11,0.026658146,-0.038911577,0.06521957,0.08044431
20220408_134042,0.10904339952836878,0.5838271379470825,4.137213835408993e-11,0.028294507,-0.02175504,0.06378513,0.074705064
20220408_134042,0.11339980088138286,0.7055003046989441,3.8251683071033327e-11,0.029618008,-0.03234135,0.06989569,0.07473253
20220408_134042,0.11567821524862258,0.6569857001304626,2.9277854446396745e-11,0.02021664,-0.043951117,0.06606931,0.081214264
20220408_134043,0.11602588527240636,0.6649684906005859,5.388108015313975e-11,0.022579761,-0.044560727,0.0664656,0.08156194
20220408_134043,0.11586661478407029,0.7092709541320801,6.8994185364879e-11,0.020021478,-0.044648565,0.06751023,0.08060542
20220408_134043,0.12298213775713517,0.781813383102417,2.112264252396301e-10,0.020739082,-0.051872674,0.070043065,0.08724295
20220408_134043,0.12032937882463211,0.6291788220405579,2.8275422891965718e-08,0.022862839,-0.054356817,0.06681667,0.08618118
20220408_134044,0.12335168052161172,0.625739574432373,3.729529185481084e-11,0.017982416,-0.05464752,0.06901234,0.08806237
20220408_134044,0.13051782501523282,0.6069421768188477,5.991910856373295e-10,0.02370041,-0.06729606,0.07102076,0.09420872
20220408_134044,0.1255026378042698,0.564999520778656,1.1831253754479576e-09,0.023064703,-0.056377035,0.068564415,0.08989065
20220408_134044,0.12601141002450475,0.7283169627189636,2.447571832708828e-11,0.016615752,-0.060323093,0.069460794,0.09035741
20220408_134044,0.13116775151451965,0.7072739601135254,9.127285038879052e-11,0.017132744,-0.062469907,0.070551716,0.09528364
20220408_134045,0.1310508603752099,0.6588110327720642,3.176170437768633e-09,0.012621444,-0.06765272,0.07010903,0.09594646
20220408_134045,0.13256084842160828,0.7745212912559509,2.3062008899787934e-11,0.016232729,-0.07121986,0.0704359,0.09759048
20220408_134045,0.1290691808173936,0.687573254108429,1.438947311999117e-11,0.025268832,-0.06307691,0.07195764,0.091409154
20220408_134045,0.13287438762572074,0.7237253189086914,2.424254894051181e-11,0.02690691,-0.06397738,0.073041916,0.094724305
20220408_134046,0.13395678559390514,0.644786536693573,3.087426148074002e-11,0.019733889,-0.06903196,0.06868879,0.099817894
20220408_134046,0.1369821150529271,0.7343778014183044,1.66150340014104e-11,0.01994255,-0.072616234,0.07151986,0.10190245
20220408_134046,0.13553986823936484,0.6463088393211365,9.572347359210198e-10,0.01514029,-0.06714139,0.07445789,0.0981006
20220408_134046,0.14806179065975525,0.6271207928657532,1.0898589808405745e-09,0.006992267,-0.08641457,0.07734519,0.110645734
20220408_134046,0.1521611750181037,0.8804858922958374,5.8350652087924e-10,0.011950466,-0.09087731,0.075766064,0.116650514
20220408_134047,0.15459134246128894,0.7186614871025085,1.6925710832893515e-10,0.022891797,-0.08774437,0.0826482,0.113573804
20220408_134047,0.1473568520769378,0.8574661612510681,2.9175381555113233e-10,0.02614177,-0.07896811,0.07916867,0.107195884
20220408_134047,0.1717265857592165,0.852431058883667,4.983912588185646e-11,0.0115304915,-0.10256467,0.0883771,0.12941356
20220408_134047,0.16288537016904509,0.9232801795005798,1.767613000414059e-10,0.008294928,-0.09881635,0.08189654,0.1237462
20220408_134047,0.1638081178130462,0.7869378328323364,4.6510916645869926e-11,0.020756917,-0.09919889,0.0832535,0.122553274
20220408_134048,0.1563429998697162,0.8227739930152893,2.2324624787684044e-11,0.01412054,-0.09287608,0.0791984,0.118962094
20220408_134048,0.15928953760294506,0.8285882472991943,2.3736039800326125e-09,0.011717588,-0.099691465,0.07987596,0.121390685
20220408_134048,0.16601379224726148,0.8428418636322021,2.151314015819139e-09,0.012817581,-0.10865155,0.079407424,0.12957364
20220408_134048,0.15590305302774649,0.7329951524734497,1.9880774110303534e-11,0.008914957,-0.09666256,0.0764779,0.120631866
20220408_134049,0.15162815760831336,0.7226005792617798,9.092263608678763e-10,0.0148729915,-0.095712006,0.07373648,0.11714845
20220408_134049,0.15018635199641667,0.8106653094291687,1.450754932852405e-10,0.016738113,-0.08627651,0.07630302,0.1135173
20220408_134049,0.14539321847968448,0.8372125029563904,6.148599962507717e-10,0.011076715,-0.07826347,0.07672537,0.107619524
20220408_134049,0.15062158961256628,0.7132148742675781,3.221168817790776e-11,0.017342908,-0.088434994,0.07853501,0.11243181
20220408_134050,0.15244167077731552,0.8519887328147888,3.595820516344439e-11,0.0102283405,-0.092547275,0.07772037,0.11473995
20220408_134050,0.15261198158945857,0.8757533431053162,1.4347355525856642e-09,0.009804004,-0.09807144,0.076091334,0.11908845
20220408_134050,0.15335839788915848,0.7629808187484741,4.0504315179656913e-11,0.015182144,-0.09663951,0.07554849,0.11842963
20220408_134050,0.16155456389833114,1.0734375715255737,1.1184525527951905e-10,0.0058294605,-0.11119679,0.07837717,0.12721483
20220408_134050,0.17106985097067906,0.9307518005371094,2.419566630385006e-11,0.0009157458,-0.124775715,0.0788799,0.13716583
20220408_134051,0.185948669886396,0.8669842481613159,1.6907947264499512e-11,0.0050306814,-0.14249246,0.08250032,0.15340114
20220408_134051,0.18313602773476403,1.0853873491287231,2.7657895071420135e-11,0.016798537,-0.1371569,0.08065902,0.14995578
20220408_134051,0.1884452992581545,0.8940161466598511,4.263577338403657e-11,0.006564664,-0.14306481,0.08286522,0.15565784
20220408_134051,0.18152171077657694,0.9721916913986206,5.68769614739395e-11,0.012937087,-0.13203497,0.08519616,0.14494716
20220408_134052,0.18047684752444215,1.1767092943191528,5.906333755412163e-11,0.0061183344,-0.13169204,0.08564459,0.14422676
20220408_134052,0.17680075282625216,0.966220498085022,3.898311881633809e-11,0.015058697,-0.12864193,0.08100368,0.14131674
20220408_134052,0.17857021871993578,1.0514299869537354,2.813898766773626e-11,0.00935661,-0.13183978,0.0835868,0.14308634
20220408_134052,0.1784883748655215,0.8193768858909607,1.0303252695464948e-09,0.014255898,-0.1309426,0.08090176,0.14476496
20220408_134052,0.17556894419102845,0.8652257919311523,8.88218873451585e-11,0.015400716,-0.12871452,0.08275255,0.14007396
20220408_134053,0.17800180129052193,0.9558022618293762,2.9190269645873457e-10,0.02040372,-0.13219097,0.08042754,0.14417681
20220408_134053,0.16366567744683003,0.7542997598648071,3.592857955592166e-11,0.019787122,-0.117544666,0.07568798,0.13106355
20220408_134053,0.15916899080381167,0.7426229119300842,5.269458758228041e-10,0.014061082,-0.10495065,0.07823943,0.122711785
20220408_134053,0.15349146457964058,0.7773737907409668,1.8954032787732444e-11,0.011320766,-0.102252096,0.07703833,0.118201435
20220408_134053,0.15137820679247585,0.7820795178413391,1.9303461606945405e-10,0.012340075,-0.09737246,0.07552727,0.11686909
20220408_134054,0.14862608004331201,0.8087185025215149,1.335354327114402e-10,0.015336785,-0.09805613,0.07369448,0.11512621
20220408_134054,0.14262125032943454,0.8925605416297913,3.632484313342843e-10,0.018211061,-0.08884028,0.073433116,0.10725323
20220408_134054,0.13247914142051442,0.63551265001297,6.596065360575665e-11,0.015377473,-0.0722837,0.06938212,0.09816874
20220408_134054,0.13721049894951146,0.7659649848937988,5.0174142618431006e-11,0.022013683,-0.07922136,0.07174542,0.10079741
20220408_134055,0.1319250714207928,0.5906026363372803,6.609262581669384e-10,0.018457886,-0.07249877,0.06695154,0.09936732
20220408_134055,0.1298160575421761,0.6547940969467163,4.8607003838574414e-11,0.020727195,-0.06481583,0.06890564,0.09453375
20220408_134055,0.13199279888547924,0.621006190776825,5.628078211805665e-11,0.025093775,-0.06273669,0.072718374,0.0946935
20220408_134055,0.13015846846363968,0.711152195930481,7.222532294459683e-11,0.016237488,-0.069824874,0.070860855,0.09438334
20220408_134055,0.139123036015588,0.6122615933418274,6.19954990122018e-11,0.012595065,-0.08348891,0.071456574,0.1046474
20220408_134056,0.13785058702196365,0.6639120578765869,8.322753597411747e-11,0.016942574,-0.07421083,0.07330596,0.10128826
20220408_134056,0.13533313872781988,0.7300743460655212,3.0027570707691353e-11,0.019566962,-0.07685858,0.07259605,0.09883711
20220408_134056,0.1360963722536106,0.6428583264350891,5.141224945770517e-11,0.009799564,-0.078009084,0.07166329,0.102166235
20220408_134056,0.14321599246898914,0.7484275102615356,1.237775298923438e-10,0.012755849,-0.08602798,0.073453106,0.10801919
20220408_134057,0.1532546185749107,0.6831820607185364,1.9127961714549002e-10,0.018718567,-0.10086362,0.07322898,0.12007345
20220408_134057,0.15250233121726953,0.7473728656768799,3.281835567192637e-11,0.02645918,-0.09756934,0.07482317,0.11694258
20220408_134057,0.1565963966136436,0.7351599931716919,4.1630740521547693e-11,0.017570468,-0.10534731,0.075287476,0.121452175
20220408_134057,0.15621080387084296,0.642267644405365,2.251070337078165e-11,0.018328408,-0.10136326,0.076935,0.12018927
20220408_134057,0.1568495452757247,0.7616382241249084,4.6539966325198634e-11,0.01652492,-0.10592988,0.07575737,0.12238651
20220408_134058,0.1546439523907402,0.7859197854995728,7.917440036919743e-09,0.019182097,-0.09734889,0.07730692,0.118557125
20220408_134058,0.14910835073759143,0.6751171946525574,4.1819964158307243e-10,0.004426514,-0.08945911,0.07463653,0.113793194
20220408_134058,0.14998004877136423,0.7275274395942688,2.0976889669732657e-10,0.004798107,-0.0877385,0.07528879,0.11499075
20220408_134058,0.1522032956082228,0.8108301758766174,3.656712710409238e-10,0.0046097436,-0.09271951,0.07763699,0.11566215
20220408_134059,0.16173971124736883,0.7868155837059021,7.368519683303987e-10,0.0103881825,-0.10490672,0.07763318,0.12707442
20220408_134059,0.16459985587016424,0.79112708568573,2.914123803376967e-11,0.004712028,-0.108486794,0.077866994,0.1296614
20220408_134059,0.15863361411436103,0.7880631685256958,2.8288491549233186e-09,0.0065389485,-0.09739525,0.078664154,0.12229602
20220408_134059,0.1551774906322517,0.7507126927375793,6.0191678308285645e-09,-0.0012406021,-0.094272755,0.07836083,0.11773916
20220408_134059,0.16174341197217326,0.7968094348907471,1.9798496175837954e-11,-0.003800469,-0.10150737,0.08234029,0.123065524
20220408_134100,0.16492386885415508,0.9162282943725586,5.09159603367948e-10,0.0069027776,-0.10772012,0.07887729,0.12886952
20220408_134100,0.16050015825268754,0.8258582949638367,9.094484054728014e-10,0.007668099,-0.10320921,0.08007414,0.12309228
20220408_134100,0.1503981717706227,0.7515444755554199,2.349108685351098e-09,0.015076076,-0.083713405,0.07495011,0.11389636
20220408_134100,0.16335046189081898,0.7601771354675293,2.0590753990745725e-08,0.012794805,-0.0936805,0.08273492,0.12355368
20220408_134100,0.15727498368714213,0.83118736743927,2.941544507972793e-10,0.014226607,-0.08773509,0.080427155,0.11766114
20220408_134101,0.15878446020832834,0.9090472459793091,6.56079746086391e-10,0.015380166,-0.09552964,0.07825692,0.12139552
20220408_134101,0.15558653542600187,0.7380980849266052,2.599152004734151e-10,0.010022827,-0.09184459,0.0769462,0.11906456
20220408_134101,0.16029050223203334,0.7582920789718628,3.2979261682664074e-11,0.0030997116,-0.099305004,0.079093955,0.12318561
20220408_134101,0.15852090068290534,0.7149606943130493,7.070847019008397e-09,0.006580595,-0.092687115,0.079786494,0.11949436
20220408_134101,0.15842539328290073,0.8246266841888428,5.667759039873488e-10,0.010717216,-0.09491466,0.07907158,0.12063628
20220408_134101,0.16766225374535926,0.7747513055801392,3.093982625657077e-09,0.009331548,-0.11013686,0.0812953,0.12964343
20220408_134101,0.1716020855006702,0.7898553609848022,8.283423252875011e-11,0.013655223,-0.11424916,0.083593965,0.13345273
20220408_134101,0.1716020855006702,0.7898553609848022,8.283423252875011e-11,0.013655223,-0.11424916,0.083593965,0.13345273
20220408_134102,0.17516817875434418,0.8301050662994385,3.27108756748018e-11,0.011190614,-0.120831236,0.08183501,0.13792297
20220408_134102,0.17516817875434418,0.8301050662994385,3.27108756748018e-11,0.011190614,-0.120831236,0.08183501,0.13792297
20220408_134102,0.1794186565581103,0.7853063344955444,2.0232311825907345e-08,0.014244529,-0.12864205,0.08302549,0.1433056
20220408_134102,0.1766097975267966,0.8241782784461975,6.192477086663928e-10,0.008452303,-0.1265872,0.08134526,0.14110957
20220408_134102,0.18056232362456384,0.8316686153411865,2.5030019723537578e-11,0.0077550546,-0.12848943,0.0854309,0.1424049
20220408_134102,0.1981902372945353,0.8604457378387451,3.4481736910230154e-11,0.0050811274,-0.15312308,0.08552108,0.16372393
20220408_134102,0.19871703343015543,0.8041965365409851,1.2059310494638709e-10,0.005919633,-0.1528892,0.08700219,0.16319536
20220408_134102,0.19478191861298225,0.8207980990409851,3.2792563803285546e-11,0.0084273,-0.14571519,0.08711932,0.15868284
20220408_134103,0.20735281199944144,0.8774229288101196,3.426734590528113e-11,0.0042287013,-0.15728554,0.09278381,0.16993734
20220408_134103,0.21729251616366346,0.9100070595741272,3.264438719341456e-11,0.0074539413,-0.1691823,0.09468284,0.17904162
20220408_134103,0.22625206114148375,1.1425654888153076,3.767444342606119e-11,0.005070823,-0.17547262,0.10092932,0.18493567
20220408_134103,0.24374546747380013,1.138100028038025,8.651786509439319e-10,-0.0038440682,-0.19402964,0.10466223,0.20265935
20220408_134103,0.2525338130381885,1.0140055418014526,5.504499633879334e-11,0.0008388532,-0.20437646,0.10600314,0.21165009
20220408_134103,0.25386388233606955,1.1797776222229004,4.5471546666897567e-11,0.003065236,-0.20349488,0.107660785,0.2119324
20220408_134103,0.251614795150729,1.1703020334243774,3.567202089271859e-11,0.006120846,-0.19986098,0.10774864,0.20845778
20220408_134104,0.2527560392079815,1.0547831058502197,3.366610115684843e-11,0.0021878576,-0.19833013,0.109546356,0.2079941
20220408_134104,0.26647826574080336,1.1738922595977783,6.101321531337689e-11,-0.0018917333,-0.21500835,0.11104082,0.22358891
20220408_134104,0.26142028876071166,1.2981077432632446,1.5778132134158795e-09,0.001498181,-0.21002933,0.109066434,0.21913318
20220408_134104,0.268083333576474,1.228799819946289,5.475419562195327e-10,-0.0056419163,-0.21320292,0.117574915,0.22115554
20220408_134104,0.2723134344364334,1.2341980934143066,1.2935472137876047e-10,-0.0055752737,-0.21789044,0.117607094,0.22647996
20220408_134104,0.27537133388565804,1.1953617334365845,4.6102812539805527e-11,-0.0028118968,-0.22234991,0.11590657,0.23107283
20220408_134104,0.28176029842207767,1.1915576457977295,4.9601531770804286e-08,-0.0076843174,-0.22960986,0.11696312,0.23710373
20220408_134105,0.2845740210542885,1.2792454957962036,7.895611386921075e-10,-0.010177285,-0.22944272,0.1184724,0.23979838
20220408_134105,0.28203326780568544,1.1540331840515137,2.106951280111957e-09,-0.0058054724,-0.22693981,0.12084186,0.23414023
20220408_134105,0.28312563573745414,1.3784899711608887,1.641509150829279e-09,-0.008827565,-0.2292443,0.11737924,0.23763967
20220408_134105,0.2792455547495963,1.3362946510314941,1.970035107268231e-10,-0.013290468,-0.22244927,0.12095647,0.23275732
20220408_134105,0.2774362583675805,1.2185797691345215,4.5392017922196715e-10,-0.013831131,-0.22144328,0.117136955,0.23130764
20220408_134105,0.27646521029660587,1.494136095046997,6.938852603610712e-09,-0.013074123,-0.22222416,0.116140395,0.23199403
20220408_134105,0.2720332609064608,1.0855854749679565,1.0856530119340846e-09,-0.011296535,-0.21270566,0.11849685,0.22392789
20220408_134106,0.2749534951822071,1.269173502922058,5.165519123551121e-10,-0.007319937,-0.21721692,0.12143569,0.22617382
20220408_134106,0.27276710452335384,1.1651370525360107,2.879948710066138e-11,-0.009047425,-0.20976073,0.12493494,0.22089997
20220408_134106,0.2769507242915615,1.302651047706604,1.1944255307039242e-10,-0.01177488,-0.22221623,0.11969995,0.23029712
20220408_134106,0.2720721875490046,1.1591856479644775,6.711674965798053e-11,-0.016938878,-0.21416146,0.119979806,0.22436291
20220408_134106,0.2638136602132248,1.1408472061157227,5.0483790758892866e-11,-0.0128703145,-0.21200837,0.112955086,0.21977107
20220408_134106,0.2633824182045217,1.339096188545227,6.985793887803737e-11,-0.013251074,-0.20831583,0.11099516,0.22049704
20220408_134106,0.2605328313320565,1.2656551599502563,3.151272992552023e-11,-0.007373694,-0.20590296,0.11406621,0.21522138
20220408_134107,0.24645959036093526,1.0702500343322754,3.417416349904556e-10,-0.0004355133,-0.19135828,0.10687061,0.20315959
20220408_134107,0.2423569764616831,1.1232177019119263,1.182844378000425e-10,-0.0054499195,-0.18696229,0.10612732,0.19933978
20220408_134107,0.24036717587963857,1.1048485040664673,2.1150647205869788e-11,0.00017602094,-0.18700378,0.104236364,0.19903456
20220408_134107,0.23744130846376962,1.2519712448120117,1.589258447065589e-10,-0.005137545,-0.18838914,0.100201204,0.19771144
20220408_134107,0.23763040748167166,1.1480787992477417,3.632852005330811e-11,-0.009440336,-0.18453363,0.102973774,0.19633867
20220408_134107,0.23687295399569722,1.140257716178894,4.692925562044259e-11,-0.0029703863,-0.18674079,0.10078685,0.1968227
20220408_134108,0.24106463849504764,0.9785444736480713,1.8258537737292357e-10,0.0010609914,-0.19133005,0.102578394,0.20073438
20220408_134108,0.23086168923499117,1.1099990606307983,3.6763304206433034e-11,0.0025921292,-0.18194969,0.09894296,0.1908698
20220408_134108,0.22498225243349315,1.0475150346755981,4.743261686201983e-11,0.0030217525,-0.17616427,0.09690062,0.1870438
20220408_134108,0.2223546918120744,0.9242663979530334,3.655445390826628e-11,0.0053344574,-0.17062819,0.09967194,0.18114552
20220408_134108,0.22673349497365552,0.9589875936508179,2.2900817353566083e-10,0.0036175414,-0.17609484,0.09724884,0.1872524
20220408_134108,0.2180656741527407,0.9355164170265198,4.000078393517903e-11,0.009186175,-0.16548938,0.09712087,0.17801926
20220408_134108,0.2138258763918293,0.899427592754364,1.9780442561678768e-10,0.0068143327,-0.16512653,0.09797826,0.1728514
20220408_134109,0.207994780210806,0.9648327231407166,3.0493076813575826e-11,0.00814351,-0.1566188,0.09339117,0.1693068
20220408_134109,0.20285234938879387,1.0114269256591797,1.0472026024110903e-10,0.011167997,-0.15420634,0.09125664,0.1639362
20220408_134109,0.2013259797719257,0.9200841188430786,7.701884685573646e-10,0.013155155,-0.15103629,0.09100623,0.16299191
20220408_134109,0.19226577922099936,0.9686241149902344,2.1500812241725953e-10,0.009519603,-0.14084058,0.08822935,0.1541294
20220408_134109,0.1872642023923492,0.8937739133834839,5.123824281527689e-11,0.010356745,-0.1358687,0.08583243,0.14979108
20220408_134109,0.176732724848179,0.8018925189971924,4.802926112379424e-11,0.013738072,-0.12773663,0.08325202,0.14028646
20220408_134110,0.1734347021752481,0.9607436656951904,3.9745668561907976e-11,0.014137531,-0.121476576,0.08372473,0.13609321
20220408_134110,0.1737037418963066,0.8375423550605774,4.3889916007122665e-11,0.016084017,-0.120744735,0.08349213,0.1355824
20220408_134110,0.17493070343748401,0.7852717638015747,5.820366758002571e-11,0.0207592,-0.12363656,0.08542755,0.13634959
20220408_134110,0.175868213680003,0.8811642527580261,4.204251530248726e-11,0.018100461,-0.121026814,0.084613144,0.13759455
20220408_134110,0.17143718739192856,0.8499383926391602,4.629679625778316e-11,0.017658627,-0.1203401,0.08181375,0.13391924
20220408_134110,0.173227557924124,0.8045281171798706,9.201220341203964e-11,0.015060586,-0.12101901,0.084566906,0.13460858
20220408_134110,0.17448977694055917,0.8470190763473511,3.081784133440735e-11,0.020882145,-0.116777964,0.08568686,0.13525404
20220408_134111,0.1738456809116359,0.7397223114967346,3.074482335385653e-11,0.01713116,-0.122429684,0.08212331,0.13754626
20220408_134111,0.17411892910329121,0.8791300058364868,2.810679987363951e-11,0.022491045,-0.12264795,0.08218805,0.13729967
20220408_134111,0.17881223861029794,0.9175313711166382,4.23798357518379e-11,0.009214298,-0.12897286,0.08362609,0.14289947
20220408_134111,0.1727371666589317,0.7707804441452026,7.098276827433025e-11,0.008930867,-0.120762795,0.08374458,0.1356338
20220408_134111,0.17719506253184975,0.7369647026062012,2.2055104409446358e-09,0.005884389,-0.12458736,0.0827295,0.14160952
20220408_134111,0.17982109443870142,0.7506266236305237,2.9551326663490585e-11,0.009772635,-0.12825611,0.08369247,0.14408538
20220408_134111,0.17803751440124432,1.0564147233963013,7.09426017930781e-10,0.0116535025,-0.122018926,0.0844425,0.1411414
20220408_134112,0.17680738058061715,0.8264314532279968,3.3035345292642404e-11,0.0065667043,-0.123757064,0.08722713,0.13759
20220408_134112,0.17959734385002876,0.8921251893043518,5.425849214368839e-10,0.010716879,-0.12571439,0.08738846,0.14111976
20220408_134112,0.18798922548119965,0.8865454196929932,3.1696791857882545e-09,0.008020453,-0.13670717,0.08777313,0.1504789
20220408_134112,0.19065820023817207,0.9190787076950073,4.612361326206127e-10,0.0040959055,-0.140386,0.089419715,0.15282682
20220408_134112,0.1949916809053843,0.8303524255752563,1.526598708556648e-10,0.0010447055,-0.14737514,0.087572165,0.15922894
20220408_134112,0.2078994832584507,0.9844855666160583,3.778021992473235e-11,-0.0068643945,-0.16150633,0.093059584,0.16998695
20220408_134112,0.20851414808890545,0.9371725916862488,3.9488551317745646e-11,-0.0014789294,-0.1633167,0.08963657,0.17383397
20220408_134113,0.2109024168334664,1.066184163093567,4.260446509474214e-11,3.5575486e-05,-0.16256456,0.09494781,0.17194657
20220408_134113,0.2245758183236031,1.15491783618927,3.051043862001279e-10,-0.0045945058,-0.17565843,0.096397035,0.1866087
20220408_134113,0.22426942501131253,1.1580389738082886,4.9137343499650044e-11,-0.0018561453,-0.17632553,0.09683546,0.1860245
20220408_134113,0.21990988226192854,1.1967679262161255,2.2023449036678855e-11,-0.0073250625,-0.17063485,0.099082254,0.18019706
20220408_134113,0.2180204457393499,1.0737758874893188,4.581668031078401e-11,0.0024614902,-0.16364919,0.09941327,0.17645344
20220408_134113,0.2242176228153577,1.0555635690689087,1.960138822088009e-11,-0.0017649081,-0.1695571,0.10345445,0.18148267
20220408_134113,0.22593004831699062,1.0700573921203613,4.779487028372387e-09,-0.001781137,-0.17494275,0.09929946,0.186583
20220408_134114,0.22624938618828674,0.9706094861030579,3.697477046760156e-11,-0.0010194917,-0.17259751,0.102156386,0.18425491
20220408_134114,0.23052385491499588,1.1534889936447144,4.73140593371113e-09,-0.006165699,-0.17931178,0.10180707,0.1891367
20220408_134114,0.22304277021106197,1.098088026046753,4.179596946318753e-11,-0.0067798514,-0.17142545,0.09956229,0.1818514
20220408_134114,0.23257571823854595,0.9820535778999329,4.875077078136947e-11,-0.014496442,-0.18103077,0.10396924,0.19108868
20220408_134114,0.2363910927713834,1.0164587497711182,1.5828587052180154e-10,-0.019274019,-0.18589075,0.104829326,0.1951708
20220408_134114,0.23722776074438293,1.1002277135849,3.4536491722025886e-11,-0.008026623,-0.18672,0.104179375,0.19669753
20220408_134114,0.23604347787299979,1.1587486267089844,3.817495625169087e-11,-0.0010827499,-0.18421431,0.100904115,0.19566247
20220408_134115,0.22584414661590024,1.0167641639709473,3.799604797460887e-10,-0.0050529256,-0.17359136,0.10121284,0.18467239
20220408_134115,0.23105651099894037,1.0885568857192993,4.2703715563696676e-11,-0.009455371,-0.1768645,0.106864005,0.18562995
20220408_134115,0.2328578406355077,1.0990350246429443,3.409120208353045e-11,-0.011133722,-0.18054025,0.10262851,0.19100519
20220408_134115,0.24413245005076795,0.9755054712295532,1.433596158451067e-10,-0.014573873,-0.19505547,0.106688626,0.20247084
20220408_134115,0.2426840575208628,1.1211297512054443,4.4263145232426027e-11,-0.002318402,-0.19426104,0.10200056,0.20324387
20220408_134115,0.23516461985659343,0.9570553302764893,1.843656997901899e-11,-0.0019668383,-0.18728086,0.09960596,0.19626422
20220408_134115,0.23686528159665748,1.170531988143921,4.878209391989685e-09,-0.0020451425,-0.19040759,0.10218978,0.19804782
20220408_134115,0.241958414703884,0.977792501449585,5.3174065844929785e-11,0.0029246877,-0.19235793,0.10344064,0.20136501
20220408_134116,0.23390565862010423,1.123703122138977,3.482835200796508e-11,0.0059583825,-0.18437381,0.10059102,0.1944106
20220408_134116,0.2479726888591559,1.1215397119522095,2.7393146778686983e-11,0.007931896,-0.19888602,0.10569623,0.20640956
20220408_134116,0.2356734986730706,0.9004415273666382,1.252419140618244e-10,-0.00017159825,-0.18539324,0.10497534,0.19342563
20220408_134116,0.22353147704859738,1.0620489120483398,4.548799531489678e-11,0.0025268097,-0.16883647,0.10049397,0.1820478
20220408_134116,0.23352638691577793,1.1003193855285645,3.253869049202329e-11,-0.0018665313,-0.18088867,0.1029417,0.1919065
20220408_134116,0.23580340380027362,1.0984925031661987,7.007737445885454e-11,-0.00080042676,-0.18490309,0.10531091,0.19379158
20220408_134117,0.23318774101739917,1.0316184759140015,2.476736524203993e-11,0.0018471522,-0.18288094,0.10106527,0.19285837
20220408_134117,0.23870109155232194,1.0422208309173584,2.62461129219016e-11,-0.00096970535,-0.18576209,0.10462611,0.19670253
20220408_134117,0.24265050093833096,0.9953188300132751,1.4077541354851064e-09,-0.0014048441,-0.188384,0.10703228,0.19932519
20220408_134117,0.24501510009837993,1.1468368768692017,3.269450335463553e-11,0.003191845,-0.18904367,0.10754515,0.20159741
20220408_134117,0.2528719143804055,1.162689208984375,3.8900157400822977e-11,-0.0016083135,-0.20023035,0.10933886,0.20990655
20220408_134118,0.25175551463702994,1.1539983749389648,8.591562183912771e-11,-0.0017373677,-0.19687714,0.11109032,0.2073412
20220408_134118,0.2520200010502583,1.1221508979797363,5.212260067999352e-10,0.004929434,-0.19351086,0.110923685,0.20713808
20220408_134118,0.2614810774520348,1.1412111520767212,1.1773337513232285e-11,0.0025742177,-0.20330453,0.1142317,0.21600434
20220408_134118,0.26250416521770725,1.1915409564971924,2.663713971617909e-10,-0.0032896118,-0.20766962,0.1132139,0.21803193
20220408_134118,0.26489463464710894,1.2571096420288086,2.853798967972221e-11,-0.009333438,-0.20976035,0.11530867,0.21951616
20220408_134118,0.2812584293140304,1.1288381814956665,5.4784694142329116e-11,-0.0138453245,-0.22743662,0.11663609,0.23776972
20220408_134119,0.29388816301235626,1.339179515838623,3.441465862286108e-11,-0.015816785,-0.24124414,0.118835956,0.2501557
20220408_134119,0.29778623243649355,1.4447287321090698,1.3008204513553778e-09,-0.015148251,-0.24446675,0.120487474,0.25292036
20220408_134119,0.30063434069972195,1.2312427759170532,1.478952793565469e-10,-0.010583221,-0.24563767,0.12376044,0.2546065
20220408_134119,0.3038314589979771,1.2788013219833374,2.3693307732441937e-11,-0.009559368,-0.25127774,0.12228811,0.25906497
20220408_134119,0.3110081895254715,1.4183145761489868,2.887878651491871e-11,-0.008417796,-0.25410432,0.1275981,0.26394996
20220408_134119,0.3140839865564106,1.51859450340271,3.126288811161615e-11,-0.0053453264,-0.2576507,0.12594774,0.2675201
20220408_134119,0.31670827196796153,1.4345662593841553,1.733843103812749e-11,-0.014120844,-0.26325515,0.12643579,0.2703762
20220408_134120,0.3142260686688176,1.4114124774932861,5.21699972111378e-09,-0.020520113,-0.2595178,0.12664033,0.26769075
20220408_134120,0.30872269467848573,1.348510503768921,2.295491401127503e-11,-0.027774664,-0.24813853,0.13094372,0.25943625
20220408_134120,0.3124769190652269,1.3060228824615479,1.707843241827156e-11,-0.035488155,-0.25269994,0.1325279,0.26232484
20220408_134120,0.32168250210867083,1.416119933128357,7.831085606369026e-12,-0.038938925,-0.26209846,0.13695435,0.27097106
20220408_134120,0.32744110043364116,1.6382559537887573,8.519797645156757e-10,-0.040272593,-0.2677019,0.13452116,0.279256
20220408_134120,0.31934019882284287,1.434146761894226,2.4887298818998538e-11,-0.030594183,-0.25875896,0.13230856,0.27091503
20220408_134121,0.32064476868351116,1.504940152168274,2.5735669595405852e-08,-0.03358746,-0.25867945,0.1311215,0.27245727
20220408_134121,0.3125814051985423,1.3817259073257446,1.9210652513201865e-10,-0.020696325,-0.24887045,0.13354312,0.26060078
20220408_134121,0.3129816492106904,1.488051414489746,1.3491872896675972e-10,-0.024733886,-0.2527946,0.12904167,0.2651885
20220408_134121,0.30586047717314746,1.4241673946380615,3.382908120297401e-10,-0.016418539,-0.24766733,0.124656275,0.25975898
20220408_134121,0.3054557325863519,1.453332781791687,1.9116417337983194e-09,-0.022783376,-0.24408819,0.12872073,0.25624272
20220408_134121,0.303527032246443,1.3378177881240845,1.3332180845426755e-11,-0.013506665,-0.24125047,0.12622623,0.2543633
20220408_134121,0.3011198555409708,1.3718072175979614,3.555450378556202e-11,-0.014498273,-0.24059111,0.126212,0.2530748
20220408_134122,0.29478803644792656,1.4665465354919434,2.610082115717116e-11,-0.016148202,-0.23822302,0.121465184,0.24885345
20220408_134122,0.2927768503380498,1.4758671522140503,4.6053296592907245e-11,-0.02704592,-0.23289518,0.12237463,0.24644507
20220408_134122,0.2898367669054205,1.5072510242462158,1.0068771372218066e-09,-0.024321778,-0.23065662,0.12315871,0.24270205
20220408_134122,0.2823911601586131,1.4514535665512085,3.5521127705884226e-11,-0.027473602,-0.2240006,0.12108536,0.23634984
20220408_134122,0.28632741373307014,1.6661455631256104,1.8164617587856924e-09,-0.028312678,-0.22811492,0.12064369,0.24055043
20220408_134122,0.28024083631651625,1.340904951095581,4.282340454464517e-11,-0.01853113,-0.22560012,0.11621573,0.23651657
20220408_134122,0.27801783022952525,1.3269336223602295,4.737165104629071e-10,-0.012046652,-0.22391972,0.11765321,0.23298971
20220408_134123,0.26839311286068995,1.234844446182251,8.305615917247877e-11,-0.01237512,-0.21334992,0.11203103,0.22494076
20220408_134123,0.2625361256247587,1.248011827468872,2.7586223236286678e-11,-0.013136992,-0.20620361,0.111542486,0.21923603
20220408_134123,0.2613936075031404,1.2323662042617798,1.4198442421786694e-10,-0.0062450394,-0.20632716,0.111258894,0.21699873
20220408_134123,0.2613936075031404,1.2323662042617798,1.4198442421786694e-10,-0.0062450394,-0.20632716,0.111258894,0.21699873
20220408_134123,0.24479640910580736,1.3707712888717651,4.132292598379994e-12,-0.0048505934,-0.18935539,0.105143145,0.20253254
20220408_134123,0.232385118228588,1.199264645576477,3.144001725630119e-11,-0.0025894041,-0.17950898,0.10129928,0.19096474
20220408_134123,0.2329628419770381,1.3289576768875122,2.683618258170206e-11,-0.006964549,-0.17776717,0.10161112,0.19182824
20220408_134124,0.23097267964467705,1.0545573234558105,3.196862219390084e-11,-0.0042475592,-0.16939442,0.10490022,0.18708253
20220408_134124,0.22647060934855068,1.1657506227493286,2.5480022605717245e-11,-0.006546655,-0.16429046,0.10477029,0.1825879
20220408_134124,0.22588663045636095,1.2067859172821045,2.7166841692904953e-11,-0.006582199,-0.16603597,0.104307875,0.18160546
20220408_134124,0.23097415197950377,0.9901981949806213,1.3694425801680232e-11,-0.008230351,-0.17392807,0.106418565,0.18739137
20220408_134124,0.22452418202351002,1.0643116235733032,3.5974181966658136e-10,-0.010592827,-0.16529897,0.102942325,0.1812641
20220408_134124,0.22131047420383118,0.9646263718605042,2.5872020081862956e-09,-0.0064600334,-0.16603681,0.10033288,0.1797016
20220408_134125,0.21259714860455112,1.0713340044021606,3.1675867484537434e-10,-0.005757094,-0.1535896,0.09809656,0.17084381
20220408_134125,0.2144203609478849,1.2050111293792725,2.4058028139095633e-11,0.0036181665,-0.1539604,0.09816263,0.1728193
20220408_134125,0.2152252249696254,1.262100338935852,2.8404910368262648e-11,-0.0025499645,-0.16041291,0.10111618,0.1728872
20220408_134125,0.2113201109405654,1.252498984336853,2.5306118311974046e-11,-0.0017186131,-0.15310016,0.099581935,0.16810535
20220408_134125,0.21326344996285934,1.033050775527954,5.840023343389733e-12,-0.0073983376,-0.15920973,0.09708708,0.17337672
20220408_134125,0.2196571837212053,1.1434919834136963,1.3630578610257515e-10,-0.0112510575,-0.16673237,0.1013398,0.17711338
20220408_134126,0.22167433072395,1.108642816543579,2.2848306580058875e-11,-0.0008030172,-0.1691964,0.10012005,0.18132043
20220408_134126,0.21950822664386632,1.0545674562454224,5.5393953313220834e-11,0.0018938854,-0.16578281,0.09989295,0.17842607
20220408_134126,0.22918615142980944,1.128504991531372,1.7788000239438162e-11,0.00018496692,-0.17950493,0.10154973,0.18854307
20220408_134126,0.23407529360189264,0.919696033000946,8.448375332648084e-11,-0.0065495525,-0.18558556,0.100399956,0.19558778
20220408_134126,0.23359316725004464,1.259426236152649,2.6409265399540693e-11,-0.008873097,-0.18527666,0.09999297,0.19415428
20220408_134126,0.23171153640164108,1.1654810905456543,3.33113189809886e-11,-0.013106987,-0.17991045,0.103373766,0.19030797
20220408_134126,0.23172663789589584,1.2605297565460205,2.7875588989867417e-11,-0.011935202,-0.18075275,0.09965596,0.19223474
20220408_134126,0.23024602203760547,1.069096565246582,2.7893827872493837e-11,-0.009811058,-0.1778641,0.100074105,0.18944865
20220408_134127,0.22588897087725066,1.1417876482009888,3.5611395776680155e-11,-0.006410215,-0.16786888,0.10550532,0.1817038
20220408_134127,0.22969511179488133,1.0940133333206177,5.0914893828801766e-11,-0.00904811,-0.169752,0.10595847,0.18526721
20220408_134127,0.2372255011423339,1.0259579420089722,2.640047035151749e-11,-0.009568485,-0.18242477,0.10402152,0.19527213
20220408_134127,0.23961943882535774,1.221640706062317,4.938095765627537e-11,-0.011889379,-0.18294677,0.10761964,0.19554707
20220408_134127,0.23227815644616728,1.1660170555114746,4.386504354192411e-11,-0.005317926,-0.17651978,0.10442606,0.18985936
20220408_134127,0.23074436618060895,1.0376801490783691,3.297168787996796e-11,-0.011898682,-0.17215112,0.107235245,0.18425734
20220408_134127,0.23521562924648212,1.2032768726348877,3.517188970625362e-11,-0.02728595,-0.17598213,0.10908675,0.18967791
20220408_134128,0.2347874238328656,1.03818678855896,1.6569515204345464e-10,-0.021994045,-0.18133174,0.106117904,0.19162446
20220408_134128,0.23417934850721758,1.2021180391311646,1.4502418363426806e-11,-0.024842743,-0.17626613,0.10996417,0.18779248
20220408_134128,0.2412558257092355,1.188102126121521,3.653647523416126e-11,-0.022330437,-0.18125844,0.11071763,0.19591114
20220408_134128,0.23587781978569736,1.2275993824005127,4.123155983304372e-11,-0.024060756,-0.17495918,0.107995965,0.19093403
20220408_134128,0.24229957552132012,1.1670559644699097,5.1335196510349235e-11,-0.023489056,-0.18814956,0.1067719,0.19887659
20220408_134128,0.24261948826176913,1.2483067512512207,8.655254984946126e-11,-0.026179144,-0.18310763,0.11061969,0.19733913
20220408_134128,0.2418548540778876,1.239250659942627,3.8204207158942793e-11,-0.023451699,-0.18330434,0.112155005,0.19491115
20220408_134129,0.25311911400021375,1.2385456562042236,2.4326443637257e-11,-0.027806044,-0.1990564,0.11107772,0.21009494
20220408_134129,0.25547164947517165,1.1575212478637695,5.28583898873336e-10,-0.021055764,-0.20025025,0.111582294,0.21115367
20220408_134129,0.2608483135578554,1.2771888971328735,1.4274355135401873e-11,-0.024314731,-0.20690121,0.11256715,0.2167773
20220408_134129,0.25556034014378437,1.3034465312957764,1.1033454150322086e-08,-0.019647816,-0.20353003,0.108630426,0.21359377
20220408_134129,0.260053427271231,1.1766544580459595,3.334352585704359e-11,-0.021193303,-0.20493919,0.112990566,0.2153946
20220408_134129,0.26006174443225855,1.13028085231781,1.037957164662373e-09,-0.018996002,-0.20353809,0.11488413,0.21443646
20220408_134129,0.25646095109857214,1.408631443977356,1.5435730818524895e-11,-0.024937112,-0.19897738,0.11201898,0.21145263
20220408_134129,0.2623429411497892,1.214625358581543,2.8537991414445685e-11,-0.022640204,-0.20260353,0.117019616,0.21520203
20220408_134130,0.24806028619155246,1.032990574836731,4.330888078718509e-11,-0.0133028235,-0.19085485,0.111592144,0.20230435
20220408_134130,0.25618630867342784,1.304081678390503,7.403498702984734e-09,-0.0129148215,-0.20298457,0.10821212,0.21456484
20220408_134130,0.2648086632308555,1.1930423974990845,2.978901847416893e-11,-0.015760519,-0.21222419,0.11273331,0.22164224
20220408_134130,0.26816230086549564,1.176337480545044,6.900367777173955e-11,-0.023917034,-0.2149182,0.112894714,0.22509459
20220408_134130,0.2723204861675124,1.178056001663208,1.1816400635744628e-10,-0.02973719,-0.21926993,0.114512116,0.22826062
20220408_134130,0.27834875352728855,1.357879877090454,1.4425582950394755e-09,-0.023403615,-0.22851592,0.11376538,0.23645324
20220408_134131,0.28455378278524435,1.289025902748108,2.4340527857158456e-11,-0.015996857,-0.23173985,0.118689515,0.23937865
20220408_134131,0.29134783050506957,1.3080105781555176,2.3142595478864436e-11,-0.022568993,-0.2386448,0.11892291,0.24686567
20220408_134131,0.30156684189589955,1.335001826286316,1.7970819277124406e-11,-0.03593263,-0.24594276,0.12752041,0.25340012
20220408_134132,0.29736703223579664,1.4038872718811035,1.3082369909600544e-10,-0.030963311,-0.24167207,0.1262337,0.2495982
20220408_134132,0.30607638019579053,1.4259934425354004,1.398890336901104e-09,-0.024525303,-0.25279894,0.12709412,0.25956804
20220408_134132,0.3089541433771467,1.4769392013549805,4.62546179136325e-09,-0.024917375,-0.25442615,0.12715808,0.261977
20220408_134132,0.3110001974571958,1.3205616474151611,5.6090271316477924e-11,-0.025129229,-0.2574936,0.12627049,0.26460758
20220408_134132,0.31136412084419074,1.3327386379241943,2.1005716263622354e-11,-0.025384482,-0.2561158,0.12736945,0.26442412
20220408_134133,0.3254450380229538,1.441615343093872,3.200882961462703e-11,-0.035095494,-0.27288106,0.1304504,0.27830237
20220408_134133,0.332240649669377,1.434179425239563,5.459430477139371e-11,-0.024830041,-0.27799672,0.13114093,0.2853312
20220408_134133,0.3266126161232857,1.624047040939331,2.251984362877657e-11,-0.029632432,-0.27309,0.13187167,0.27876848
20220408_134133,0.32544057804875254,1.3303203582763672,2.2356169693260597e-10,-0.032232866,-0.26986238,0.13257693,0.27745205
20220408_134134,0.3263880242764086,1.5284302234649658,3.5976543966143026e-10,-0.029456811,-0.27172935,0.13251208,0.2779428
20220408_134134,0.33713511751367753,1.4417380094528198,3.7227384369620253e-11,-0.027859163,-0.2811093,0.1345029,0.28774825
20220408_134134,0.33809117986403736,1.4856559038162231,1.7856326139931156e-10,-0.033542395,-0.28427508,0.13553658,0.289254
20220408_134134,0.3335598473712893,1.3666353225708008,7.892997366809595e-10,-0.027075179,-0.27937582,0.13403876,0.28481328
20220408_134134,0.3368634051449276,1.5134955644607544,4.7909370914922533e-11,-0.03418115,-0.28163406,0.13484707,0.28681824
20220408_134135,0.33966622821965586,1.524009108543396,2.67523364572142e-10,-0.035795778,-0.28049803,0.13911518,0.2875881
20220408_134135,0.34347962272218335,1.7295833826065063,2.0114018783878862e-10,-0.03151509,-0.28531578,0.14080207,0.2922487
20220408_134135,0.3449362945228262,1.481025218963623,2.9850164007250157e-10,-0.02639168,-0.29072705,0.13674948,0.29476482
20220408_134135,0.3448771643725442,1.6140832901000977,5.112485990110827e-10,-0.023733828,-0.28837377,0.13763209,0.29388466
20220408_134135,0.3311672074081489,1.3968071937561035,3.135049511659993e-11,-0.0148767745,-0.27014711,0.13566181,0.27889004
20220408_134136,0.3321979671904588,1.4315294027328491,1.1256399146120089e-09,-0.028616123,-0.26903126,0.13881919,0.27914828
20220408_134136,0.3322665508296659,1.5921791791915894,4.93873519857857e-09,-0.026765125,-0.27200085,0.13826966,0.279112
20220408_134136,0.33905306381668854,1.6167213916778564,3.3277425259825577e-10,-0.036211163,-0.278926,0.1381631,0.28699088
20220408_134136,0.33654648148301697,1.5262864828109741,3.7040329137205674e-11,-0.037684366,-0.27416188,0.14116931,0.28250697
20220408_134136,0.33955354577316144,1.520749807357788,3.8155536508099885e-09,-0.044431977,-0.28199375,0.1396553,0.28779203
20220408_134137,0.338502934154558,1.4539762735366821,2.6313906609232163e-10,-0.04286938,-0.2798511,0.13983418,0.2865339
20220408_134137,0.3280083213054065,1.5849937200546265,1.5338568956635434e-11,-0.038154792,-0.2662504,0.13828802,0.27423316
20220408_134137,0.33292975982275785,1.4784291982650757,4.888711657713429e-10,-0.034907136,-0.2703091,0.13731377,0.28071728
20220408_134137,0.33608728500648943,1.4425551891326904,2.9739540691187116e-11,-0.030320143,-0.27416754,0.13924389,0.28274116
20220408_134137,0.33043941916883723,1.3226948976516724,6.743904046313531e-11,-0.025379935,-0.26623324,0.13923073,0.27499324
20220408_134137,0.33503331523811847,1.5416346788406372,7.558181303046752e-10,-0.03343849,-0.26996928,0.14496598,0.27890944
20220408_134138,0.3366167027387764,1.5121864080429077,2.4336466869501194e-11,-0.03122115,-0.27260846,0.14532714,0.27985814
20220408_134138,0.33988160147267554,1.490755558013916,1.265036742026382e-09,-0.03498705,-0.27500424,0.14298853,0.2840619
20220408_134138,0.341458814057255,1.3510838747024536,3.0480149654232847e-11,-0.03513333,-0.27597472,0.14503844,0.2850302
20220408_134138,0.33852785406881925,1.4429360628128052,2.1801027996759537e-11,-0.030433439,-0.27286282,0.1424118,0.28294384
20220408_134138,0.34940178923922377,1.4501971006393433,2.930721637595113e-11,-0.04681053,-0.28180608,0.14988385,0.29060152
20220408_134139,0.3472132401143461,1.5782140493392944,1.0771838976353365e-09,-0.04305599,-0.27938452,0.15005226,0.28795844
20220408_134139,0.35272729851630513,1.4203648567199707,3.5398181608137236e-10,-0.042107716,-0.28339252,0.15019098,0.2953636
20220408_134139,0.34644790584090507,1.4626615047454834,2.3693425693638304e-11,-0.042787805,-0.2794014,0.14938067,0.28837556
20220408_134139,0.3411560905118467,1.3877441883087158,5.243238065943956e-10,-0.036874767,-0.27236307,0.14511834,0.28332493
20220408_134139,0.3359330157330636,1.4910908937454224,1.529165571945157e-09,-0.0281078,-0.26693183,0.14638713,0.2780058
20220408_134140,0.33083785228318924,1.4758021831512451,5.489898119437342e-11,-0.025326563,-0.26446265,0.1425686,0.27557552
20220408_134140,0.3284717575587905,1.527550458908081,1.2574402852294497e-08,-0.03001153,-0.25934705,0.14442419,0.27071542
20220408_134140,0.31221747125425947,1.270343542098999,6.526563317565959e-11,-0.025836738,-0.24554959,0.13683976,0.25650355
20220408_134140,0.31151184997153,1.4877840280532837,8.519810967833052e-10,-0.0206401,-0.24445991,0.13679217,0.2551824
20220408_134141,0.3036316534329644,1.4209617376327515,1.765023960320633e-10,-0.01503534,-0.23615167,0.1371353,0.24688828
20220408_134141,0.29515023202844787,1.3951131105422974,1.0502261560407788e-10,-0.01804673,-0.22830392,0.13324864,0.23992208
20220408_134141,0.2833156107682169,1.2102158069610596,3.136356452326794e-11,-0.016685888,-0.22108836,0.12492537,0.23283388
20220408_134141,0.27297809144175517,1.1579275131225586,3.734259429455378e-11,-0.012853539,-0.21087119,0.121103905,0.22391142
20220408_134141,0.26961356777165985,1.2319287061691284,6.135892349767857e-10,-0.016351385,-0.20907192,0.12168734,0.22054133
20220408_134141,0.2717114451491003,1.2014883756637573,6.546162917286935e-11,-0.015629057,-0.2096101,0.11891149,0.22368151
20220408_134142,0.26647230387352044,1.2723593711853027,9.214789487010933e-10,-0.009335419,-0.2064136,0.118174784,0.2174417
20220408_134142,0.26593670279998743,1.2405917644500732,2.2542109845424818e-10,-0.013838133,-0.20667815,0.120283276,0.21674347
20220408_134142,0.26072920531348726,1.1832460165023804,2.938712120870157e-11,-0.012727307,-0.20010151,0.11767367,0.21222699
20220408_134142,0.25175603162550286,1.218376636505127,3.911419632629531e-09,-0.015865013,-0.18656956,0.11841672,0.20081975
20220408_134142,0.25197660981949027,1.2148504257202148,5.77511545529763e-11,-0.013629982,-0.18628314,0.11916289,0.20075944
20220408_134143,0.26004639821086317,1.0321872234344482,4.5541393572934297e-11,-0.015814237,-0.19992608,0.11648736,0.21129888
20220408_134143,0.26314142552720343,1.2374309301376343,3.075740551139461e-09,-0.018802823,-0.2034625,0.12005193,0.2134574
20220408_134143,0.2593876557489344,1.3303109407424927,3.6749079473930024e-11,-0.011222761,-0.19868666,0.11795369,0.20988499
20220408_134143,0.26038836425371525,1.0953762531280518,7.700926007991882e-10,-0.010532305,-0.1984214,0.11803455,0.2123947
20220408_134143,0.26002977851623466,1.129483938217163,4.8323088586155194e-11,-0.011262089,-0.20246686,0.114779875,0.21456453
20220408_134143,0.26062052372202593,1.0570663213729858,8.101133097682123e-10,-0.01661405,-0.19768128,0.119282894,0.21156374
20220408_134144,0.25194621827915265,1.0503326654434204,4.600143529986944e-11,-0.014738683,-0.18921517,0.11718391,0.2022786
20220408_134144,0.25572474967244446,1.1647812128067017,5.371203481985276e-11,-0.01819369,-0.19565006,0.114688024,0.20836057
20220408_134144,0.25886261008798134,1.2498087882995605,3.4828893241689585e-11,-0.0218462,-0.19699894,0.11893639,0.20951557
20220408_134144,0.2601615412785612,1.151613473892212,4.770604050685634e-11,-0.019988636,-0.19624087,0.12040406,0.21022597
20220408_134144,0.2641480929279334,1.073554515838623,3.992788044637763e-11,-0.030638732,-0.203916,0.121936746,0.21502015
20220408_134145,0.2641645324310664,1.1118801832199097,1.0018939011757766e-09,-0.02319985,-0.20006078,0.121743985,0.21427995
20220408_134145,0.2671428255554819,1.2188241481781006,3.822426750121899e-11,-0.026998121,-0.20423499,0.123728134,0.21650136
20220408_134145,0.275880223538139,1.1506003141403198,5.0002443158225773e-11,-0.027900489,-0.2174157,0.122494325,0.22643831
20220408_134146,0.2747641122213276,1.1382659673690796,7.848641181418259e-10,-0.022323186,-0.21706223,0.12238952,0.22596662
20220408_134146,0.2802695078742157,1.3227534294128418,8.284001262737206e-11,-0.02356887,-0.21805659,0.12389002,0.23033763
20220408_134146,0.28862312064524737,1.1754146814346313,1.239600349450809e-11,-0.024566256,-0.23269191,0.12253586,0.2415509
20220408_134147,0.29364127396778716,1.4583157300949097,4.52318982269162e-09,-0.025110047,-0.23664992,0.12615348,0.24499437
20220408_134147,0.3049000146147405,1.1287020444869995,5.262789509741239e-11,-0.030625321,-0.24979505,0.12664911,0.25731394
20220408_134147,0.3087326634375106,1.2723689079284668,7.90994839072745e-11,-0.03053853,-0.25039288,0.12978606,0.2592397
20220408_134147,0.30246052372239124,1.1702827215194702,2.0571357950416314e-09,-0.025404653,-0.24571227,0.12739648,0.25444615
20220408_134148,0.31608019921770314,1.248414158821106,1.0044612919202223e-09,-0.035923783,-0.25593278,0.13557331,0.26415482
20220408_134148,0.31476428320653294,1.2144428491592407,5.585250664741359e-11,-0.033916764,-0.25314316,0.13749191,0.26175052
20220408_134148,0.322816181266055,1.271653175354004,3.4969241391458183e-10,-0.028529877,-0.26470858,0.13330169,0.2720923
20220408_134148,0.3276264279387733,1.346852421760559,1.0725891702589863e-10,-0.040008634,-0.2732325,0.13287076,0.27876744
20220408_134149,0.32650271770794004,1.487608790397644,5.0393415135241426e-11,-0.029589232,-0.27220395,0.13160375,0.27828747
20220408_134149,0.3266591486366949,1.3232488632202148,2.6811922473890526e-11,-0.037615545,-0.27356684,0.12996706,0.27975273
20220408_134149,0.332933429610495,1.2061963081359863,2.912128524434898e-11,-0.031970758,-0.27909392,0.13166302,0.28583914
20220408_134149,0.3310719945503648,1.4330437183380127,3.397099268553916e-11,-0.034858458,-0.2791556,0.13035099,0.28621185
20220408_134150,0.3356580202762604,1.32114577293396,3.758998667890978e-10,-0.036427233,-0.2826585,0.13370943,0.28838462
20220408_134150,0.3335061442630482,1.2254527807235718,1.1517753417678023e-10,-0.03658719,-0.28176424,0.1338461,0.28579208
20220408_134150,0.33222076185569027,1.4370474815368652,4.861935853917032e-11,-0.039519742,-0.27594015,0.13453451,0.2835976
20220408_134150,0.3338970061181534,1.3596770763397217,2.927450296064116e-11,-0.043717552,-0.28214604,0.13310717,0.28741428
20220408_134150,0.34027250065728437,1.2804759740829468,3.207695220552864e-11,-0.04294879,-0.2864257,0.13829648,0.29190215
20220408_134151,0.34432297495224246,1.34806489944458,3.863539002613159e-11,-0.03615342,-0.2921453,0.13545455,0.29707786
20220408_134151,0.3484727734545251,1.5111815929412842,1.4424941276180991e-11,-0.039744012,-0.29804963,0.13563502,0.30222392
20220408_134151,0.3488785266159361,1.4096226692199707,3.0563416381079733e-11,-0.05167061,-0.2952777,0.14294386,0.29953513
20220408_134151,0.3598581711761771,1.522338628768921,3.327266587249689e-11,-0.035894264,-0.30803493,0.13789235,0.31303847
20220408_134152,0.36181650085479933,1.3838729858398438,1.7864485446494882e-09,-0.044600368,-0.31051257,0.13753086,0.31600893
20220408_134152,0.36182107789095264,1.3502700328826904,3.433686668330438e-11,-0.04607763,-0.30900273,0.14173831,0.31401494
20220408_134152,0.37493266999995845,1.5602010488510132,4.600038058799605e-11,-0.050007798,-0.3230412,0.14482781,0.32710725
20220408_134152,0.3790139657990544,1.526100993156433,3.5337215792408116e-11,-0.046964623,-0.32645792,0.14499736,0.33061484
20220408_134153,0.3874650062353603,1.6371506452560425,4.049212354306775e-11,-0.051287524,-0.33562356,0.14693291,0.33873266
20220408_134153,0.3740094215451761,1.6321393251419067,1.8389883366110027e-11,-0.16266575,-0.29562318,0.1877761,0.3020059
20220408_134153,4.853304226050299,7.249776363372803,3.790563349315157e-11,1.5910408,-4.5785127,1.591089,4.5785584
20220408_134154,5.175007828817412,7.647919654846191,4.5900890727201826e-11,1.7177618,-4.8760977,1.717819,4.876155
20220408_134154,0.7484347968395479,4.1652092933654785,4.5749865701383285e-11,0.12743975,0.43414363,0.40425804,0.53528404
20220408_134154,0.9107360355787768,6.366437911987305,2.9753451258329733e-07,-0.111893676,-0.20915101,0.5894604,0.59017354
20220408_134154,0.703505897412375,4.569535732269287,9.94925699160376e-07,-0.018435197,-0.1286506,0.47002584,0.42750213
20220408_134154,0.23410901889374713,1.5833795070648193,9.527604399872658e-12,0.0036737742,0.09601429,0.12644196,0.17226532
20220408_134155,0.23410901889374713,1.5833795070648193,9.527604399872658e-12,0.0036737742,0.09601429,0.12644196,0.17226532
20220408_134155,0.23410901889374713,1.5833795070648193,9.527604399872658e-12,0.0036737742,0.09601429,0.12644196,0.17226532
20220408_134155,0.23410901889374713,1.5833795070648193,9.527604399872658e-12,0.0036737742,0.09601429,0.12644196,0.17226532
20220408_134155,0.23410901889374713,1.5833795070648193,9.527604399872658e-12,0.0036737742,0.09601429,0.12644196,0.17226532
20220408_134155,0.23410901889374713,1.5833795070648193,9.527604399872658e-12,0.0036737742,0.09601429,0.12644196,0.17226532
20220408_134156,0.23410901889374713,1.5833795070648193,9.527604399872658e-12,0.0036737742,0.09601429,0.12644196,0.17226532
20220408_134156,0.23410901889374713,1.5833795070648193,9.527604399872658e-12,0.0036737742,0.09601429,0.12644196,0.17226532
20220408_134156,0.23410901889374713,1.5833795070648193,9.527604399872658e-12,0.0036737742,0.09601429,0.12644196,0.17226532
20220408_134156,0.23410901889374713,1.5833795070648193,9.527604399872658e-12,0.0036737742,0.09601429,0.12644196,0.17226532
20220408_134157,0.23410901889374713,1.5833795070648193,9.527604399872658e-12,0.0036737742,0.09601429,0.12644196,0.17226532
20220408_134157,0.23410901889374713,1.5833795070648193,9.527604399872658e-12,0.0036737742,0.09601429,0.12644196,0.17226532
20220408_134157,0.23410901889374713,1.5833795070648193,9.527604399872658e-12,0.0036737742,0.09601429,0.12644196,0.17226532
20220408_134157,0.23410901889374713,1.5833795070648193,9.527604399872658e-12,0.0036737742,0.09601429,0.12644196,0.17226532
20220408_134158,0.23410901889374713,1.5833795070648193,9.527604399872658e-12,0.0036737742,0.09601429,0.12644196,0.17226532
20220408_134158,0.23410901889374713,1.5833795070648193,9.527604399872658e-12,0.0036737742,0.09601429,0.12644196,0.17226532
20220408_134158,0.23410901889374713,1.5833795070648193,9.527604399872658e-12,0.0036737742,0.09601429,0.12644196,0.17226532
20220408_134159,0.23410901889374713,1.5833795070648193,9.527604399872658e-12,0.0036737742,0.09601429,0.12644196,0.17226532
20220408_134159,0.23410901889374713,1.5833795070648193,9.527604399872658e-12,0.0036737742,0.09601429,0.12644196,0.17226532
20220408_134159,0.23410901889374713,1.5833795070648193,9.527604399872658e-12,0.0036737742,0.09601429,0.12644196,0.17226532
20220408_134159,0.23410901889374713,1.5833795070648193,9.527604399872658e-12,0.0036737742,0.09601429,0.12644196,0.17226532
20220408_134200,0.23410901889374713,1.5833795070648193,9.527604399872658e-12,0.0036737742,0.09601429,0.12644196,0.17226532
20220408_134200,0.23410901889374713,1.5833795070648193,9.527604399872658e-12,0.0036737742,0.09601429,0.12644196,0.17226532
20220408_134200,0.23410901889374713,1.5833795070648193,9.527604399872658e-12,0.0036737742,0.09601429,0.12644196,0.17226532
20220408_134201,0.23410901889374713,1.5833795070648193,9.527604399872658e-12,0.0036737742,0.09601429,0.12644196,0.17226532
20220408_134201,0.23410901889374713,1.5833795070648193,9.527604399872658e-12,0.0036737742,0.09601429,0.12644196,0.17226532
20220408_134201,0.23410901889374713,1.5833795070648193,9.527604399872658e-12,0.0036737742,0.09601429,0.12644196,0.17226532
20220408_134202,0.23410901889374713,1.5833795070648193,9.527604399872658e-12,0.0036737742,0.09601429,0.12644196,0.17226532
20220408_134202,0.23410901889374713,1.5833795070648193,9.527604399872658e-12,0.0036737742,0.09601429,0.12644196,0.17226532
20220408_134202,0.23410901889374713,1.5833795070648193,9.527604399872658e-12,0.0036737742,0.09601429,0.12644196,0.17226532
20220408_134202,0.23410901889374713,1.5833795070648193,9.527604399872658e-12,0.0036737742,0.09601429,0.12644196,0.17226532
20220408_134203,0.23410901889374713,1.5833795070648193,9.527604399872658e-12,0.0036737742,0.09601429,0.12644196,0.17226532
20220408_134203,0.23410901889374713,1.5833795070648193,9.527604399872658e-12,0.0036737742,0.09601429,0.12644196,0.17226532
20220408_134203,0.23410901889374713,1.5833795070648193,9.527604399872658e-12,0.0036737742,0.09601429,0.12644196,0.17226532
20220408_134203,0.23410901889374713,1.5833795070648193,9.527604399872658e-12,0.0036737742,0.09601429,0.12644196,0.17226532
20220408_134203,0.23410901889374713,1.5833795070648193,9.527604399872658e-12,0.0036737742,0.09601429,0.12644196,0.17226532
20220408_134204,0.23410901889374713,1.5833795070648193,9.527604399872658e-12,0.0036737742,0.09601429,0.12644196,0.17226532
20220408_134204,0.23410901889374713,1.5833795070648193,9.527604399872658e-12,0.0036737742,0.09601429,0.12644196,0.17226532
20220408_134204,0.23410901889374713,1.5833795070648193,9.527604399872658e-12,0.0036737742,0.09601429,0.12644196,0.17226532
20220408_134205,0.23410901889374713,1.5833795070648193,9.527604399872658e-12,0.0036737742,0.09601429,0.12644196,0.17226532
20220408_134205,0.23410901889374713,1.5833795070648193,9.527604399872658e-12,0.0036737742,0.09601429,0.12644196,0.17226532
20220408_134205,0.23410901889374713,1.5833795070648193,9.527604399872658e-12,0.0036737742,0.09601429,0.12644196,0.17226532
20220408_134206,0.23410901889374713,1.5833795070648193,9.527604399872658e-12,0.0036737742,0.09601429,0.12644196,0.17226532
20220408_134206,0.23410901889374713,1.5833795070648193,9.527604399872658e-12,0.0036737742,0.09601429,0.12644196,0.17226532
20220408_134206,0.23410901889374713,1.5833795070648193,9.527604399872658e-12,0.0036737742,0.09601429,0.12644196,0.17226532
20220408_134207,0.23410901889374713,1.5833795070648193,9.527604399872658e-12,0.0036737742,0.09601429,0.12644196,0.17226532
20220408_134207,0.23410901889374713,1.5833795070648193,9.527604399872658e-12,0.0036737742,0.09601429,0.12644196,0.17226532
20220408_134207,0.23410901889374713,1.5833795070648193,9.527604399872658e-12,0.0036737742,0.09601429,0.12644196,0.17226532
20220408_134208,0.23410901889374713,1.5833795070648193,9.527604399872658e-12,0.0036737742,0.09601429,0.12644196,0.17226532
20220408_134208,0.23410901889374713,1.5833795070648193,9.527604399872658e-12,0.0036737742,0.09601429,0.12644196,0.17226532
20220408_134208,0.23410901889374713,1.5833795070648193,9.527604399872658e-12,0.0036737742,0.09601429,0.12644196,0.17226532
20220408_134208,0.23410901889374713,1.5833795070648193,9.527604399872658e-12,0.0036737742,0.09601429,0.12644196,0.17226532
20220408_134209,0.23410901889374713,1.5833795070648193,9.527604399872658e-12,0.0036737742,0.09601429,0.12644196,0.17226532
20220408_134209,0.23410901889374713,1.5833795070648193,9.527604399872658e-12,0.0036737742,0.09601429,0.12644196,0.17226532
20220408_134209,0.23410901889374713,1.5833795070648193,9.527604399872658e-12,0.0036737742,0.09601429,0.12644196,0.17226532
20220408_134210,0.23410901889374713,1.5833795070648193,9.527604399872658e-12,0.0036737742,0.09601429,0.12644196,0.17226532
20220408_134210,0.23410901889374713,1.5833795070648193,9.527604399872658e-12,0.0036737742,0.09601429,0.12644196,0.17226532
20220408_134210,0.23410901889374713,1.5833795070648193,9.527604399872658e-12,0.0036737742,0.09601429,0.12644196,0.17226532
20220408_134210,0.23410901889374713,1.5833795070648193,9.527604399872658e-12,0.0036737742,0.09601429,0.12644196,0.17226532
20220408_134211,0.23410901889374713,1.5833795070648193,9.527604399872658e-12,0.0036737742,0.09601429,0.12644196,0.17226532
20220408_134211,0.23410901889374713,1.5833795070648193,9.527604399872658e-12,0.0036737742,0.09601429,0.12644196,0.17226532
20220408_134211,0.23410901889374713,1.5833795070648193,9.527604399872658e-12,0.0036737742,0.09601429,0.12644196,0.17226532
20220408_134211,0.23410901889374713,1.5833795070648193,9.527604399872658e-12,0.0036737742,0.09601429,0.12644196,0.17226532
20220408_134212,0.23410901889374713,1.5833795070648193,9.527604399872658e-12,0.0036737742,0.09601429,0.12644196,0.17226532
20220408_134212,0.23410901889374713,1.5833795070648193,9.527604399872658e-12,0.0036737742,0.09601429,0.12644196,0.17226532
20220408_134212,0.23410901889374713,1.5833795070648193,9.527604399872658e-12,0.0036737742,0.09601429,0.12644196,0.17226532
20220408_134213,0.23410901889374713,1.5833795070648193,9.527604399872658e-12,0.0036737742,0.09601429,0.12644196,0.17226532
20220408_134213,0.23410901889374713,1.5833795070648193,9.527604399872658e-12,0.0036737742,0.09601429,0.12644196,0.17226532
20220408_134213,0.23410901889374713,1.5833795070648193,9.527604399872658e-12,0.0036737742,0.09601429,0.12644196,0.17226532
20220408_134213,0.23410901889374713,1.5833795070648193,9.527604399872658e-12,0.0036737742,0.09601429,0.12644196,0.17226532
20220408_134214,0.23410901889374713,1.5833795070648193,9.527604399872658e-12,0.0036737742,0.09601429,0.12644196,0.17226532
20220408_134214,0.23410901889374713,1.5833795070648193,9.527604399872658e-12,0.0036737742,0.09601429,0.12644196,0.17226532
20220408_134214,0.23410901889374713,1.5833795070648193,9.527604399872658e-12,0.0036737742,0.09601429,0.12644196,0.17226532
20220408_134214,0.23410901889374713,1.5833795070648193,9.527604399872658e-12,0.0036737742,0.09601429,0.12644196,0.17226532
20220408_134215,0.23410901889374713,1.5833795070648193,9.527604399872658e-12,0.0036737742,0.09601429,0.12644196,0.17226532
20220408_134215,0.23410901889374713,1.5833795070648193,9.527604399872658e-12,0.0036737742,0.09601429,0.12644196,0.17226532
20220408_134215,0.23410901889374713,1.5833795070648193,9.527604399872658e-12,0.0036737742,0.09601429,0.12644196,0.17226532
