20220608_164140,0.11206385194156177,0.5062029361724854,9.924718324327841e-05,0.006099130026606843,-0.0036494047,0.39500850439071655,0.4571079909801483
20220608_164140,0.16116399139542137,0.5838022232055664,4.8542726290179417e-05,0.11298620358205876,-0.0251086,0.48041287064552307,0.5722063779830933
20220608_164141,0.1375577011415156,0.5661307573318481,0.00022090045968070626,0.07292699988929734,-0.029627373,0.5466065406799316,0.4508647620677948
20220608_164142,0.1407417946262588,0.6029825806617737,6.345810106722638e-05,0.06903042245399665,-0.009332572,0.5493985414505005,0.5234067440032959
20220608_164142,0.13978589646543885,0.4786714017391205,0.0002031285548582673,0.08291631652440573,-0.009631074,0.46258455514907837,0.43482035398483276
20220608_164143,0.13265378356972385,0.567230224609375,0.0001384189527016133,0.05413161622178072,0.000966821,0.501974880695343,0.5307329297065735
20220608_164143,0.12946691496540566,0.50182044506073,7.507815462304279e-05,0.036990257737731055,-0.036711868,0.40320059657096863,0.44379934668540955
20220608_164143,0.16856255766671077,0.5337840914726257,0.00017688411753624678,0.12636163442898188,0.009421053,0.4902706742286682,0.47541242837905884
20220608_164144,0.14353049879484722,0.5135000944137573,2.2569520297111012e-05,0.07397138590989481,-0.03723355,0.4600577652454376,0.45452043414115906
20220608_164144,0.12853916326788886,0.5408453345298767,0.0001418559259036556,-0.022795058263319103,-0.04051443,0.32819128036499023,0.4244540333747864
20220608_164145,0.1589935900505963,0.5795989632606506,0.00010670445772120729,-0.050374871324136414,-0.09854208,0.2934745252132416,0.39398080110549927
20220608_164145,0.13865988724747175,0.568464994430542,7.622308476129547e-05,0.0686841293004268,-0.015639234,0.44165346026420593,0.4858987629413605
20220608_164146,0.13855595618837901,0.5222083926200867,0.00011788670963142067,0.04526399844565484,-0.06425815,0.521817147731781,0.41010984778404236
20220608_164147,0.13096990947391296,0.4677797555923462,6.681761442450806e-05,0.0510163073266167,-0.010429548,0.44989529252052307,0.43387338519096375
20220608_164147,0.12160122147425502,0.5125216245651245,6.607315299334005e-05,0.0031557185160986136,0.015679596,0.40592291951179504,0.4842836558818817
20220608_164148,0.1224280546625842,0.4705963134765625,9.741521353134885e-05,0.020044330697937016,0.0005699128,0.44638630747795105,0.41878387331962585
20220608_164148,0.1315852627568089,0.507732093334198,4.086779154022224e-05,0.03812133105360668,-0.0058451355,0.4231099486351013,0.4029015302658081
20220608_164149,0.13967950914206406,0.5775309801101685,0.0001280354190384969,0.07631802187712274,0.029870538,0.4915298819541931,0.5074270963668823
20220608_164149,0.135981446880001,0.554286539554596,9.264469554182142e-05,0.06493657211224253,0.025455818,0.48476994037628174,0.539527177810669
20220608_164150,0.1257004249080661,0.6150044798851013,0.00014377449406310916,0.03242947142798993,0.027909053,0.4782412648200989,0.5798211693763733
20220608_164150,0.12309013895517058,0.5213654637336731,6.880917499074712e-05,0.03522247263751453,0.024941733,0.4053264558315277,0.44505590200424194
20220608_164151,0.14747316141533112,0.6156449317932129,9.18775112950243e-05,0.09184391018635345,0.029342197,0.6085557341575623,0.43712157011032104
20220608_164151,0.15308438271656075,0.5414305329322815,0.00016384549962822348,0.08866624794028086,0.042864017,0.44403451681137085,0.5332661867141724
20220608_164152,0.14772300245747153,0.5135321617126465,0.0001516506599728018,0.0903312150248014,0.029713145,0.4667551815509796,0.4902944266796112
20220608_164152,0.1457901683158186,0.4929698705673218,0.00016021536430343986,0.08583607418093936,0.032258447,0.4648343026638031,0.4444095492362976
20220608_164153,0.16018864183460532,0.6199309825897217,0.0003970120451413095,0.10764323943291931,0.03348862,0.4804665148258209,0.4895550012588501
20220608_164153,0.13914560159696202,0.5170159935951233,0.00017172159277833998,0.06462721536538679,0.014211883,0.45929232239723206,0.5154599547386169
20220608_164155,0.16230226666822428,0.517282247543335,0.00017754771397449076,0.12086422050756826,-0.014297242,0.4855433702468872,0.47140488028526306
20220608_164155,0.12926779309072944,0.48934468626976013,8.932383934734389e-05,0.056917710558773406,0.016369097,0.450337290763855,0.45149514079093933
20220608_164157,0.1342351207404886,0.5096354484558105,8.619884465588257e-05,0.06722722075216755,-0.02455419,0.49994686245918274,0.40968653559684753
20220608_164157,0.15072521173685602,0.49252569675445557,0.00011621112935245037,0.08391271690867562,-0.01092016,0.44573086500167847,0.39748692512512207
20220608_164158,0.17148922346590847,0.5145522356033325,0.00018290728621650487,0.1183738467414916,0.020884661,0.4713999927043915,0.495085209608078
20220608_164158,0.15425828400393787,0.6533187627792358,0.0002906054724007845,0.10170971903886557,0.0061881705,0.539147138595581,0.5933140516281128
20220608_164159,0.13994713229442646,0.6413406133651733,0.0002305608068127185,0.08021511752326445,0.0047983658,0.4729805886745453,0.551285445690155
20220608_164159,0.1749629180371554,0.633981466293335,0.00015257508493959904,0.1374535607581807,0.013007048,0.5506559610366821,0.47004154324531555
20220608_164200,0.20867307362936438,0.6028688549995422,4.781154711963609e-05,0.17573642371850592,0.009743876,0.5892526507377625,0.39379921555519104
20220608_164200,0.19347164235534717,0.5516352653503418,0.0003221972147002816,0.1610012972242829,-0.008215635,0.5489962100982666,0.4247252941131592
20220608_164203,0.15144332508306663,0.5020042061805725,0.00020965728617738932,0.10087399361150559,0.02453115,0.4763898551464081,0.4477384388446808
20220608_164203,0.1542713247921772,0.7454385757446289,0.00018583054770715535,0.0946148602678985,0.027709447,0.4396303594112396,0.7290409803390503
20220608_164203,0.13362246827784754,0.5620546340942383,4.436894232640043e-05,0.0441365863317019,0.025314491,0.4985528886318207,0.5601746439933777
20220608_164204,0.13634963152704938,0.5465273857116699,0.00015585125947836787,0.07091765238937447,0.019796077,0.48962312936782837,0.4533585011959076
20220608_164204,0.1551565386473381,0.5164989233016968,0.0001709518110146746,0.10379338332423686,0.0320353,0.5139462947845459,0.42615365982055664
20220608_164205,0.13630486643205417,0.5621337890625,9.48153028730303e-05,0.07544137255216389,0.020599581,0.5023157596588135,0.47319790720939636
20220608_164205,0.15103739178772374,0.4935688078403473,0.00012472952948883176,0.09674360071251045,-0.0072954367,0.4904482364654541,0.4238632917404175
20220608_164206,0.15221750672032763,0.5778729915618896,0.0002293843572260812,0.09926081150899987,0.019157868,0.5292907357215881,0.5775085687637329
20220608_164206,0.14769341224951577,0.5118403434753418,0.00026052832254208624,0.08313275999269684,0.046782844,0.4706103801727295,0.460267037153244
20220608_164207,0.15453091492455492,0.6166397929191589,7.980779628269374e-05,0.09978783538063131,0.04016684,0.6161916851997375,0.48962002992630005
20220608_164207,0.1696824308347042,0.5371561050415039,0.00021719804499298334,0.11784705163821335,0.054161344,0.4723976254463196,0.4405420422554016
20220608_164207,0.18622681726477083,0.5838637948036194,0.00040789894410409033,0.12248493728508043,0.091287166,0.5615942478179932,0.5232726335525513
20220608_164208,0.18800602343653272,0.5690398216247559,0.00011128080222988501,0.14001696422146867,0.06587634,0.557339608669281,0.4541715681552887
20220608_164208,0.18826102089136368,0.5682179927825928,0.0001617333182366565,0.13913421964759448,0.06725085,0.5676035284996033,0.4788748323917389
20220608_164209,0.19209705657631368,0.539406418800354,0.00013102653610985726,0.15286151630799483,0.031509075,0.538362979888916,0.4585692584514618
20220608_164209,0.17077785565783263,0.6504888534545898,0.0002120559074683115,0.12502994871945816,0.045737047,0.4777657091617584,0.6467132568359375
20220608_164210,0.18749848922905243,0.5936863422393799,0.00031505394144915044,0.1444062299455677,0.057699874,0.5738522410392761,0.556542158126831
20220608_164210,0.15074135157971963,0.565177857875824,0.00012734011397697031,0.08227706834519775,0.05135906,0.4646061956882477,0.554689347743988
20220608_164210,0.16324039328681297,0.5933113694190979,0.0002382882230449468,0.10452455232919552,0.02555285,0.45598670840263367,0.45922672748565674
20220608_164211,0.16424483959598632,0.6119610071182251,0.00016892998246476054,0.1140726492673751,0.049516775,0.5243021845817566,0.47803813219070435
20220608_164211,0.1674657932583928,0.5797563195228577,0.00027332393801771104,0.12455951689258567,0.026565822,0.5375043749809265,0.4942210018634796
20220608_164212,0.17776542617602542,0.5703400373458862,4.638924292521551e-05,0.1367464878574764,0.042501073,0.4883950352668762,0.4315987527370453
20220608_164212,0.1632573397953658,0.5911046266555786,0.00030565581982955337,0.12074757270143757,0.0040215943,0.4534892141819,0.5806902050971985
20220608_164213,0.18182937580020228,0.6044766902923584,0.00016448642418254167,0.14718791475530832,0.008752269,0.6034433841705322,0.46622952818870544
20220608_164213,0.12789491377522824,0.5769622921943665,0.00010756651317933574,0.056162836908212735,0.015267081,0.4265903830528259,0.4954026937484741
20220608_164214,0.14990954309219848,0.6622951626777649,0.0002437451621517539,0.09014180971911215,0.03009074,0.5139133930206299,0.49187517166137695
20220608_164214,0.16066429090501788,0.5630953311920166,0.00018368671589996666,0.10784338880832567,0.04370799,0.5019550323486328,0.55596923828125
20220608_164215,0.18045038691584,0.8739425539970398,0.0003033162502106279,0.12482608428113552,0.07478373,0.5663194060325623,0.6694262623786926
20220608_164215,0.15640875742009688,0.5389376878738403,0.0002776786859612912,0.10284720760416571,0.041681625,0.4757364094257355,0.43682894110679626
20220608_164216,0.17689732083574802,0.5795961618423462,0.0004158260126132518,0.1312037444376796,0.051671267,0.5164122581481934,0.4332508444786072
20220608_164216,0.1929511121518832,0.585084080696106,0.00040081675979308784,0.14824716214288083,0.06754121,0.49132809042930603,0.5846676230430603
20220608_164217,0.19296680392685622,0.5701398849487305,0.0003064953489229083,0.15004306513437854,0.061792664,0.5549580454826355,0.47489771246910095
20220608_164217,0.18283146423484042,0.5622111558914185,0.0002096551179420203,0.13502685033569892,0.058451314,0.5529139637947083,0.466797411441803
20220608_164218,0.17011517924677097,0.5780485272407532,0.00019935876480303705,0.1131095425249108,0.061974965,0.5174092054367065,0.49578768014907837
20220608_164218,0.1570221224126291,0.47838321328163147,8.401365630561486e-05,0.10767380011194881,0.019787634,0.4635777175426483,0.4151323735713959
20220608_164219,0.16368959580935943,0.5965436100959778,0.0001727844210108742,0.11044464734009675,0.043624666,0.5558695197105408,0.42554983496665955
20220608_164219,0.1547310002927234,0.6164100170135498,5.99360755586531e-05,0.08887391908234792,0.042115897,0.5235066413879395,0.5032188296318054
20220608_164220,0.14218855224658,0.6226286292076111,6.45219479338266e-05,0.06553131545813776,0.039530993,0.45021113753318787,0.5469945073127747
20220608_164220,0.1410732586416964,0.5074031352996826,0.000105206374428235,0.07710716599253296,0.008868581,0.4789508879184723,0.48348164558410645
20220608_164221,0.14338520125051624,0.5376601815223694,0.0001365023199468851,0.08163068413711198,0.010293679,0.43175557255744934,0.41492959856987
20220608_164221,0.15582330003294967,0.5547832250595093,9.516693535260856e-05,0.08672754172070786,0.061002024,0.4828060567378998,0.5314199924468994
20220608_164221,0.15764318369303768,0.6143411993980408,6.251333252293989e-05,0.09557646146833912,0.04536728,0.6114525198936462,0.46840935945510864
20220608_164222,0.15949151534827155,0.5507735013961792,8.628177602076903e-05,0.10188596979791455,0.054150905,0.5045389533042908,0.5033249258995056
20220608_164222,0.18165639693760155,0.6138499975204468,0.00017862714594230056,0.14433751703793124,0.024231847,0.572867214679718,0.3918801546096802
20220608_164223,0.1655264858084018,0.5709236264228821,5.577865522354841e-05,0.11719933838852266,0.029884709,0.5116599798202515,0.5503962635993958
20220608_164223,0.1587890677678898,0.5344057679176331,2.5735820599948056e-05,0.11037416613983758,-0.008491869,0.5173127055168152,0.5046784281730652
20220608_164224,0.17386884801904237,0.5438750982284546,0.00030504062306135893,0.13299241411731713,0.02709446,0.5318635702133179,0.42501509189605713
20220608_164224,0.17700099639173367,0.5485149025917053,0.00021984119666740298,0.1384136177500701,0.011177267,0.5389426350593567,0.4171457290649414
20220608_164225,0.15455729977384816,0.5234518051147461,3.3620155591052026e-05,0.10678149400776758,-0.0037080776,0.510215163230896,0.4226681590080261
20220608_164225,0.13787510960240568,0.5640168190002441,5.051221523899585e-05,0.07402468396597965,0.012549193,0.5150214433670044,0.4316742718219757
20220608_164225,0.11641327494469428,0.4932912588119507,9.197336476063356e-05,-0.011915248311638888,-0.027352825,0.29893550276756287,0.4083557426929474
20220608_164226,0.12773750574914716,0.7380716800689697,0.00011793286830652505,0.06115964715197111,0.018574262,0.4085000157356262,0.5543643832206726
20220608_164227,0.1225258657686727,0.5845398902893066,0.00016102737572509795,0.02700708553405889,0.043874882,0.38133034110069275,0.5514415502548218
20220608_164227,0.11265013767075513,0.4848889708518982,8.037922088988125e-05,0.014059020730081582,0.0023560808,0.42285358905792236,0.47880682349205017
20220608_164228,0.1242441522376568,0.5494694113731384,4.759319926961325e-05,0.05557607778133871,0.006783316,0.42476630210876465,0.44467875361442566
20220608_164228,0.1146859577230276,0.5095494389533997,5.59024338144809e-05,0.011536703252573971,0.005482988,0.36402037739753723,0.48367926478385925
20220608_164229,0.11528221204958108,0.47339704632759094,4.80419366795104e-05,0.013242921632146543,0.005199949,0.3423876166343689,0.45745736360549927
20220608_164229,0.11729955505577398,0.5430594682693481,9.612701251171529e-05,-0.0017555282432619934,0.011583491,0.32909172773361206,0.4976266026496887
20220608_164230,0.11859480886209088,0.7132608294487,0.00018786736472975463,0.0052982745352251805,-0.013829118,0.4179382026195526,0.7126420736312866
20220608_164231,0.1255297838940707,0.5781443119049072,2.019094790739473e-05,0.030400944511195776,-0.032302085,0.35517624020576477,0.46713393926620483
20220608_164231,0.1272738429026427,0.5224379301071167,3.851263500109781e-06,0.04820867932763747,-0.019443586,0.442926287651062,0.506935179233551
20220608_164232,0.1265637616497323,0.4950083792209625,0.0001506748958490789,-0.0048161962669628165,-0.053316124,0.3689958453178406,0.38880854845046997
20220608_164232,0.1252354409195779,0.5610702633857727,6.560201290994883e-05,0.0455887521352977,0.0076048872,0.363566130399704,0.36114761233329773
20220608_164233,0.11790742406377959,0.5449828505516052,0.0002050963812507689,-0.014738784937498145,-0.02252969,0.37637394666671753,0.35520145297050476
20220608_164234,0.1394299806458287,0.5287506580352783,9.513999975752085e-05,0.07494258775365073,-0.031007364,0.5187929272651672,0.4519864320755005
20220608_164234,0.13136489226037035,0.7138392329216003,0.00017917928926181048,0.05462599737540185,-0.0002731081,0.4044870436191559,0.6898945569992065
20220608_164235,0.12490888773946027,0.5282017588615417,0.00014894611376803368,0.023324556446400697,-0.0423949,0.3882503807544708,0.4368496239185333
20220608_164236,0.12131742570601863,0.49212750792503357,0.00013959640637040138,0.027228386795194175,-0.000676692,0.3969440758228302,0.4314476549625397
20220608_164236,0.11365914861547827,0.5439183712005615,0.00011266948422417045,0.0036158339050619877,0.002576962,0.4178802967071533,0.3834930658340454
20220608_164237,0.1215173372417382,0.5484955906867981,7.90072008385323e-05,0.03743956281933291,-0.012488947,0.5190145373344421,0.5482804775238037
20220608_164238,0.11975557746816241,0.5387417078018188,0.00011358987831044942,0.037615230679260904,-0.0048011835,0.4213191270828247,0.4334307909011841
20220608_164238,0.12840506601833315,0.5333255529403687,7.584002742078155e-05,0.060085791080021766,-0.021788286,0.45314574241638184,0.4906289577484131
20220608_164239,0.12187706438011807,0.482613742351532,0.00012792105553671718,0.012279100333292638,-0.042771842,0.418489545583725,0.41544076800346375
20220608_164239,0.13310379134775666,0.5302516222000122,0.00011019654630217701,0.011002549206887239,-0.07777026,0.3849002420902252,0.3477645218372345
20220608_164240,0.13018811096732608,0.47181832790374756,4.579586675390601e-05,0.06038000451377293,-0.026307216,0.4090629518032074,0.4114263653755188
20220608_164240,0.114989465380478,0.5960721969604492,0.00014571034989785403,0.00576328429704468,-0.015330939,0.37600481510162354,0.5495144128799438
20220608_164241,0.12089953604326284,0.8031064867973328,0.00014274107525125146,0.03541652481741269,-0.008144975,0.44571802020072937,0.7971968054771423
20220608_164241,0.11480790149476851,0.5669147372245789,0.00018335656204726547,0.0029532602091379254,0.0041465275,0.40242844820022583,0.5230717658996582
20220608_164242,0.11729538999434833,0.6201331615447998,1.694507409411017e-05,0.03658729557433447,-0.010434848,0.415985643863678,0.6199970841407776
20220608_164242,0.48903062117390866,0.9412555694580078,0.003672931808978319,0.15125724779922942,0.4562656,0.6463039517402649,0.9394723176956177
20220608_164243,0.3071196288774281,0.7179275155067444,0.0006133362767286599,0.10430422054311479,0.2721479,0.5263010859489441,0.6756072640419006
20220608_164244,0.2550968739012112,0.688570499420166,0.00036447212914936244,0.08130795754856691,0.22078933,0.5459378361701965,0.6738693118095398
20220608_164244,0.2897051543122543,0.7605515718460083,1.8622951756697148e-05,0.0570181738640101,0.26764202,0.42345741391181946,0.7518541812896729
20220608_164245,0.30828665179643294,0.6890231966972351,0.0005311515415087342,0.14848506497675348,0.25286838,0.4859496057033539,0.6164049506187439
20220608_164245,0.30657788965434407,0.7784584164619446,0.0010761431185528636,0.13471850172095512,0.25976527,0.5783277750015259,0.7369336485862732
20220608_164246,0.298425220221252,0.8547171950340271,0.0006856296095065773,0.07998798066411889,0.2716613,0.4516235589981079,0.8547163009643555
20220608_164247,0.3082184877807636,0.6990293264389038,0.001595496665686369,0.11520486452516601,0.27021065,0.4630175530910492,0.6850453019142151
20220608_164247,0.2960786394792008,0.7390803694725037,0.002364890882745385,0.11261519308873161,0.25809598,0.4768039286136627,0.736698567867279
20220608_164248,0.31102748276719505,0.7011273503303528,0.00023514596978202462,0.09774390747079677,0.27950278,0.4402119815349579,0.6907966136932373
20220608_164249,0.255840231599854,0.7705460786819458,0.0005781186046078801,0.09393161783059314,0.21756491,0.47674673795700073,0.7356780767440796
20220608_164249,0.27971459715738,0.6784018278121948,0.00042570909135974944,0.1057339207357333,0.24091032,0.43640467524528503,0.6677122712135315
20220608_164250,0.2795722673986909,0.7319049835205078,0.0005480987019836903,0.11626167727303255,0.23744036,0.5832540988922119,0.7233232855796814
20220608_164250,0.2611649123032753,0.7054932713508606,0.000830005097668618,0.11715560021704567,0.21503639,0.4664864242076874,0.7047976851463318
20220608_164250,0.31368345857126245,0.732520341873169,0.0014421736123040318,0.061441477548558186,0.29099062,0.43042054772377014,0.675309956073761
20220608_164251,0.30514092149924144,0.7885095477104187,0.000772699189838022,0.06814874842875239,0.28235444,0.43479159474372864,0.7369635701179504
20220608_164251,0.31546060788206315,0.892473578453064,0.0009276169002987444,0.11263312997998429,0.28094238,0.5322986841201782,0.8899884223937988
20220608_164252,0.3284743546923172,0.7462325692176819,0.0004928945563733578,0.12890560227795117,0.28821188,0.4529057741165161,0.6948677897453308
20220608_164252,0.2734382032144401,0.652772843837738,0.0005535479285754263,0.1013161431018337,0.23691957,0.5287397503852844,0.6346991658210754
20220608_164253,0.29958450740796916,0.8114219903945923,0.0013092352310195565,0.10485439745574365,0.26537123,0.4635068476200104,0.7920266389846802
20220608_164253,0.28260563732883104,0.6866655349731445,0.0006352019845508039,0.09989026131382757,0.24788767,0.5135042071342468,0.6641812324523926
20220608_164254,0.2785158150812025,0.7321446537971497,0.00019692089699674398,0.11046671980281071,0.23753946,0.5679056644439697,0.731033444404602
20220608_164254,0.2591553238433835,0.7843338847160339,0.0003833259397652,0.07584665373625002,0.22949724,0.5016446113586426,0.7596193552017212
20220608_164255,0.3023772613436369,0.9360872507095337,0.0013089000713080168,0.10268721595895043,0.2683576,0.47001174092292786,0.9272143840789795
20220608_164255,0.29007991884556544,0.6756755709648132,0.0016878755996003747,0.08999924476531747,0.2596647,0.4692281484603882,0.6608917117118835
20220608_164255,0.3203143219181373,0.7651665806770325,0.0034293057397007942,0.10054811104698888,0.28954875,0.4541749954223633,0.7512426376342773
20220608_164256,0.28787679194893495,0.6206371784210205,0.000688701868057251,0.07711906498368457,0.26011625,0.4754480719566345,0.607059121131897
20220608_164256,0.2997642874009577,0.7229224443435669,8.524084842065349e-05,0.0875747123199117,0.26985347,0.4456542730331421,0.6693981885910034
20220608_164257,0.30768075058093974,0.7112325429916382,0.0011477256193757057,0.08301344012331166,0.27965823,0.43485531210899353,0.7077935338020325
20220608_164257,0.30644622771168584,0.8908112049102783,0.0007455552695319057,0.08905971083563206,0.27879775,0.45161300897598267,0.7907342314720154
20220608_164258,0.30749788611280227,0.7107242345809937,0.0008549853810109198,0.09849709989584658,0.27761015,0.48150792717933655,0.6733157634735107
20220608_164258,0.2810811242800818,0.6417519450187683,0.0003999058098997921,0.0708655675201585,0.2564213,0.43533769249916077,0.6329016089439392
20220608_164258,0.26236980004204974,0.6594207882881165,0.0004938573692925274,0.021493289044227457,0.24405912,0.38437527418136597,0.6476468443870544
20220608_164259,0.28619609638816135,0.7156698107719421,0.00033309205900877714,0.04821815513785002,0.2657458,0.3860454261302948,0.7041908502578735
20220608_164259,0.30445276513087627,0.6973084807395935,0.0013408841332420707,0.09961065794345188,0.27353778,0.49867814779281616,0.6819359660148621
20220608_164300,0.3036225664621196,0.8953939080238342,0.00048792260349728167,0.045530614855746054,0.287088,0.43310487270355225,0.8534502387046814
20220608_164300,0.32415266906013934,0.7161691188812256,0.001235329546034336,0.08447142023449511,0.29827183,0.5553242564201355,0.7095890641212463
20220608_164301,0.3049005591089848,0.7084270119667053,0.00023087981389835477,0.0853372911164464,0.2773969,0.4765973687171936,0.6983556747436523
20220608_164301,0.3252125802713297,0.7235680818557739,0.0015382771380245686,0.0984276600803712,0.295576,0.45286208391189575,0.7179310321807861
20220608_164302,0.27974780280730593,0.7299088835716248,0.0009477056446485221,0.06724749151428032,0.2563298,0.37468475103378296,0.7154728174209595
20220608_164303,0.23263793662106558,0.9328980445861816,0.00017816667968872935,-0.01242834902996365,0.20841709,0.34486880898475647,0.9159188866615295
20220608_164303,0.31543519972148165,0.7941367030143738,0.0010760440491139889,0.11782767677951464,0.27719545,0.6843079328536987,0.6808505654335022
20220608_164304,0.33615992511104625,0.7715448141098022,0.00012624985538423061,0.1336897669518891,0.2908407,0.5775147676467896,0.7208396196365356
20220608_164304,0.20700236545476122,0.5921096801757812,0.00047636908129788935,0.057554252095999146,0.17096755,0.413102388381958,0.5683342218399048
20220608_164304,0.269910107963785,0.6980655789375305,0.00042967390618287027,0.038598962492115106,0.24934755,0.45860379934310913,0.6296802759170532
20220608_164305,0.2616866469479485,0.6796340346336365,0.00041725413757376373,0.06198677049173056,0.23574254,0.5064979195594788,0.6654728055000305
20220608_164306,0.25556824835166764,0.6164657473564148,3.582897988962941e-05,0.08713856591564181,0.22196394,0.4287223815917969,0.597812294960022
20220608_164306,0.26230352580190275,0.6945011615753174,0.00026353937573730946,0.07257849672415963,0.23354419,0.4989795386791229,0.6906084418296814
20220608_164307,0.25466715683506,0.7684824466705322,0.0003607943363022059,0.05116137075865714,0.23032248,0.5138262510299683,0.7683233022689819
20220608_164307,0.26502459700523445,0.8347330093383789,0.0004089136782567948,0.06863771075361999,0.23678505,0.4084213674068451,0.8181729912757874
20220608_164307,0.24794691618711867,0.6777328848838806,8.804088429315016e-05,0.06389392947120677,0.22030263,0.43853870034217834,0.6157039403915405
20220608_164308,0.29516101595887234,0.8067240118980408,0.00021155757713131607,0.08286005571471214,0.26774016,0.4796788990497589,0.8026049733161926
20220608_164308,0.28091000282533873,0.894622802734375,0.0002955871750600636,0.08613337569077126,0.24882762,0.44594162702560425,0.8323948383331299
20220608_164309,0.2354524005833254,0.7134346961975098,0.000356397737050429,0.07588352777091059,0.19944826,0.43892937898635864,0.6140618324279785
20220608_164309,0.26098476281360133,0.8171880841255188,0.00013330939691513777,0.06617673395720516,0.2313257,0.4228851795196533,0.774347186088562
20220608_164310,0.2351544169784353,0.6083380579948425,0.00024437918909825385,0.032163119367004105,0.21132194,0.4062899053096771,0.6060698628425598
20220608_164310,0.21476846732975466,0.6406005620956421,0.0001913471205625683,0.06100177810187434,0.1766959,0.4236963093280792,0.6153209209442139
20220608_164311,0.238716024075724,0.6731085777282715,0.00017638121789786965,0.021047107070952552,0.21417615,0.500522255897522,0.6730837821960449
20220608_164311,0.2370567085796053,0.7455366849899292,0.00023662965395487845,0.06636321419272825,0.20695107,0.43949389457702637,0.7454237341880798
20220608_164312,0.23219278645289407,0.6324203610420227,0.0001586613798281178,0.08512223177246774,0.19345374,0.44969382882118225,0.6097384095191956
20220608_164312,0.23244065777157966,0.7752215266227722,0.0006015931721776724,0.10137408068521735,0.18564427,0.4431305229663849,0.7598748803138733
20220608_164313,0.21392198255332903,0.7236373424530029,0.00017117267998401076,0.05049683739604786,0.18212156,0.47330334782600403,0.7100697159767151
20220608_164313,0.24289975289677204,0.7165924906730652,0.001020941766910255,0.08942474159351091,0.20359674,0.44968345761299133,0.7165864706039429
20220608_164313,0.28316335343051807,0.7509336471557617,0.0010846999939531088,0.15207637445998623,0.21616316,0.5519765615463257,0.746769905090332
20220608_164314,0.2283911876525718,0.8212946057319641,0.00010148221917916089,0.06776674184449483,0.17410028,0.5184032320976257,0.8168074488639832
20220608_164314,0.25930609526135473,0.93678218126297,0.0003470717929303646,0.1273530221525118,0.14461616,0.5512877702713013,0.902208149433136
20220608_164315,0.2566710525401467,0.9894352555274963,0.00020997140381950885,0.058419393240983004,0.12495172,0.6007533073425293,0.9854001402854919
20220608_164315,0.27147525660879296,1.1926175355911255,0.00014266572543419898,0.04544713176437504,0.12466757,0.6463924050331116,1.1876050233840942
20220608_164316,0.30165121700503045,1.1550111770629883,0.0003267395368311554,0.09425919334603901,0.09481277,0.6811193227767944,1.1548895835876465
20220608_164316,0.3260798227333405,1.3521448373794556,0.00048293874715454876,0.10733898581774116,0.12119849,0.6152883172035217,1.3517729043960571
20220608_164317,0.33951409547589023,1.544765830039978,0.0004375520220492035,0.08073218681153096,0.092838585,0.6121339797973633,1.539893388748169
20220608_164317,0.3491371444682859,1.5665816068649292,0.000265789742115885,0.1379524535396585,0.08117298,0.8463029265403748,1.5658091306686401
20220608_164318,0.3476369766788319,1.531707525253296,0.00013793296238873154,0.09584644250948035,0.06162985,0.7866042256355286,1.5307238101959229
20220608_164318,0.3645096335720603,1.4524363279342651,0.0011281899642199278,0.11093173625988338,0.03594231,0.7236049175262451,1.404467225074768
20220608_164319,0.40080596590374007,1.6037702560424805,0.00044446837273426354,0.16326793955544663,0.01130823,0.8143342137336731,1.603084683418274
20220608_164320,0.39901629390865345,1.6430894136428833,0.00047692927182652056,0.12202874525247911,0.0021588833,0.673628568649292,1.6314961910247803
20220608_164320,0.4183516011285597,1.6532683372497559,0.0005629743100143969,0.12474513857581358,-0.008471014,0.8374115228652954,1.5826830863952637
20220608_164321,0.45115115853216176,1.872868537902832,0.00033173017436638474,0.13038317663087032,-0.014680688,0.8262935280799866,1.8717727661132812
20220608_164321,0.47452051627785297,1.908402681350708,0.00038887656410224736,0.15101980672457146,-0.016248163,0.8953266143798828,1.8218210935592651
20220608_164322,0.4642209362965021,1.7087388038635254,6.590357952518389e-05,0.08008937264012372,-0.042208817,0.8092455267906189,1.7087188959121704
20220608_164323,0.47745396172738586,1.7201815843582153,0.0001837877935031429,0.03546968147285051,-0.09640099,0.7541252374649048,1.670150637626648
20220608_164323,0.5104994957556309,1.7834476232528687,0.0004356064600870013,0.13960673863391276,-0.07255545,0.8189589381217957,1.7828611135482788
20220608_164323,0.5175568365102994,1.9635941982269287,0.00013007185771130025,0.11422888792777869,-0.08125704,0.720611035823822,1.958274245262146
20220608_164324,0.5353290895859422,2.019282341003418,0.0005079827969893813,0.1483986597295427,-0.10391649,0.7292072176933289,1.9870715141296387
20220608_164324,0.5500600761788632,1.9981276988983154,0.00027262966614216566,0.14407181140848413,-0.10881797,0.8562945127487183,1.9906920194625854
20220608_164325,0.5582054710596112,2.1288001537323,0.00018693153106141835,0.12079946972660516,-0.14640728,0.9607958197593689,2.077291250228882
20220608_164325,0.5733698004857108,2.0006046295166016,0.0009367673192173243,0.13096173413404194,-0.121908285,0.8982807397842407,2.0005908012390137
20220608_164326,0.6086466162260951,2.084386110305786,0.0005444748676382005,0.1602287324430955,-0.14433074,1.0573309659957886,2.0286521911621094
20220608_164326,0.6156218584895242,2.2491936683654785,0.0003518747689668089,0.15930201158198273,-0.13380387,1.1009154319763184,2.2479934692382812
20220608_164327,0.6146647887069925,2.118790626525879,0.0002299911284353584,0.14394399980593556,-0.15198512,1.0326377153396606,2.108172655105591
20220608_164327,0.6227270935063831,2.1212847232818604,0.00024158191808965057,0.12261838070746993,-0.14138308,1.0607928037643433,2.120556592941284
20220608_164328,0.6278048674951751,2.1710145473480225,0.00045855631469748914,0.09693155908185465,-0.16318619,0.9228626489639282,2.169692039489746
20220608_164328,0.6451895140212346,2.3109984397888184,0.00025168751017190516,0.0973748644856813,-0.15516828,1.0795438289642334,2.310835599899292
20220608_164329,0.6755788068748407,2.3367984294891357,0.0001616872032172978,0.1322979765624199,-0.19289257,0.9274742603302002,2.302050828933716
20220608_164329,0.702528630443278,2.302666187286377,0.0003711330646183342,0.14479835538558594,-0.2094448,1.1466586589813232,2.298351287841797
20220608_164330,0.7155322819926899,2.3676562309265137,1.2336996405792888e-05,0.17352949598699174,-0.22239394,1.0945285558700562,2.353642225265503
20220608_164330,0.7471674562820098,2.553971767425537,9.888682143355254e-06,0.18511800920494012,-0.24212116,0.9898455739021301,2.5198657512664795
20220608_164331,0.7613711043167971,2.4579050540924072,0.00041163951391354203,0.201092277729654,-0.23449224,1.0350526571273804,2.421229600906372
20220608_164331,0.7551500541478604,2.571072816848755,0.000264026370132342,0.14902651218147947,-0.23465805,1.06231689453125,2.5703353881835938
20220608_164332,0.7602526978825768,2.4155385494232178,0.000601288687903434,0.1778802952771501,-0.24284132,1.268425703048706,2.4010353088378906
20220608_164332,0.7830446227041516,2.5136961936950684,0.00042681305785663426,0.20083979119878556,-0.25080705,1.3642669916152954,2.509056806564331
20220608_164333,0.7810009397639722,2.5703203678131104,0.0009740562527440488,0.1838804304189205,-0.23795235,1.266624927520752,2.560358762741089
20220608_164333,0.8211129886828038,2.5542783737182617,0.0004403206112328917,0.17695434050157202,-0.25515303,1.1800848245620728,2.5491387844085693
20220608_164334,0.8232705068605345,2.751910924911499,0.00020215861150063574,0.19125393551329817,-0.27383697,1.2663379907608032,2.7518489360809326
20220608_164334,0.8324083219883667,2.6499879360198975,0.0004593441844917834,0.1737553001214083,-0.29790235,1.2038525342941284,2.645747423171997
20220608_164335,0.8517314200626289,2.791278600692749,0.00032568161259405315,0.16262089642225558,-0.3344518,1.2753102779388428,2.7449705600738525
20220608_164335,0.8708765941703628,2.6769752502441406,0.00011074690701207146,0.201648340073704,-0.3305994,1.416103720664978,2.6472105979919434
20220608_164336,0.9438287197833463,2.742875814437866,0.0007971413433551788,0.3302201304550393,-0.3296408,1.4728978872299194,2.6973929405212402
20220608_164336,0.9322994186012452,2.7159080505371094,0.00026747173978947103,0.25300871071120207,-0.41882595,1.3181341886520386,2.581867218017578
20220608_164337,0.9272004707304492,2.752271890640259,1.5267192793544382e-05,0.2505824149012622,-0.3995486,1.390350103378296,2.6706135272979736
20220608_164337,0.9752143817321879,2.7410104274749756,0.00019787426572293043,0.2767630303625281,-0.44526964,1.3270436525344849,2.5675573348999023
20220608_164338,0.9833395988685654,2.82965350151062,0.001436821068637073,0.3065698878287969,-0.42638618,1.457667589187622,2.7317018508911133
20220608_164338,1.0234856820354377,2.9682438373565674,0.0007819106685929,0.31069608446806213,-0.48457012,1.4519768953323364,2.905289888381958
20220608_164339,1.0261107525263196,2.9670357704162598,0.00011677068687276915,0.2953918570798375,-0.47603458,1.3921350240707397,2.7766599655151367
20220608_164339,1.0594154950185426,2.985426902770996,6.69508590362966e-05,0.3158644582084798,-0.49974793,1.5785926580429077,2.977893114089966
20220608_164339,1.0903814839271342,2.982301712036133,0.0004216574889142066,0.31905208652539335,-0.55249417,1.6056402921676636,2.8803999423980713
20220608_164340,1.055844302405766,3.188415765762329,0.0006878585554659367,0.34173608819010864,-0.48070568,1.4874078035354614,3.041213274002075
20220608_164340,1.0815442904362567,3.096208095550537,0.0005685127107426524,0.35100167244720554,-0.47244322,1.6232125759124756,3.0546417236328125
20220608_164341,1.083447242711896,2.993708372116089,0.0006784721626900136,0.3277366624259337,-0.49692076,1.5509098768234253,2.95849347114563
20220608_164341,1.084932938559661,3.1335299015045166,0.0005971323698759079,0.3114657277824059,-0.4927313,1.5693235397338867,2.961494207382202
20220608_164342,1.1107634091042018,3.221433401107788,0.00022074920707382262,0.31120859303453113,-0.509232,1.6780338287353516,3.0966811180114746
20220608_164342,1.1039534915157816,3.1906046867370605,0.00034494660212658346,0.3021943452530287,-0.49576548,1.5887751579284668,3.0799789428710938
20220608_164343,1.1172834565438678,3.370358943939209,0.0011190581135451794,0.33974145309134973,-0.46552148,1.619923710823059,3.2389073371887207
20220608_164343,1.1544156609422576,3.175196647644043,5.186796624911949e-05,0.3622839009483224,-0.53039867,1.7919225692749023,3.0884809494018555
20220608_164344,1.1639591349083238,3.2063510417938232,0.0004277207772247493,0.35780174626549666,-0.5172408,1.6392165422439575,3.188366413116455
20220608_164344,1.1958157159827636,3.3293070793151855,0.0005527369794435799,0.38018806207343514,-0.54672796,1.6994309425354004,3.1838531494140625
20220608_164345,1.2285656900121797,3.5344812870025635,0.00044012715807184577,0.37904709253510177,-0.58928394,1.6997878551483154,3.3712916374206543
20220608_164345,1.2254784047981393,3.3634743690490723,0.00024722848320379853,0.3798918435049739,-0.57282555,1.724849820137024,3.152996063232422
20220608_164346,1.212336957831947,3.29093861579895,0.00030909408815205097,0.325891856172202,-0.5828175,1.6504762172698975,3.203409433364868
20220608_164346,1.2270842212672979,3.580866575241089,0.0003536344738677144,0.36436788222723876,-0.5722166,1.8101859092712402,3.439793109893799
20220608_164347,1.2613400049078438,3.419355869293213,0.00028951888089068234,0.3553835178081661,-0.61910576,1.6979445219039917,3.228215217590332
20220608_164347,1.2736858878930706,3.358156442642212,0.0007666217861697078,0.3579290239694116,-0.6234045,1.5369069576263428,3.288480520248413
20220608_164348,1.3232312049094113,3.503490924835205,2.2183352484717034e-05,0.4029731997066297,-0.6348081,1.8705159425735474,3.4879086017608643
20220608_164348,1.2888911563616612,3.4686975479125977,0.0002877505903597921,0.39340016960482876,-0.60985196,1.8166548013687134,3.3330836296081543
20220608_164349,1.295916301639339,3.565648078918457,0.000505007104948163,0.3628275611626387,-0.6181251,1.6705572605133057,3.5654795169830322
20220608_164349,1.309416654583607,3.5909502506256104,0.00020746098016388714,0.32550789295299704,-0.65347785,1.8798084259033203,3.5888915061950684
20220608_164350,1.3619308447500655,3.5158300399780273,0.0012306589633226395,0.3716270862796537,-0.69033587,1.8261052370071411,3.509364604949951
20220608_164351,1.3904090067618773,3.8673460483551025,0.0009014644310809672,0.3917412785936478,-0.6901756,1.8397512435913086,3.587883472442627
20220608_164352,1.3851620073974706,3.673558235168457,0.00019663217244669795,0.4205154048749501,-0.66795784,1.965834140777588,3.6270899772644043
20220608_164352,1.3808399922032928,3.636950969696045,0.0007448415854014456,0.3864063187898107,-0.6921814,1.7883001565933228,3.628049850463867
20220608_164353,1.3924186910831473,3.664078950881958,0.0007181168184615672,0.4003784082736105,-0.65560484,1.848394751548767,3.655168294906616
20220608_164354,1.396486935956121,3.8978168964385986,0.00026576148229651153,0.40746851978852455,-0.6905931,1.8688369989395142,3.6177098751068115
20220608_164354,1.4762413190200128,3.739069700241089,0.00047561220708303154,0.4238370506926284,-0.7340911,2.0425174236297607,3.588603973388672
20220608_164355,1.4786480208097073,3.8246209621429443,0.0006419565761461854,0.43800876359,-0.74037313,1.919054388999939,3.761655807495117
20220608_164356,1.4473840468261496,3.8567070960998535,0.00048777408665046096,0.39538976307523277,-0.7117368,1.8797117471694946,3.656559467315674
20220608_164357,1.4944303356780746,3.8220107555389404,0.0004936387413181365,0.4240491979812482,-0.7456947,2.017594575881958,3.767935276031494
20220608_164357,1.4992114044646645,3.8439910411834717,0.0005937504465691745,0.4638151593394163,-0.7099956,2.016528844833374,3.831669330596924
20220608_164358,1.5704666420836164,3.8768489360809326,0.0011595949763432145,0.46353847390001357,-0.81056446,2.152165651321411,3.814541816711426
20220608_164358,1.5188554285425815,4.018460273742676,0.0010906982934102416,0.48237752321074956,-0.7184623,2.080587148666382,3.9629833698272705
20220608_164359,1.5329555439342004,3.924731731414795,0.0010245643788948655,0.4560629793002032,-0.7697857,2.0327308177948,3.887939214706421
20220608_164359,1.5740843052142546,3.9499409198760986,0.0020271146204322577,0.439245397804374,-0.8073362,1.9863563776016235,3.9302852153778076
20220608_164400,1.565349513385964,3.9696035385131836,4.924035692965845e-06,0.4685983882449333,-0.7897852,2.108262300491333,3.9460790157318115
20220608_164400,1.610725592185711,3.9963362216949463,0.0030360419768840075,0.5062153496500792,-0.80715305,2.123009204864502,3.899350881576538
20220608_164401,1.6075677905069579,4.15888786315918,0.0011510943295434117,0.4846720544152077,-0.7963017,2.1951398849487305,4.154036521911621
20220608_164401,1.6030561777487846,4.154027938842773,0.0003635795146692544,0.4857108997333745,-0.79663897,2.1949126720428467,3.938729763031006
20220608_164402,1.6212244204776278,4.121265411376953,0.0005932995118200779,0.4994477485410725,-0.8127947,2.1449244022369385,3.8594071865081787
20220608_164402,1.6384128617324532,4.249334812164307,0.000407189509132877,0.5336466964844289,-0.8112419,2.2387993335723877,3.943965435028076
20220608_164403,1.6248879834594834,4.0827836990356445,0.000677743402775377,0.5057672554187659,-0.8045382,2.2071120738983154,4.064121723175049
20220608_164403,1.6570965798949013,4.310181617736816,0.0005334613379091024,0.5157220994381472,-0.8245976,2.1830196380615234,4.070549488067627
20220608_164404,1.6750870087352878,4.282566070556641,0.00013448017125483602,0.4956982680258844,-0.84963363,2.0992166996002197,4.1031646728515625
20220608_164404,1.6715384561948192,4.196889400482178,0.00020220442092977464,0.48026742049443416,-0.8445576,2.2289583683013916,4.176121711730957
20220608_164405,1.698611733765221,4.266088962554932,0.001255173236131668,0.4802401510745346,-0.86152506,2.240687847137451,4.201028823852539
20220608_164405,1.7299768946435283,4.296247482299805,0.0009433043305762112,0.4820412170643078,-0.9119156,2.2060093879699707,3.989433765411377
20220608_164406,1.7093134812905784,4.223277568817139,0.00039432020275853574,0.47656269843289933,-0.90765804,2.135040760040283,4.037900447845459
20220608_164406,1.7370038661137595,4.238534927368164,0.00015478501154575497,0.49062638593136654,-0.9058117,2.1436312198638916,4.22912073135376
20220608_164407,1.747921669205839,4.232938289642334,0.0005351497675292194,0.5316263202497639,-0.89850736,2.2007195949554443,4.066256999969482
20220608_164407,1.7295913456261056,4.3799285888671875,0.0003605349629651755,0.5002340196126945,-0.88378626,2.300848960876465,4.379550933837891
20220608_164408,1.7574935392383988,4.27515983581543,0.0008283214992843568,0.432792281305381,-0.94415283,2.105823040008545,4.113224983215332
20220608_164408,1.79390487700454,4.334620952606201,0.0008430838352069259,0.5108236318201458,-0.93224716,2.3393428325653076,4.3321380615234375
20220608_164409,1.7816886765309854,4.253847599029541,0.0006548641249537468,0.502543256169083,-0.9312229,2.3975536823272705,4.210888385772705
20220608_164409,1.7934809089558845,4.485735893249512,0.0016651249025017023,0.5078383138947202,-0.94803596,2.2889044284820557,4.172421455383301
20220608_164410,1.8104611102109895,4.328667640686035,0.0021368872839957476,0.5134221894085411,-0.9690582,2.2544679641723633,4.188074111938477
20220608_164410,1.8532617970146472,4.4932169914245605,0.004513045307248831,0.48536878875609657,-1.0156736,2.338754892349243,4.2915544509887695
20220608_164411,1.8841700142744633,4.367068290710449,0.006117640994489193,0.5102654638698694,-1.0469161,2.4584925174713135,4.250157356262207
20220608_164411,1.9094832703467244,4.521547317504883,0.0076190815307199955,0.5177708381123792,-1.0666685,2.2841882705688477,4.29888916015625
20220608_164412,1.8851627842640544,4.623542308807373,0.000522565795108676,0.5200352163801849,-1.0467399,2.368910551071167,4.262186050415039
20220608_164412,1.8640160756730313,4.4207024574279785,0.003590458305552602,0.5157608678095581,-1.0107318,2.3205602169036865,4.210854530334473
20220608_164413,1.8966435172442966,4.522454738616943,0.002346560126170516,0.5181103233720414,-1.0381849,2.362344741821289,4.41718864440918
20220608_164413,1.9034404837430914,4.5725998878479,0.006432297173887491,0.5360639724987946,-1.0248423,2.3549835681915283,4.357769012451172
20220608_164414,1.90845357494881,4.523043632507324,0.009809980168938637,0.4872345210824948,-1.0554425,2.402212381362915,4.471209526062012
20220608_164414,1.9050789737091218,4.531959533691406,0.008713467977941036,0.46865566362927263,-1.0582163,2.2789318561553955,4.4853291511535645
20220608_164415,1.9451699111287908,4.675682067871094,0.0020290897227823734,0.5671597604821316,-1.0425125,2.4053914546966553,4.6736159324646
20220608_164415,1.9094640033074766,4.455914497375488,0.0009839209960773587,0.5996820177304762,-1.0004247,2.3329098224639893,4.355308532714844
20220608_164416,1.9512218484626456,4.5739006996154785,0.0037613704334944487,0.5587481000682741,-1.0486491,2.5226447582244873,4.375299453735352
20220608_164416,1.970593027899365,4.558247089385986,0.00166424794588238,0.600575301709733,-1.0599148,2.5140130519866943,4.421750068664551
20220608_164417,1.9402103109640305,4.463341236114502,0.003953770734369755,0.5544083351675115,-1.0443912,2.673269510269165,4.4510602951049805
20220608_164417,1.922853003155647,4.540397644042969,0.0029049422591924667,0.5430784690790496,-1.0358523,2.4294586181640625,4.315489768981934
20220608_164418,1.9878321298317743,4.713100910186768,0.00139372528064996,0.5913835615899724,-1.0816008,2.4932217597961426,4.409745693206787
20220608_164418,1.9796241369595442,4.633309364318848,0.0008721909835003316,0.5920785610359403,-1.053814,2.6239686012268066,4.502389907836914
20220608_164419,2.0016002415799123,4.608015537261963,0.0014682607725262642,0.5679944027833564,-1.1050613,2.5084710121154785,4.438901901245117
20220608_164419,1.9903553980226933,4.592622756958008,0.0015172988642007113,0.6104355946340675,-1.0566422,2.657496213912964,4.358059883117676
20220608_164420,2.059310748150837,4.584454536437988,0.01242913119494915,0.6664431208775504,-1.1365547,2.5760281085968018,4.5612874031066895
20220608_164420,2.06293531436098,4.774298667907715,0.001971788704395294,0.6174044006292576,-1.1391404,2.575155019760132,4.61091947555542
20220608_164421,2.069732455505557,4.611854553222656,0.009146002121269703,0.6115236728262158,-1.1364478,2.6576180458068848,4.416280746459961
20220608_164421,2.0990528198504044,4.665007591247559,0.00781716126948595,0.6018756019918929,-1.1716092,2.701312303543091,4.6418023109436035
20220608_164421,2.0706958223619756,4.754287242889404,0.002510316437110305,0.6015810681154297,-1.135829,2.4758107662200928,4.591302871704102
20220608_164422,2.075072851625611,4.99483585357666,0.0026466662529855967,0.5960454606944618,-1.1423965,2.557669162750244,4.560836315155029
20220608_164422,2.0883861983771594,4.999981880187988,0.0018715664045885205,0.6113739773303047,-1.1468289,2.6073572635650635,4.652674198150635
20220608_164423,2.0972002034105195,4.741410732269287,0.007339160889387131,0.6243030117348767,-1.1507608,2.582660436630249,4.49181604385376
20220608_164423,2.1183517397026614,4.940375804901123,0.007297833915799856,0.6538485853464192,-1.1589646,2.6602625846862793,4.476311206817627
20220608_164424,2.1127768218378153,4.772042751312256,0.001877754577435553,0.6565490660276985,-1.1405559,2.897355556488037,4.475349426269531
20220608_164424,2.1318905837665514,4.818953037261963,0.0037443414330482483,0.6360996213186574,-1.163919,2.6156210899353027,4.790023326873779
20220608_164425,2.0988346862550884,4.882894992828369,0.00267014279961586,0.6150591359703437,-1.146699,2.7176084518432617,4.8720526695251465
20220608_164425,2.1440353751671997,4.931339740753174,0.005629252176731825,0.6973662864254158,-1.159324,2.6644649505615234,4.688147068023682
20220608_164426,2.118546413190292,4.845925807952881,0.003046406200155616,0.6933608288348089,-1.1177235,2.576138973236084,4.832070827484131
20220608_164426,2.166604771099123,4.766737937927246,0.014256597496569157,0.7027867848266067,-1.1557914,2.829798460006714,4.5524163246154785
20220608_164427,2.1708324719925423,4.8592329025268555,0.011680152267217636,0.6261995021451312,-1.1986963,2.7122371196746826,4.675388336181641
20220608_164427,2.1426066715132617,4.86663818359375,0.012671496719121933,0.5498629498452309,-1.1844032,2.550586223602295,4.798063278198242
20220608_164428,2.1576239255452014,4.734148979187012,0.02340710163116455,0.5865207551584251,-1.1955948,2.6367483139038086,4.719292640686035
20220608_164428,2.1322153481881294,4.868412971496582,0.008908047340810299,0.6018239890445208,-1.1776102,2.672550678253174,4.593857288360596
20220608_164429,2.204246118639742,4.887045860290527,0.0077897729352116585,0.6206874891190364,-1.2200775,2.618220567703247,4.770283222198486
20220608_164429,2.1982606271422824,4.939896106719971,0.0008315560990013182,0.6593894726058075,-1.2131599,2.715881824493408,4.615085124969482
20220608_164430,2.190398111301542,4.911830425262451,0.004226090852171183,0.5701079604086522,-1.2056392,2.8731558322906494,4.889771938323975
20220608_164430,2.1970155214282068,4.894399642944336,0.00593758188188076,0.6394162803311779,-1.216108,2.852043867111206,4.785613059997559
20220608_164431,2.1961539981516722,5.031563758850098,0.004138853866606951,0.6395877162399344,-1.2125031,2.6907589435577393,4.599295139312744
20220608_164431,2.2116695729934004,5.092361927032471,0.011885521933436394,0.6278961020077405,-1.234542,2.685622215270996,4.743345260620117
20220608_164432,2.2561679193593545,5.12805700302124,0.006550594698637724,0.6888781622640774,-1.2498932,2.8009674549102783,4.8294901847839355
20220608_164432,2.2227915270266254,4.907142162322998,0.001563824131153524,0.6752637453758096,-1.2100573,2.7329132556915283,4.764946460723877
20220608_164433,2.2153500230304033,4.989391326904297,0.009947764687240124,0.6194117397022444,-1.2283057,2.732820987701416,4.980842113494873
20220608_164433,2.211209206843595,5.170156002044678,0.0015283493557944894,0.6387896568971011,-1.2047657,2.852992057800293,4.856194496154785
20220608_164434,2.207197319067746,4.945074558258057,0.007896678522229195,0.5615527003292844,-1.2302049,2.67144775390625,4.8560404777526855
20220608_164435,2.2615017624420424,4.962172508239746,0.0011513471836224198,0.6066881867543608,-1.2590085,2.6733603477478027,4.735036373138428
20220608_164435,2.2432143482691638,5.05037260055542,0.00670212134718895,0.5934424055620738,-1.258587,2.6434366703033447,4.944948196411133
20220608_164436,2.267514907117553,5.290863990783691,0.004408101085573435,0.6106787130391046,-1.2661272,2.7265982627868652,5.066357612609863
20220608_164436,2.289973711567374,5.0423054695129395,0.015854090452194214,0.6603868243139395,-1.281218,2.606858968734741,5.030420780181885
20220608_164437,2.2956391776858625,4.990711212158203,0.01217019371688366,0.6463407196489362,-1.2720993,2.7907402515411377,4.987853527069092
20220608_164437,2.2809060506610837,5.010749340057373,0.011528048664331436,0.5825403548244457,-1.2789668,2.8241443634033203,4.833268165588379
20220608_164438,2.3026386626207627,5.109799861907959,0.003767387242987752,0.610432314217465,-1.2858775,2.827869176864624,4.959358215332031
20220608_164438,2.2892003264617533,5.092158317565918,0.002662164159119129,0.5756032357884058,-1.2826718,2.7144277095794678,4.906016826629639
20220608_164439,2.3103714171608125,5.367130279541016,0.008613649755716324,0.6258151694502881,-1.2831147,2.8054728507995605,4.997931480407715
20220608_164440,2.331334267704169,5.1623311042785645,0.007391100749373436,0.6410406699470663,-1.3112024,2.63559889793396,4.885157108306885
20220608_164440,2.323638408153462,5.013524532318115,0.009923158213496208,0.6030045777134928,-1.315945,2.8970797061920166,4.812501430511475
20220608_164441,2.35189476241204,5.057673931121826,0.006770797073841095,0.6023294734033847,-1.3284198,2.8475160598754883,5.000234127044678
20220608_164441,2.34121821140727,5.155022144317627,0.003160185180604458,0.5962980559672313,-1.3249174,2.81593918800354,4.920892238616943
20220608_164442,2.3342820025121647,5.0428466796875,0.012789390981197357,0.549901071365002,-1.3322355,2.873441457748413,4.970304012298584
20220608_164442,2.3630830984699296,5.196918487548828,0.003776871832087636,0.5876534989659346,-1.3599321,2.866211175918579,4.879570960998535
20220608_164443,2.402170862938647,5.161551475524902,0.009702689945697784,0.5822450626605655,-1.3801531,2.854909658432007,4.91209602355957
20220608_164444,2.372291240228833,5.130976676940918,0.00832877866923809,0.5748697118183574,-1.3602325,2.765207052230835,4.940535545349121
20220608_164444,2.394582144413999,5.5284624099731445,0.0028220328968018293,0.6062011294596676,-1.3718214,2.7704286575317383,4.887560844421387
20220608_164445,2.4157173071451927,5.114965438842773,0.007504240144044161,0.6168007540921161,-1.3853436,2.935368299484253,5.107453346252441
20220608_164446,2.4550916085835297,5.498941421508789,0.006928625516593456,0.5871701060807348,-1.3896593,2.9166688919067383,5.145733833312988
20220608_164446,2.4314095481162563,5.430853843688965,0.009846579283475876,0.6597305664796761,-1.3414092,2.9318413734436035,5.275150299072266
20220608_164447,2.4520716554233113,5.539373874664307,0.01003103144466877,0.611656189182776,-1.3765669,3.0252177715301514,5.3793721199035645
20220608_164448,2.4475356337941854,5.580477237701416,0.0016855368157848716,0.6063708104362184,-1.3623128,2.9896161556243896,5.389755725860596
20220608_164449,2.4403336393000807,5.634690284729004,0.006572815589606762,0.6220799143852193,-1.3564641,2.8911125659942627,5.3731689453125
20220608_164449,2.431315453198925,5.490754127502441,0.016475403681397438,0.6978382383024307,-1.3216755,3.3558530807495117,5.236129283905029
20220608_164450,2.443235372109348,5.526838302612305,0.007371825166046619,0.6690904293962657,-1.3574734,3.0736796855926514,5.368581771850586
20220608_164451,2.410605518516898,5.366785526275635,0.0023286070208996534,0.6548518951244775,-1.303595,3.190459966659546,5.308748722076416
20220608_164451,2.394417468763061,5.4447550773620605,0.009837795980274677,0.6469919092532418,-1.3153187,3.068166732788086,5.235376834869385
20220608_164452,2.3998815339339656,5.3846330642700195,0.011916798539459705,0.7179545753983329,-1.32874,3.011139154434204,5.231478691101074
20220608_164453,2.404205616578102,5.331678867340088,0.004559983033686876,0.7390980987869485,-1.3150928,3.17537522315979,5.298882961273193
20220608_164453,2.341726298368415,5.327080249786377,0.007494010962545872,0.7395268148603715,-1.2655082,3.0836706161499023,5.261781692504883
20220608_164454,2.321085971642894,5.1697235107421875,0.008057307451963425,0.651627373523063,-1.2747418,2.948925495147705,5.149910926818848
20220608_164455,2.323993976662241,5.145373344421387,0.005475574638694525,0.5923723911763719,-1.3113139,2.967663526535034,5.046562194824219
20220608_164455,2.291318445205452,4.972662925720215,0.01648552343249321,0.6320408238844778,-1.3063942,2.8853795528411865,4.8057541847229
20220608_164456,2.2632122414498825,4.988367080688477,0.01695256493985653,0.6036685979944525,-1.2981035,3.031219720840454,4.961813926696777
20220608_164457,2.233208822901297,4.749177932739258,0.002484968164935708,0.6250404929902185,-1.2643262,2.810711622238159,4.468664646148682
20220608_164458,2.197597804944556,4.704474925994873,0.01258034072816372,0.5461339442627493,-1.2778019,2.9539268016815186,4.449606895446777
20220608_164458,2.187788065489598,4.604545593261719,0.0030044110026210546,0.5972253336379668,-1.2747742,2.8037431240081787,4.360915184020996
20220608_164459,2.1733868344046887,4.419307231903076,0.01317714061588049,0.5645379993563779,-1.26674,2.9000282287597656,4.357393741607666
20220608_164459,2.1268250253741976,4.393840789794922,0.007566730957478285,0.5415111661612177,-1.2438604,2.676299571990967,4.186125755310059
20220608_164500,2.1218416121611834,4.176241874694824,0.011444011703133583,0.5731893210952714,-1.2496414,2.833998918533325,4.068619251251221
20220608_164501,2.125028626652273,4.289421558380127,0.027631612494587898,0.5959650146438878,-1.2811621,2.7831220626831055,3.9914016723632812
20220608_164501,2.076008558708852,4.229438781738281,0.005741706117987633,0.5951279614636292,-1.2394844,2.690009593963623,4.155848979949951
20220608_164502,2.0318690425815813,4.213241100311279,0.014688121154904366,0.5549525687238909,-1.2214129,2.5104360580444336,3.8246049880981445
20220608_164503,2.0106076745695254,4.033941745758057,0.017096223309636116,0.5973961061047851,-1.1784472,2.5905563831329346,3.8060429096221924
20220608_164504,2.027099365345466,4.043059825897217,0.01473396085202694,0.6087969043789383,-1.2243804,2.687519073486328,3.5760035514831543
20220608_164506,1.955944523976717,3.84792160987854,0.006738586816936731,0.5089494444365822,-1.2165036,2.3956549167633057,3.539196252822876
20220608_164506,1.918796177489853,3.745283365249634,0.006183938588947058,0.5753628448590379,-1.2040704,2.3884432315826416,3.2711164951324463
20220608_164507,1.8575633523971278,3.5944912433624268,0.013144789263606071,0.39122621041729333,-1.227039,2.1086902618408203,3.2419562339782715
20220608_164508,1.8092182360261237,3.637014865875244,0.012749793939292431,0.357654681387432,-1.2086142,2.1556661128997803,3.116405725479126
20220608_164509,1.8279475327494228,3.51676082611084,0.005497832782566547,0.33105260407495396,-1.2379855,2.093308925628662,3.0043702125549316
20220608_164510,1.783698380508456,3.4043896198272705,0.003382788272574544,0.3215462546976525,-1.2180028,2.0704152584075928,2.8995449542999268
20220608_164511,1.7435868777773866,3.4245262145996094,0.006754480302333832,0.30307927140681323,-1.1943353,2.294301986694336,2.9209465980529785
20220608_164512,1.7123339041632415,3.231675386428833,0.009341958910226822,0.30317008573021315,-1.175154,2.0306296348571777,2.7117116451263428
20220608_164512,1.6773671911994532,3.2064085006713867,0.013582605868577957,0.3589654062239727,-1.1530304,1.9626644849777222,2.9841761589050293
20220608_164513,1.651512685333697,3.0941717624664307,0.007375880144536495,0.4365320868543132,-1.0972649,2.0300705432891846,2.724893569946289
20220608_164514,1.6491266344919269,3.0289549827575684,0.002678739372640848,0.3839892856095228,-1.1453835,2.0073890686035156,2.475130558013916
20220608_164515,1.5970217853098987,2.9196503162384033,0.006135290022939444,0.3671193599478555,-1.1187761,1.9229847192764282,2.2236580848693848
20220608_164516,1.6092345934480332,2.91111159324646,0.005013270769268274,0.443982540538894,-1.1033381,1.9786595106124878,2.4126336574554443
20220608_164516,1.5731348639753526,2.9013259410858154,0.0034539510961622,0.4660053282672039,-1.0723288,2.0005626678466797,2.3728506565093994
20220608_164517,1.5674017310120592,2.7865095138549805,0.004127738066017628,0.47591038015074455,-1.0739549,1.980710506439209,2.2423079013824463
20220608_164518,1.540368756803045,2.820970058441162,0.00207807426340878,0.5064729994386195,-1.0417216,1.9990472793579102,2.3199048042297363
20220608_164519,1.5138150930968155,2.6495158672332764,0.003614322515204549,0.46231799133030405,-1.0439162,1.8367286920547485,2.295905590057373
20220608_164520,1.4475317609673013,2.8001821041107178,0.002389506669715047,0.40186658535129344,-1.0002737,1.9160665273666382,1.896925449371338
20220608_164521,1.4676492502076128,2.59700345993042,0.005073778796941042,0.47375055624522716,-1.0077608,1.8489866256713867,1.9602487087249756
20220608_164521,1.4450630928327879,2.5590171813964844,0.002949983347207308,0.3968403337194538,-1.0139844,1.8611483573913574,1.9357646703720093
20220608_164522,1.4262259320216142,2.4983603954315186,0.0014484638813883066,0.30464620730083913,-1.0296886,1.7370599508285522,2.2141013145446777
20220608_164523,1.4046548299330366,2.614992618560791,0.0020588107872754335,0.2594880653584169,-1.0392563,1.6818633079528809,2.0992014408111572
20220608_164523,1.3890574733475942,2.66762113571167,0.0024393044877797365,0.24613261763706293,-1.0428001,1.6293731927871704,1.955120325088501
20220608_164524,1.3774457718010513,2.471410036087036,0.0013599152443930507,0.25788106924523596,-1.0275276,1.539289116859436,1.8730062246322632
20220608_164525,1.352117160060758,2.397101879119873,0.003467962145805359,0.2122997216736202,-1.0265448,1.5214771032333374,1.926470160484314
20220608_164525,1.3860607478489457,2.511986017227173,0.00769824581220746,0.2590440727528896,-1.0469844,1.6323634386062622,1.7740250825881958
20220608_164526,1.374882269155122,2.43737530708313,0.0007940477808006108,0.2668737962156813,-1.0488523,1.6354964971542358,1.8582876920700073
20220608_164526,1.397299251568906,2.4001240730285645,0.002627149922773242,0.35155531935561374,-1.0638782,1.6616990566253662,1.4625550508499146
20220608_164527,1.39524265591472,2.4775755405426025,0.00240972638130188,0.3725442888134244,-1.0546591,1.7163233757019043,1.611343502998352
20220608_164527,1.3611422446063781,2.3604087829589844,0.0011754496954381466,0.379411336813906,-1.0370865,1.6990355253219604,1.56446373462677
20220608_164527,1.3419565452488793,2.3140714168548584,0.00240858132019639,0.3828423791795017,-1.0040827,1.6444541215896606,1.490025281906128
20220608_164528,1.3133123855988795,2.296782970428467,0.004548370372503996,0.4035421224908684,-0.9634031,1.6821092367172241,1.7065958976745605
20220608_164528,1.30266601982058,2.257254123687744,0.002020704559981823,0.4015646428057775,-0.960057,1.6391100883483887,1.461516261100769
20220608_164529,1.2858646936082472,2.2179932594299316,0.002683752914890647,0.3682988152328868,-0.94779944,1.538309931755066,1.5974509716033936
20220608_164529,1.2619103786266772,2.1926541328430176,0.0032860690262168646,0.3887953993594517,-0.93010306,1.5265167951583862,1.456027626991272
20220608_164530,1.2480888668817602,2.4181900024414062,0.0014257123693823814,0.35481422707409854,-0.9320266,1.7117838859558105,1.2639195919036865
20220608_164530,1.2414265050638091,2.514812469482422,0.0050597586669027805,0.380832594311054,-0.9008898,1.558048963546753,1.6738353967666626
20220608_164531,1.2302023040070917,2.099397659301758,0.0014127222821116447,0.33977284267005803,-0.9054169,1.5542975664138794,1.4245532751083374
20220608_164531,1.2288861783866325,2.346160888671875,0.0024920045398175716,0.36997264923783857,-0.90291965,1.6221611499786377,1.3237344026565552
20220608_164532,1.2123488640912128,2.1890902519226074,0.002877403749153018,0.36879240450700085,-0.88566905,1.4895282983779907,1.405747413635254
20220608_164532,1.2126560291066153,2.199209451675415,0.004432243760675192,0.35523315560774404,-0.8876028,1.601542592048645,1.615515947341919
20220608_164532,1.1954206963845622,2.002470016479492,0.0015788706950843334,0.3880236740281552,-0.86022145,1.5916906595230103,1.3866755962371826
20220608_164533,1.1966654324575428,2.0283944606781006,0.0030001625418663025,0.34622190840993644,-0.8876152,1.6126515865325928,1.3741644620895386
20220608_164533,1.148954839166853,2.1627793312072754,0.0016591348685324192,0.30616126914821506,-0.8398759,1.418442726135254,1.3223962783813477
20220608_164534,1.1835109411653586,2.1112210750579834,0.0016891862032935023,0.36454572947562,-0.87357384,1.57376229763031,1.5330842733383179
20220608_164534,1.2184730659711367,2.1118690967559814,0.0014225142076611519,0.3894012187628289,-0.89766824,1.6222440004348755,1.4067009687423706
20220608_164535,1.1916636015552948,1.9828338623046875,0.002911013551056385,0.4457814085832342,-0.8596568,1.6187187433242798,1.3585706949234009
20220608_164535,1.203158182764591,1.8866440057754517,0.001157272607088089,0.43219894804181647,-0.85689425,1.6405341625213623,1.4792407751083374
20220608_164536,1.1840542646266554,1.9626588821411133,0.0013452571583911777,0.38468431665534863,-0.87734073,1.611642837524414,1.29167902469635
20220608_164536,1.1761335699834996,2.1136093139648438,0.0006333920173346996,0.3622829407639414,-0.8737773,1.4713343381881714,1.642899990081787
20220608_164536,1.1555588372642145,2.078400135040283,0.0029051003511995077,0.38626881953265024,-0.84171766,1.5704056024551392,1.3917063474655151
20220608_164537,1.171537694698296,2.0339431762695312,0.002590603195130825,0.35575242127051687,-0.88444084,1.5063269138336182,1.3435306549072266
20220608_164537,1.1472068603156855,1.966217279434204,0.00039672592538408935,0.3015411618912128,-0.88547474,1.5163146257400513,1.2752957344055176
20220608_164538,1.1015304707369558,2.189729690551758,0.003460536478087306,0.37405034391753766,-0.81135935,1.4220417737960815,1.2804841995239258
20220608_164538,1.0931188567441692,1.9900376796722412,0.0034632680471986532,0.3202439047059862,-0.8188795,1.3734965324401855,1.1136800050735474
20220608_164539,1.08174268264637,1.8334530591964722,0.0004393297422211617,0.2709965527581544,-0.8147591,1.4074827432632446,1.303850531578064
20220608_164539,1.0470781158139606,1.990689992904663,0.0024779089726507664,0.2689450493331521,-0.79818493,1.2772401571273804,1.069140076637268
20220608_164540,1.0678293952944968,1.879753828048706,0.0023036478087306023,0.283947880152952,-0.8018355,1.4251580238342285,1.276699185371399
20220608_164540,1.0844105155697181,1.855549931526184,0.0009708133293315768,0.3313011395870819,-0.8279785,1.4336035251617432,1.1500133275985718
20220608_164541,1.0462438096858444,1.7441099882125854,0.0009141594637185335,0.32444076774328645,-0.7691402,1.3339874744415283,1.2875858545303345
20220608_164541,1.0273618414823098,1.802170753479004,0.0011760827619582415,0.33657444113119,-0.7577583,1.3980973958969116,1.1161776781082153
20220608_164542,1.0601098440635364,1.7992260456085205,0.001568156760185957,0.31786287661903573,-0.8030832,1.3534955978393555,1.2056323289871216
20220608_164543,1.0246079749519086,1.734711766242981,0.0030884675215929747,0.29223233241246394,-0.77037287,1.4407713413238525,1.0603889226913452
