20220608_163352,4.0466964094385036e-05,0.05319252237677574,0.0,-2.3684459462080262e-05,-6.0030375e-06,0.0199934933334589,0.014950464479625225
20220608_163353,0.2097082045779852,0.8818146586418152,0.0001393908605678007,-0.026609502250211706,-0.018076215,0.6274603009223938,0.7666227221488953
20220608_163354,0.21609282268825597,1.0115330219268799,0.00012098588922526687,-0.06586967201231618,-0.027170332,0.7117886543273926,0.5962830781936646
20220608_163355,0.21970515853164072,0.8787367939949036,0.00012745386629831046,-0.06556197388385139,-0.017322017,0.6886149644851685,0.7122151851654053
20220608_163355,0.21945795764076356,1.241632103919983,0.0003030866791959852,-0.07907302676916228,0.005646904,0.5511841177940369,0.639864981174469
20220608_163356,0.20815795256198424,0.9648277759552002,0.00025950922281481326,-0.04260167227274277,0.0046959594,0.6413134932518005,0.882917046546936
20220608_163356,0.21357339894274335,0.9099848866462708,0.00019867930677719414,-0.04134157546645798,-0.034015115,0.5770134925842285,0.8344541788101196
20220608_163357,0.21780996902774252,0.9711533784866333,0.00018953531980514526,-0.015632398244243548,-0.028870396,0.7430570125579834,0.6690530180931091
20220608_163357,0.21457543927321315,1.1276371479034424,6.946623761905357e-05,-0.055145194710821556,-0.00036730606,0.522754967212677,0.7893391251564026
20220608_163357,0.21973309270526908,1.0554594993591309,9.254483302356675e-05,-0.07010265541060744,0.016948674,0.5049687623977661,0.709854245185852
20220608_163358,0.23938062210128952,0.8572235703468323,0.00021646078675985336,-0.11514329104914907,0.046530064,0.5951528549194336,0.8118830323219299
20220608_163358,0.22843276753520886,0.8439013361930847,0.00011968219769187272,-0.07964684475398164,0.023470838,0.7380784153938293,0.7027959823608398
20220608_163359,0.21383990385044876,0.8833791017532349,0.00021694648603443056,-0.04468781920831538,0.0065351836,0.6082773208618164,0.7322310209274292
20220608_163359,0.2140268930390532,1.0264177322387695,6.4469211793039e-05,0.01002229623054403,0.0219538,0.7267485857009888,0.753880500793457
20220608_163400,0.2158210218455978,0.9215512871742249,0.00024730543373152614,-0.016287808144845376,0.034610547,0.6917263269424438,0.7890148162841797
20220608_163401,0.2164182225739934,0.8228830695152283,7.829535752534866e-05,0.014905309546447587,0.07031983,0.7624809145927429,0.813839852809906
20220608_163402,0.2134120782148599,0.9438760280609131,0.00010076862236019224,-0.0394698365284716,0.0071568163,0.5703706741333008,0.7846327424049377
20220608_163402,0.20935868974792327,0.8203963041305542,0.00020398655033204705,0.0009002180732165184,0.015974335,0.6922137141227722,0.6755388379096985
20220608_163403,0.20928416709048858,0.8189772963523865,0.0003262573154643178,0.020622538169432554,0.03062629,0.7269747257232666,0.6980871558189392
20220608_163403,0.21087147023904707,0.9165080785751343,8.013831393327564e-05,-0.05465976123367997,-0.0045674415,0.7088382244110107,0.9037805795669556
20220608_163404,0.21089342625019886,0.980574369430542,0.0003459255094639957,0.003721388772949675,0.03995912,0.8526669144630432,0.6891536116600037
20220608_163404,0.2094312200567231,0.8400413393974304,0.00014853231550659984,0.007095227744457034,0.02068549,0.7355498671531677,0.8119012713432312
20220608_163405,0.20685163306688073,0.8900235295295715,1.8312190150027163e-05,-0.008659121663051477,0.0032229526,0.7960463762283325,0.8643689155578613
20220608_163405,0.21269143542130226,1.0070068836212158,8.563819574192166e-05,0.013387145580881697,-0.019807233,0.7120391130447388,0.6445126533508301
20220608_163406,0.2098607218177206,0.8899136781692505,0.00020607217447832227,0.028912618916435446,-0.011634721,0.7523699402809143,0.7570986747741699
20220608_163406,0.21982778373131825,0.8452805280685425,0.00028229563031345606,0.07043999000434274,-0.014606946,0.7470365762710571,0.7479199767112732
20220608_163407,0.21545414518276704,0.9626210927963257,0.00017609451606404036,0.06134243278778038,0.019888528,0.7355918288230896,0.7066461443901062
20220608_163408,0.21112452715849706,1.1392022371292114,0.00011552601790754125,-0.024931744727773597,0.0006688446,0.6911653876304626,0.6867426633834839
20220608_163408,0.2106826450564561,1.0222238302230835,0.00010524623212404549,-0.005814702515974113,0.0019018154,0.7965888977050781,0.890067994594574
20220608_163409,0.2159399613983514,0.8373825550079346,9.271852468373254e-05,-0.01910298344420149,0.005101157,0.7303211688995361,0.7967538237571716
20220608_163409,0.21253702181820502,0.8147292137145996,0.00040628432179801166,0.01519759832579754,-0.0032617953,0.6786262392997742,0.7834504842758179
20220608_163410,0.2247437618909469,0.8917649388313293,0.00014253181871026754,0.00625703513748478,0.0868242,0.8046813607215881,0.8820897340774536
20220608_163410,0.21582836924812884,1.1937217712402344,0.000255971506703645,0.024412870029487412,0.0472824,0.7217757105827332,0.7481694221496582
20220608_163411,0.21676051495262252,0.9127803444862366,0.00011821102089015767,-0.046972165385247025,0.032955214,0.647883415222168,0.7114970088005066
20220608_163411,0.21559275897069935,0.9088017344474792,0.00021794722124468535,-0.06942027062132251,0.035945058,0.7123826146125793,0.8407491445541382
20220608_163412,0.21350554640540265,0.8614502549171448,0.0002078718680422753,-0.03128859893204399,0.01717317,0.7092608213424683,0.71826171875
20220608_163413,0.21522565375103184,0.8997371196746826,0.00012091254029655829,0.014099095691996626,0.054661956,0.6402593851089478,0.8163632750511169
20220608_163413,0.20870127760695706,1.0186052322387695,0.0002387867571087554,0.010786279400172962,0.026364896,0.6677202582359314,0.7697256803512573
20220608_163413,0.2168795889861354,0.8103746771812439,0.00010130419832421467,0.035620090540196665,0.029003931,0.6865118145942688,0.6881986856460571
20220608_163414,0.21409172999916046,0.9991651177406311,0.0003327778249513358,0.024100841292368162,0.037740152,0.748220682144165,0.9685668349266052
20220608_163414,0.21581302606688066,0.958307683467865,0.0001220717967953533,-0.029271873057076164,0.036303163,0.6782538890838623,0.7468253970146179
20220608_163415,0.21301710115649733,0.8488993048667908,0.00023684676853008568,-0.051383192231849666,0.0033787189,0.7169380784034729,0.8144044280052185
20220608_163415,0.22318389411944697,0.9405696392059326,5.816109478473663e-05,0.006324333967899156,0.055442173,0.9054824113845825,0.939751923084259
20220608_163416,0.21269691101595814,0.7968604564666748,2.945934102172032e-05,-0.022950742733231878,0.017466834,0.6287193894386292,0.7826229333877563
20220608_163416,0.21325466207269894,1.0234315395355225,0.00012517525465227664,0.014794280122424666,0.04997102,0.7013413310050964,0.756644070148468
20220608_163417,0.2220153156490498,0.944775402545929,0.0002132733352482319,-0.060760064530747004,0.05228366,0.7646173238754272,0.7868172526359558
20220608_163417,0.22226672523790106,0.9109225273132324,0.00023393235460389405,-0.03537831358835064,0.08053999,0.6039977669715881,0.8777135610580444
20220608_163418,0.23014267917318434,1.0032771825790405,0.0001250467321369797,-0.041217842802915475,0.07886162,0.6407434344291687,0.8708887100219727
20220608_163418,0.2105437235080983,0.8095581531524658,5.03343871969264e-05,-0.017154667123347712,0.03245259,0.6370211243629456,0.785936176776886
20220608_163419,0.2165838994728658,0.833641529083252,0.00020141787535976619,0.0019472758652384187,0.020243915,0.7445075511932373,0.6609950661659241
20220608_163419,0.21755057635625047,0.8206279873847961,0.00022107825498096645,-0.04428043911415767,0.034868747,0.6402779817581177,0.8008633255958557
20220608_163419,0.21535495769641877,0.9797206521034241,0.00018991276738233864,-0.015698774495981647,0.027447019,0.7271583676338196,0.8461838364601135
20220608_163420,0.20818005019411037,1.1937469244003296,0.00027511524967849255,0.017124754966317667,-0.003952762,0.7358953952789307,0.6707598567008972
20220608_163420,0.22064281460892207,0.8014726042747498,0.0001662148133618757,-0.012153674862040647,0.050087195,0.7764912247657776,0.7649312019348145
20220608_163421,0.22796394361281663,0.8759835362434387,1.6161249732249416e-05,-0.04965608591357846,0.055192348,0.5484095811843872,0.8613942265510559
20220608_163421,0.22096889622515897,0.8502410054206848,0.0002514591033104807,-0.03890381908183309,0.03552906,0.6991761326789856,0.847381055355072
20220608_163422,0.2204502992947017,0.9677650928497314,0.0001917289919219911,0.003643119612994138,0.05560169,0.7881039381027222,0.7416713237762451
20220608_163422,0.21295436177310903,0.8722757697105408,0.00011795379396062344,0.005044733465112435,0.03800264,0.8021200895309448,0.8555513620376587
20220608_163423,0.21401263884066477,0.8699558973312378,8.70349831529893e-05,-0.0429571052692568,0.04144664,0.7260498404502869,0.8213098049163818
20220608_163423,0.22013755440847424,0.9324871301651001,0.00012373302888590842,-0.04046751904936191,0.038749594,0.7777060866355896,0.8869187235832214
20220608_163424,0.21814997784174125,0.9421843886375427,0.0001499645150033757,-0.021672881287013838,0.03673982,0.8055145740509033,0.937222957611084
20220608_163424,0.22274312106601388,0.9197770357131958,0.00022811046801507473,0.022480466332026088,0.0668331,0.7206128835678101,0.9159555435180664
20220608_163424,0.2142212981661933,0.8744849562644958,0.0002648164809215814,-0.005786632798235035,0.03763057,0.6293711066246033,0.8711684346199036
20220608_163425,0.21541281445894037,0.9056954979896545,0.0001182231426355429,-0.012489695195368935,0.031524185,0.6550965309143066,0.8223026394844055
20220608_163426,0.220025888541189,0.8473315834999084,0.0002010058524319902,-0.07726319941708183,0.01201656,0.6679927110671997,0.8089274764060974
20220608_163426,0.2186431560261463,0.9660717248916626,0.00015751704631838948,-0.05121058243540682,0.028100519,0.7844317555427551,0.9656406044960022
20220608_163427,0.21511658308924975,0.9351965188980103,0.00010034375009126961,-0.030733224136832955,0.048519824,0.7753125429153442,0.855704665184021
20220608_163428,0.24095614112523608,1.0460797548294067,0.0001853226131061092,-0.08424803740747758,0.06851935,0.7397973537445068,0.8554469347000122
20220608_163428,0.2520175420496669,0.9092715382575989,2.040055005636532e-05,-0.11764260303774057,0.06107871,0.5221328139305115,0.7249547839164734
20220608_163429,0.22645572629691324,0.9649667143821716,0.0004521072842180729,-0.05994429244534989,0.056690563,0.7585074305534363,0.8523643612861633
20220608_163430,0.22794924176053463,0.8811648488044739,0.00016122714441735297,-0.047350332548702904,0.052821428,0.6259971857070923,0.8639854788780212
20220608_163430,0.24652749049098915,0.9181905388832092,6.39683858025819e-05,-0.12753238932502803,0.018649867,0.5315603017807007,0.7795943021774292
20220608_163431,0.23458890374561675,0.8857520222663879,0.0002486225275788456,-0.09396815266149562,0.036532298,0.6492915749549866,0.7839764356613159
20220608_163431,0.23126798909178264,1.0298020839691162,0.00026477259234525263,-0.09388878060707889,0.024726748,0.5105445981025696,0.78945392370224
20220608_163432,0.2202931472915679,0.8807578086853027,3.228424975532107e-05,-0.02430409872132887,0.061478686,0.6229432225227356,0.8710308074951172
20220608_163433,0.23981901430677544,1.0109283924102783,0.00025182467652484775,-0.08119520940645977,0.041142058,0.5789856910705566,0.7887332439422607
20220608_163433,0.23386468548654454,0.8861060738563538,0.0002751793363131583,-0.07497880030280328,0.054424416,0.7623928785324097,0.7476733326911926
20220608_163434,0.2527987203043727,0.9315575361251831,0.00024868518812581897,-0.06413954376244246,0.11965664,0.6061111688613892,0.9276275634765625
20220608_163434,0.2490525156536597,0.9197679758071899,0.0002526572498027235,-0.0614409010497927,0.1205082,0.7187681794166565,0.7810772657394409
20220608_163435,0.247298308804796,0.9772550463676453,0.0006212073494680226,-0.10550242148480546,0.09905848,0.5547662377357483,0.9691922068595886
20220608_163436,0.21813028159522463,0.9509391188621521,8.933578646974638e-05,-0.03792437339951299,0.058579,0.6344269514083862,0.8162020444869995
20220608_163436,0.2374984523748687,0.9663501381874084,0.00021339704107958823,-0.025869648715642807,0.120895065,0.7760097980499268,0.8743022084236145
20220608_163436,0.23513382724525939,0.8923145532608032,0.0002701111661735922,-0.02738022547806119,0.10463959,0.7179970741271973,0.8631645441055298
20220608_163437,0.22943273229143576,0.9692659974098206,0.0003934918495360762,-0.047422000416377244,0.09441319,0.6974998116493225,0.9659726619720459
20220608_163437,0.22287643279996153,0.9292853474617004,0.00022478158643934876,-0.06556976210839567,0.05535531,0.5291078090667725,0.9200676083564758
20220608_163438,0.24090665104044073,0.9406582713127136,3.046926940442063e-05,-0.0908902286116336,0.07460496,0.6320526003837585,0.9012691974639893
20220608_163438,0.24054236552281152,0.8797482848167419,0.0002578737330622971,-0.10134532194713453,0.04919852,0.5362433791160583,0.7995290756225586
20220608_163439,0.21842307007089304,0.9803336262702942,0.0003266254789195955,-0.05402100215802193,0.030603934,0.5421901941299438,0.7195873260498047
20220608_163439,0.2260319596831505,0.8330549001693726,0.00044809881364926696,-0.08078742494383544,0.02666187,0.5665978789329529,0.7895309329032898
20220608_163439,0.236978248733822,0.9674596786499023,3.2455904147354886e-05,-0.10097697004368758,0.061378166,0.7017446756362915,0.9097132682800293
20220608_163440,0.22850665800527617,0.8114461898803711,0.0002838834479916841,-0.0012786129188976168,0.088650964,0.6804599761962891,0.759017825126648
20220608_163440,0.23293207155242487,1.089766263961792,0.00013583179679699242,-0.08898092126103889,0.0549575,0.608393132686615,1.0679094791412354
20220608_163441,0.23734091072321073,1.021727442741394,0.00030793272890150547,-0.10224392887530093,0.043705434,0.5729789137840271,0.8711822628974915
20220608_163441,0.2566231831097418,0.9338794946670532,0.0004408217500895262,-0.123712265210273,0.06649572,0.4991060197353363,0.7928347587585449
20220608_163441,0.24827956209962954,0.8967260718345642,0.0001105084884329699,-0.09729815845128471,0.08745253,0.6953833103179932,0.8650379776954651
20220608_163442,0.2600839588696744,0.9185189008712769,0.00022092969447840005,-0.1085853783781665,0.112079814,0.5062745213508606,0.821376621723175
20220608_163442,0.2403521476449812,0.8188520073890686,3.502358958940022e-05,-0.05908704117496858,0.07353843,0.5510829091072083,0.7206818461418152
20220608_163443,0.26510431442971066,1.0541027784347534,0.00020292717090342194,-0.10730901927269532,0.13359259,0.579832911491394,0.8553004860877991
20220608_163443,0.26127143503785843,0.9492180943489075,0.0001428909454261884,-0.11531774918492063,0.11127548,0.6041179895401001,0.8267265558242798
20220608_163443,0.2807771819896286,0.9734680652618408,0.0002589205396361649,-0.19079037590253164,0.031190414,0.5876862406730652,0.8659018278121948
20220608_163444,0.2398589721425248,1.000247597694397,9.391074127051979e-05,-0.08988066084725893,0.07268668,0.6096336841583252,0.9990131855010986
20220608_163444,0.25682486129022813,0.9251315593719482,9.800495172385126e-05,-0.11236284108810068,0.07863422,0.635198712348938,0.8187949657440186
20220608_163445,0.22720278277975284,0.8194060325622559,3.335835936013609e-05,-0.06418546997970147,0.043152943,0.5920248627662659,0.7273303866386414
20220608_163445,0.2420426202162435,0.9724079370498657,0.00014663665206171572,-0.11441400365305342,0.02767218,0.6344602704048157,0.9721084833145142
20220608_163446,0.2503335050330469,0.9444814920425415,0.0001320221199421212,-0.11529107229319573,0.05169819,0.6654970645904541,0.7170641422271729
20220608_163446,0.2396873396127851,1.1596839427947998,0.00022105409880168736,-0.09586159238676267,0.047335245,0.5984457731246948,0.7490700483322144
20220608_163447,0.23767079879387523,0.9021567702293396,0.00022599537624046206,-0.05358314960453984,0.07067434,0.5848721861839294,0.7440049052238464
20220608_163447,0.2349256570974177,1.0645864009857178,0.00018688123964238912,-0.052591557798104004,0.05466802,0.5812022089958191,0.9007120132446289
20220608_163447,0.25084543033429546,0.9667232632637024,2.9897852073190734e-05,-0.08547476251329675,0.095658556,0.6159574389457703,0.8167867064476013
20220608_163448,0.2580092249952444,1.0008926391601562,0.0004651233903132379,-0.10005227756029739,0.09691006,0.6400824189186096,0.7899621725082397
20220608_163449,0.25366098676994175,0.930966317653656,0.00014783423102926463,-0.06382148885269268,0.11838753,0.5837988257408142,0.8457504510879517
20220608_163450,0.254681316731019,0.8684071898460388,0.00019222030823584646,-0.05956581670964626,0.12012435,0.6299323439598083,0.867737889289856
20220608_163450,0.22750962525005677,0.9053359627723694,0.00010253139771521091,-0.044024982898359905,0.07614307,0.582957923412323,0.8166848421096802
20220608_163451,0.23534015730039262,1.0455207824707031,0.0004223862779326737,-0.03520624690810159,0.10185523,0.6120577454566956,0.8898209929466248
20220608_163451,0.23597931891317414,0.8810019493103027,0.00011352648289175704,-0.06378392877951437,0.06956697,0.7048895359039307,0.8611975312232971
20220608_163452,0.24444637084184173,0.9227526187896729,0.00025453593116253614,-0.012200982359126441,0.064817846,0.6719121336936951,0.8638885617256165
20220608_163452,0.23345163162888313,0.8363260626792908,0.00038326799403876066,-0.05955388658782048,0.07881524,0.8086175322532654,0.7386199831962585
20220608_163453,0.26443976341517705,0.9475559592247009,0.0002970365749206394,-0.09897400287806192,0.12552114,0.4968792200088501,0.9385802745819092
20220608_163453,0.25658948021830624,0.9945711493492126,0.0004076260083820671,-0.08092351661652825,0.12958018,0.587152361869812,0.8463340401649475
20220608_163454,0.2460555703880522,1.0752016305923462,0.00019631902978289872,0.0038196653984534637,0.14145774,0.7343930006027222,1.072684645652771
20220608_163454,0.24297750577116664,1.2131119966506958,0.000266996503341943,0.011272603109631968,0.113731556,0.6747043132781982,1.2127985954284668
20220608_163455,0.24203603049348318,0.931841254234314,0.00019246606098022312,0.007786264577719754,0.0989191,0.7499963641166687,0.9230722188949585
20220608_163455,0.2586966852682097,0.975312352180481,0.000140276228194125,-0.05532207580675629,0.07541247,0.5897284746170044,0.9580739140510559
20220608_163456,0.28064322377495804,1.3961961269378662,0.0005957800312899053,-0.030442775424551715,0.05764885,1.0385546684265137,1.0192903280258179
20220608_163456,0.28528332670939704,1.2090023756027222,0.0002452958142384887,-0.001546485166872234,0.05886878,0.7195337414741516,1.1133182048797607
20220608_163457,0.2964324631789565,1.1244843006134033,0.00033753682509995997,-0.0006301471896269061,0.021564173,0.7475295066833496,1.109525203704834
20220608_163457,0.30665902362943415,1.4215441942214966,0.00015629769768565893,0.026896937591007364,0.01592688,0.7065579295158386,1.185205101966858
20220608_163457,0.3148352288219781,1.2220394611358643,0.00037869581137783825,0.0675154838300694,0.013994576,0.7411262392997742,1.2042640447616577
20220608_163458,0.350109905518116,1.5439989566802979,3.9316597394645214e-05,0.06949669936391889,-0.017218364,1.0801396369934082,1.2546823024749756
20220608_163458,0.3639121967974657,1.5724506378173828,0.00014069471217226237,0.11471434258468889,-0.05188767,0.801688551902771,1.1083520650863647
20220608_163459,0.3635894276332519,1.5413228273391724,0.0005242514307610691,0.07765614530999837,-0.06424285,0.7614839673042297,1.1248414516448975
20220608_163459,0.37878763318882236,1.616466999053955,0.0002130845678038895,0.08458068387174346,-0.061962184,0.7435719966888428,1.281610131263733
20220608_163500,0.41261065732158214,1.5106077194213867,0.00027101614978164434,0.15475259554303034,-0.051831607,1.0106271505355835,1.2525774240493774
20220608_163500,0.4265273218831266,1.5676904916763306,0.0003484341432340443,0.15064506729772606,-0.04248029,1.1840906143188477,1.4265254735946655
20220608_163500,0.4274797517092059,1.4696820974349976,0.00015896695549599826,0.12526527231794393,-0.06768019,0.7822623252868652,1.4368102550506592
20220608_163501,0.4205718692173971,1.7445365190505981,0.0004491570289246738,0.1210385891774885,-0.09366695,0.9150403141975403,1.4722845554351807
20220608_163501,0.44680320417344693,1.6152862310409546,0.0004904616507701576,0.1291000594940373,-0.106677875,0.8530715703964233,1.3284633159637451
20220608_163502,0.4572791893009086,1.7206237316131592,0.00047273465315811336,0.12222844502246755,-0.10617255,0.9553626775741577,1.5048182010650635
20220608_163502,0.5147053313388259,1.7194372415542603,0.0008346403483301401,0.21726174549266242,-0.113509506,0.9732742309570312,1.6873233318328857
20220608_163503,0.522682737942027,1.8868095874786377,0.0004896352766081691,0.22853188393105703,-0.13518171,1.0381593704223633,1.4937107563018799
20220608_163503,0.5441759444670715,1.8108354806900024,0.00020646763732656837,0.22741640077547792,-0.13553433,0.9651075005531311,1.5603091716766357
20220608_163504,0.5613891515529263,1.7323802709579468,0.00035339704481884837,0.2359628038177256,-0.14965196,1.0464022159576416,1.6873186826705933
20220608_163504,0.5476527697583632,2.0025582313537598,6.662237137788907e-05,0.2130364695492919,-0.13742068,1.0351548194885254,1.6265485286712646
20220608_163505,0.5738002971435411,1.751564860343933,0.0004245561722200364,0.2287318193734016,-0.13692714,1.1216844320297241,1.691209077835083
20220608_163505,0.5557479979308496,1.8981846570968628,0.00038284159381873906,0.1860159519894626,-0.1436949,1.0795862674713135,1.6952239274978638
20220608_163505,0.5904316067148111,1.9292055368423462,0.0006926589412614703,0.25078241810526697,-0.1381036,1.017310619354248,1.6718024015426636
20220608_163506,0.5981677457949465,1.8985950946807861,0.0005421472014859319,0.21738430446259838,-0.19853015,1.0156461000442505,1.6958231925964355
20220608_163506,0.6254910279041008,1.9403660297393799,0.00047252391232177615,0.26366145023369525,-0.18578571,1.01828134059906,1.7163649797439575
20220608_163507,0.6441558758856168,1.9822152853012085,6.752766785211861e-05,0.26593862592102263,-0.18587224,1.1526166200637817,1.7184839248657227
20220608_163507,0.6700035212522278,2.1426138877868652,0.0008258057641796768,0.3263399817911516,-0.116483085,1.2074321508407593,2.05855131149292
20220608_163508,0.6386882779808619,1.988033413887024,0.0001070791477104649,0.19317282502525077,-0.19054939,0.9806829690933228,1.8291267156600952
20220608_163508,0.6933305203387122,2.1168534755706787,0.0003385571180842817,0.28561131000383255,-0.18559107,1.117587685585022,1.8761646747589111
20220608_163509,0.6828532787960039,2.2531697750091553,0.00034736801171675324,0.2563370050861582,-0.18924876,1.1564749479293823,1.9137399196624756
20220608_163509,0.7189131813659609,2.238537549972534,0.00021750835003331304,0.306834404883981,-0.20405795,1.2656052112579346,2.069589138031006
20220608_163510,0.7248993920215429,2.311227560043335,0.0007712483056820929,0.2849748049676274,-0.26093367,1.1419508457183838,1.7699487209320068
20220608_163510,0.7529398921635119,2.3526196479797363,0.00020073256746400148,0.25559896834415885,-0.27575365,1.3386954069137573,1.9257649183273315
20220608_163511,0.7453454365682647,2.2544772624969482,0.0004331484960857779,0.2566124259923538,-0.26893517,1.184025764465332,1.9432682991027832
20220608_163511,0.7443822045116338,2.670381784439087,0.0007673270883969963,0.2704770575230032,-0.27864775,1.2174084186553955,1.870474934577942
20220608_163511,0.7461277850401277,2.258613348007202,0.000338195008225739,0.2642976756003433,-0.23501632,1.139147400856018,1.848237156867981
20220608_163512,0.7870437681759493,2.2593441009521484,0.0006857775151729584,0.298745612646063,-0.24284989,1.2981946468353271,2.0315065383911133
20220608_163512,0.8074552416097954,2.5853922367095947,0.0005258499877527356,0.3375855874659871,-0.27584088,1.3320786952972412,1.9767979383468628
20220608_163513,0.83888019115898,2.3898768424987793,0.0005229581147432327,0.3820453099452972,-0.27187186,1.3046687841415405,2.051022529602051
20220608_163513,0.8314285591872005,2.513160228729248,0.0007875905721448362,0.2842528793656708,-0.34761065,1.3558127880096436,1.8709301948547363
20220608_163514,0.836966180148682,2.552309036254883,0.0008259256719611585,0.2924287146211446,-0.3127359,1.3915977478027344,1.9929777383804321
20220608_163514,0.8463353662888868,2.2678465843200684,0.0005111653590574861,0.3301139633163818,-0.29727316,1.2183951139450073,2.0398917198181152
20220608_163514,0.8566148124685291,2.8549506664276123,0.0009793142089620233,0.31288658314297985,-0.26484212,1.305812954902649,2.239147901535034
20220608_163515,0.8381363377985298,2.386596202850342,0.0007823161431588233,0.3073931980975298,-0.2696021,1.4785081148147583,2.25433087348938
20220608_163515,0.8654009448926434,2.4347290992736816,0.0006779772811569273,0.35200352484261743,-0.28700492,1.382892370223999,2.0652620792388916
20220608_163516,0.877155214973204,2.5308339595794678,0.0007511987932957709,0.39995589533981907,-0.23769781,1.327605962753296,2.057378053665161
20220608_163516,0.9503488853310408,2.562826633453369,0.0010606737341731787,0.41729261903507875,-0.32490653,1.597798466682434,2.099313497543335
20220608_163517,0.941834523990661,2.5399670600891113,0.0004560351080726832,0.40255349980474375,-0.33475992,1.4195994138717651,2.1412224769592285
20220608_163517,0.9409997421350081,2.6169028282165527,0.000523924536537379,0.40242351971508705,-0.3200798,1.567959189414978,2.311549425125122
20220608_163518,0.9014022892332563,2.809170722961426,0.0005236161523498595,0.3357772598852081,-0.31588614,1.3982985019683838,2.1378402709960938
20220608_163518,0.9291289364016716,2.7277638912200928,0.0006296822684817016,0.3209185253512257,-0.34740302,1.3494718074798584,2.2559103965759277
20220608_163518,0.9260472932863361,2.5427029132843018,0.00025365460896864533,0.30654262818150335,-0.32688728,1.4045114517211914,2.265925884246826
20220608_163519,0.9649607042888603,2.769723653793335,0.0004774446424562484,0.3618109823178796,-0.32949954,1.3972991704940796,2.3969759941101074
20220608_163519,0.9930895513504027,2.6835336685180664,0.00035498756915330887,0.3567282005263967,-0.36492386,1.5074604749679565,2.3679730892181396
20220608_163520,0.9926387553582693,2.7102527618408203,0.00027889374177902937,0.3064273648847724,-0.3784732,1.3271069526672363,2.5335006713867188
20220608_163520,1.0044288094164822,2.8580896854400635,0.0007339989533647895,0.3177976313862346,-0.38970643,1.4405083656311035,2.5383286476135254
20220608_163521,1.021481457483433,2.8073954582214355,0.0012481467565521598,0.34752120760830324,-0.3983112,1.4248793125152588,2.554324150085449
20220608_163521,1.0527260986364568,2.7808420658111572,0.0007859935285523534,0.36858396143133276,-0.42273298,1.4237695932388306,2.5731513500213623
20220608_163522,1.0690947691501655,3.003779649734497,0.0006449306383728981,0.4173369394590697,-0.43616164,1.4736186265945435,2.3922412395477295
20220608_163522,1.0776545217800615,2.949714422225952,0.0005487746675498784,0.43550952348969685,-0.43083045,1.5416760444641113,2.458693742752075
20220608_163523,1.1030678583804614,3.001654624938965,0.00021413512877188623,0.4008207772247123,-0.43805745,1.614465594291687,2.5341081619262695
20220608_163523,1.088689833932754,3.0332138538360596,0.00024669626145623624,0.36812670069567477,-0.41092515,1.6297082901000977,2.727477788925171
20220608_163523,1.1250969719832562,3.1356844902038574,0.0003805196611210704,0.3836358181553758,-0.4573326,1.5853588581085205,2.7018795013427734
20220608_163524,1.1182883778265682,2.962876796722412,0.0005176413687877357,0.39191092798511146,-0.45909742,1.5257415771484375,2.551396131515503
20220608_163524,1.121188220099018,3.0130958557128906,0.00047574035124853253,0.4155766580987511,-0.42625248,1.6697839498519897,2.5927789211273193
20220608_163525,1.125070120823411,3.323826551437378,0.0013041014317423105,0.4171893455000067,-0.4389816,1.672200322151184,2.5469627380371094
20220608_163525,1.1272296877318224,3.069809913635254,0.0008258909801952541,0.4433321511761103,-0.41580626,1.5871131420135498,2.4866485595703125
20220608_163526,1.1422873556059752,2.977396011352539,0.0004301665467210114,0.4502878536976134,-0.41710174,1.687806487083435,2.5321786403656006
20220608_163526,1.1407343015963651,2.9715774059295654,0.000790814810898155,0.43849706772505664,-0.40941215,1.5375784635543823,2.665337562561035
20220608_163527,1.1806381910326875,3.237394332885742,0.0005491446354426444,0.48544235365946814,-0.41146415,1.6348607540130615,2.527780532836914
20220608_163527,1.1795076288951611,3.1361606121063232,0.0003199097409378737,0.42893522959503966,-0.45471856,1.713875412940979,2.75026798248291
20220608_163528,1.1926036774351416,3.133315324783325,0.00040701008401811123,0.43200977144913927,-0.48673943,1.6254429817199707,2.729062795639038
20220608_163528,1.2060222875010251,3.108748435974121,0.0006403300212696195,0.4319058253088842,-0.4605796,1.664911150932312,2.6746222972869873
20220608_163528,1.1894349888579578,3.0696113109588623,0.0007933155866339803,0.4263652494746275,-0.45781785,1.5085912942886353,2.776010751724243
20220608_163529,1.2041940758775083,3.0227601528167725,0.0005337699549272656,0.4448192590350558,-0.46256244,1.6525870561599731,2.8698370456695557
20220608_163529,1.2232642139700753,3.327967405319214,0.0002918152022175491,0.4073070987569483,-0.47300643,1.53856360912323,2.711768627166748
20220608_163530,1.2394043307610936,3.280381679534912,0.0009324671700596809,0.43897507990356543,-0.5042384,1.6886330842971802,2.793412685394287
20220608_163530,1.2640757240295526,3.290606737136841,0.0013662396231666207,0.4540564742678043,-0.5072436,1.7518768310546875,2.836911201477051
20220608_163531,1.2884211837844959,3.35627818107605,0.0001216105738421902,0.4566852988369286,-0.50414044,1.66014564037323,3.0128281116485596
20220608_163531,1.2587978181292308,3.1383724212646484,0.0007696738466620445,0.45697078053160795,-0.46380183,1.7977588176727295,3.0139293670654297
20220608_163531,1.296443746752991,3.297351121902466,0.0021764826960861683,0.5033876480432566,-0.5023423,1.8796141147613525,2.8538365364074707
20220608_163532,1.2774749492466984,3.3049495220184326,0.00027601656620390713,0.4456981237807452,-0.50929075,1.671683669090271,3.086824655532837
20220608_163532,1.29556543820117,3.3687291145324707,0.0012010608334094286,0.46777841426950223,-0.51064944,1.8295044898986816,3.274012327194214
20220608_163533,1.3029960381158414,3.4115099906921387,0.0008709101239219308,0.4618005399280852,-0.5134095,1.670716404914856,2.819190263748169
20220608_163533,1.3271969312688139,3.3587546348571777,0.0006260031368583441,0.4814663578446464,-0.54098135,1.7801282405853271,2.837472915649414
20220608_163534,1.3375384169360218,3.442704439163208,0.001286200829781592,0.4710260746939135,-0.53657967,1.700584053993225,3.1211447715759277
20220608_163534,1.3229860410198195,3.4370241165161133,0.00036897952668368816,0.4578998913697338,-0.5498471,1.6226354837417603,2.9525160789489746
20220608_163535,1.3476412076150701,3.394690752029419,0.0010638850508257747,0.4765487053040684,-0.5233221,1.8804798126220703,2.7900683879852295
20220608_163535,1.3728238254437901,3.3119423389434814,0.0005296687595546246,0.44334161781021286,-0.5823598,1.7676492929458618,2.858499050140381
20220608_163535,1.366226414036142,3.479301691055298,0.00029852677835151553,0.5011754090034883,-0.5594829,1.6684329509735107,2.924790620803833
20220608_163536,1.3774454265860638,3.3966026306152344,0.00019450229592621326,0.5165183133665223,-0.542067,1.852557897567749,3.085192918777466
20220608_163536,1.3864756237454874,3.476043224334717,0.00035986275179311633,0.5133940601075471,-0.5404407,1.787122368812561,3.123107433319092
20220608_163537,1.4077223132420076,3.576594352722168,0.0006710932939313352,0.5002608031742822,-0.5622862,1.8983293771743774,3.1483139991760254
20220608_163537,1.4078625905237372,3.6570992469787598,0.0010687350295484066,0.5114056617159101,-0.56227195,1.829291820526123,3.0031919479370117
20220608_163538,1.41649108525457,3.5683863162994385,0.00025963151711039245,0.5240105111610969,-0.5760154,1.9408739805221558,2.9637811183929443
20220608_163538,1.4026408013023686,3.4553375244140625,0.0010259803384542465,0.49788066679342585,-0.56981,1.7746697664260864,3.120309829711914
20220608_163539,1.439008262090144,3.4968721866607666,0.0006925493362359703,0.5012634522422931,-0.59016865,1.7242798805236816,3.2570595741271973
20220608_163539,1.4301569928135205,3.526628017425537,0.00083607790293172,0.4797365661015196,-0.5817806,1.7565891742706299,3.113168716430664
20220608_163539,1.4627320832096256,3.558408260345459,0.0010284669697284698,0.49966007888482733,-0.5830719,1.8785173892974854,3.199664354324341
20220608_163540,1.458336603767619,3.5480778217315674,0.0010610540630295873,0.4917699359106926,-0.6172794,1.9211817979812622,3.1233325004577637
20220608_163540,1.4645356651614923,3.568708896636963,0.0011641562450677156,0.5386844599453259,-0.60443735,1.882880449295044,3.2969329357147217
20220608_163541,1.4936519066732283,3.593604564666748,0.00102858932223171,0.607129600759823,-0.5822634,2.0151357650756836,3.063014268875122
20220608_163541,1.5053332313287022,3.5338926315307617,0.0020720979664474726,0.584555245880069,-0.61667204,1.9090676307678223,3.1922881603240967
20220608_163542,1.4871580797564758,3.678861141204834,0.0009885381441563368,0.557173143796774,-0.58176327,1.8810752630233765,3.3137497901916504
20220608_163542,1.5120418481099633,3.5895681381225586,0.003336511552333832,0.5427418969378992,-0.6242536,1.895148515701294,3.330214738845825
20220608_163543,1.5562449087242174,3.6730685234069824,0.0017839140491560102,0.586280849754948,-0.63028055,1.8837672472000122,3.2037594318389893
20220608_163543,1.5436179105161745,3.560196876525879,0.0015571854310110211,0.5979001418712419,-0.62782085,2.061811685562134,3.3223390579223633
20220608_163543,1.5640477150767784,3.6866395473480225,0.001037313719280064,0.5678099846318945,-0.65959185,1.9910246133804321,3.426211357116699
20220608_163544,1.5817422263241439,4.1126885414123535,0.0004691149515565485,0.556866925283824,-0.66652334,1.9956436157226562,3.23327898979187
20220608_163544,1.5725684275114495,3.5879569053649902,0.0007853104616515338,0.5133006358779771,-0.66178477,1.9013338088989258,3.3235726356506348
20220608_163545,1.5817873144866705,3.7211720943450928,0.0009798093233257532,0.5839484409910558,-0.66974396,1.9094280004501343,3.387079954147339
20220608_163545,1.5770402149910903,3.4712724685668945,0.00169532117433846,0.5694849994882416,-0.6473961,2.1193058490753174,3.289015054702759
20220608_163546,1.5932188317327025,3.6160407066345215,0.0015269122086465359,0.5918231451674366,-0.63591456,2.0207231044769287,3.564595937728882
20220608_163546,1.6254358767386143,3.839418649673462,0.002998002339154482,0.5948052884802382,-0.6879875,2.1486868858337402,3.3582634925842285
20220608_163547,1.637085152367195,3.767911911010742,0.0007479102350771427,0.5876316351740724,-0.7024023,2.03023362159729,3.3523008823394775
20220608_163547,1.6365700478162744,3.728750228881836,0.0031858570873737335,0.5739834873441866,-0.6799077,2.0183277130126953,3.3223602771759033
20220608_163547,1.6136684381201638,3.8443682193756104,0.001974881161004305,0.5660631178122042,-0.67264414,1.9617384672164917,3.3199448585510254
20220608_163548,1.6341724898294903,4.0310235023498535,0.0010100045474246144,0.5960178351289094,-0.69248,1.995377540588379,3.2394309043884277
20220608_163548,1.6282507718075085,3.994180679321289,0.0013207531301304698,0.5877750181028909,-0.68771136,2.0857744216918945,3.57909893989563
20220608_163549,1.6469371012264218,3.8783106803894043,0.0022131605073809624,0.5774869737324106,-0.7014951,2.0499823093414307,3.443638563156128
20220608_163549,1.6385924505214138,3.828045606613159,0.0002054316137218848,0.5777719701622835,-0.6991172,2.1273036003112793,3.3374500274658203
20220608_163550,1.681948570989197,4.067249774932861,0.002109752269461751,0.598954049583734,-0.71705294,2.05071759223938,3.4777157306671143
20220608_163550,1.6660664511169447,3.9111952781677246,0.002738736569881439,0.5760427660836255,-0.71084225,2.063481092453003,3.606198310852051
20220608_163551,1.69335184034048,4.061917304992676,0.0018445821478962898,0.5789143104588135,-0.7322823,2.052414894104004,3.5246424674987793
20220608_163551,1.689231642511697,4.050721168518066,0.001379027497023344,0.6121078505606716,-0.7141215,2.12558650970459,3.4603123664855957
20220608_163552,1.679766070775364,4.063811302185059,0.0007118924404494464,0.5870399640819705,-0.71010894,2.037806272506714,3.4456098079681396
20220608_163552,1.7313407938381566,3.9234392642974854,0.005129360128194094,0.6408957953537525,-0.72781754,2.2074086666107178,3.57369065284729
20220608_163552,1.7044776144618947,3.918170690536499,0.000718595867510885,0.6255126162414893,-0.71913797,2.148207664489746,3.4777395725250244
20220608_163553,1.708222390971484,3.9029674530029297,0.00013870809925720096,0.5968640792095027,-0.71073085,2.0409882068634033,3.473003387451172
20220608_163553,1.7134235819077066,3.9965434074401855,0.001411794451996684,0.6244662766145244,-0.71094257,2.1765053272247314,3.5792765617370605
20220608_163554,1.7246708623917324,4.070538520812988,0.0053902314975857735,0.6502077413381857,-0.72245497,2.045031785964966,3.597524881362915
20220608_163554,1.7471457523270109,4.144324779510498,0.003108838340267539,0.6534440069906536,-0.727065,2.1644022464752197,3.6333236694335938
20220608_163555,1.7510461016285004,4.031170845031738,0.000931631657294929,0.6630521020814234,-0.7304493,2.098548173904419,3.525930404663086
20220608_163555,1.7442913739052184,3.835036277770996,0.0005729710683226585,0.6707926873915075,-0.7001525,2.22335147857666,3.470384120941162
20220608_163555,1.7849446948257135,3.915217399597168,0.0011007364373654127,0.619086568853618,-0.73449826,2.100916624069214,3.7473843097686768
20220608_163556,1.7913623049164795,4.243137359619141,0.001741265063174069,0.6588859848409319,-0.75736517,2.1476407051086426,3.864959955215454
20220608_163556,1.729634945404973,4.128659725189209,0.0017382506048306823,0.6276758616623953,-0.7105537,2.1783924102783203,3.374594211578369
20220608_163557,1.7641825779390443,4.32352876663208,0.0009531720425002277,0.6716727834837926,-0.726062,2.198223114013672,3.74167537689209
20220608_163557,1.7897897754365522,3.8922932147979736,0.00849867146462202,0.6162353542411587,-0.7674543,2.1369469165802,3.561556100845337
20220608_163558,1.798606868290159,4.08017110824585,0.0012468412751331925,0.5866573280263291,-0.7800021,2.0303397178649902,3.701505661010742
20220608_163558,1.797176170870733,4.258134365081787,0.00044946366688236594,0.6339103875816593,-0.78395313,2.249720335006714,3.501391887664795
20220608_163559,1.7899734178084163,4.038631439208984,0.001982796238735318,0.6145077907382498,-0.75576246,2.158639907836914,3.754770517349243
20220608_163559,1.7653210039662202,3.981430768966675,0.0013141295639798045,0.6093980419940414,-0.7466467,2.196310520172119,3.683074951171875
20220608_163600,1.827654275960263,4.005665302276611,0.001715844962745905,0.644816378497791,-0.7872201,2.2146964073181152,3.4856443405151367
20220608_163600,1.8128544549685235,4.173144817352295,0.018368223682045937,0.5948237634522912,-0.7845169,2.1015779972076416,3.729684352874756
20220608_163601,1.8199834441196336,4.438594341278076,0.0024328851141035557,0.6414728663950949,-0.7793634,2.149243116378784,3.650580883026123
20220608_163601,1.8099760949718737,4.3969526290893555,0.0018497887067496777,0.5952155440912907,-0.79174435,2.1728737354278564,3.734056234359741
20220608_163602,1.8061108475937913,4.204224109649658,0.0006309394375421107,0.6263802339164883,-0.7533256,2.1484673023223877,3.7981271743774414
20220608_163602,1.8353095490173266,4.114597797393799,0.001113294274546206,0.6663605494647294,-0.7685063,2.295405387878418,3.6286237239837646
20220608_163603,1.8936741537957742,4.0757904052734375,0.03478914126753807,0.6699933849113205,-0.78942114,2.2363359928131104,3.9606027603149414
20220608_163603,1.829625014270848,4.4594807624816895,0.0017303049098700285,0.6048819961849788,-0.7660997,2.138108015060425,3.8758418560028076
20220608_163604,1.8203609148901867,4.114715099334717,0.004301959648728371,0.5824754779478234,-0.76266134,2.2302470207214355,3.77473783493042
20220608_163604,1.8812343388076782,4.351365566253662,0.003324811579659581,0.6188772789971261,-0.82399344,2.345829963684082,3.733813762664795
20220608_163605,1.9226028781784668,4.369390964508057,0.04589587450027466,0.7389268469804906,-0.82613754,2.247314453125,3.709894895553589
20220608_163605,1.9105543641829539,4.309610843658447,0.0024294517934322357,0.687595954563059,-0.8119431,2.3243319988250732,3.8526415824890137
20220608_163606,1.8757495893601999,4.126589298248291,0.004010078031569719,0.6630014893580286,-0.78937507,2.2011895179748535,4.0494256019592285
20220608_163606,1.8814775999271813,4.18434476852417,0.00429740222170949,0.6325590864272874,-0.8126254,2.245465040206909,4.051254749298096
20220608_163607,1.8918222438031855,4.245105743408203,0.006154047325253487,0.6391299545460194,-0.7992003,2.2386558055877686,3.720736026763916
20220608_163607,1.9348920941675714,4.276386260986328,0.001919020083732903,0.6860426683280579,-0.83274704,2.2889320850372314,3.8338005542755127
20220608_163608,1.9374672190296145,4.25603723526001,0.03058711439371109,0.6617406182658426,-0.8445542,2.175358295440674,3.9114387035369873
20220608_163608,1.9700758376126062,4.274746417999268,0.006601723376661539,0.6443858625179102,-0.8992375,2.288597583770752,3.7547006607055664
20220608_163609,1.9433217459626417,4.46799898147583,0.022778676822781563,0.7010397235493031,-0.8341532,2.3764333724975586,3.989454507827759
20220608_163610,1.9544673548182523,4.505719184875488,0.012691711075603962,0.6839342346331336,-0.84384406,2.410884380340576,3.7215940952301025
20220608_163610,1.9831482147939152,4.287903308868408,0.0073482682928442955,0.688388029275058,-0.86471367,2.2417619228363037,3.9477591514587402
20220608_163611,1.9854233699614288,4.172688007354736,0.005159878637641668,0.677102205670906,-0.8772404,2.299501419067383,3.970909357070923
20220608_163611,1.9702578018597983,4.341068267822266,0.0007516892510466278,0.6863665448532338,-0.8399631,2.3786280155181885,3.8934333324432373
20220608_163612,1.9779908835302964,4.253705024719238,0.003898108610883355,0.7056307183332124,-0.85941,2.2709553241729736,3.9245312213897705
20220608_163613,2.013418816733638,4.442419052124023,0.011199461296200752,0.7331181709894963,-0.86068636,2.2384848594665527,4.073393821716309
20220608_163613,1.9927964856429172,4.496311664581299,0.008030902594327927,0.7099599220817208,-0.84508926,2.418748617172241,3.9443905353546143
20220608_163614,1.9941304044288553,4.741261005401611,0.0029140717815607786,0.6844518784834995,-0.8661038,2.340252637863159,3.8673341274261475
20220608_163614,1.998721499533378,4.549312114715576,0.0059465100057423115,0.7152704434224799,-0.86381626,2.3180699348449707,3.7751574516296387
20220608_163615,2.0105533100219413,4.407643795013428,0.11630533635616302,0.7053714836165581,-0.8762587,2.275083541870117,3.9357779026031494
20220608_163616,2.075856158251019,4.564115047454834,0.005352165549993515,0.7516463810635231,-0.92151994,2.4822778701782227,3.7978012561798096
20220608_163616,2.0537855661913147,4.3711676597595215,0.05411887541413307,0.7533832543496327,-0.8925878,2.4951095581054688,3.901524782180786
20220608_163617,2.068998999749955,4.3586249351501465,0.0033962854649871588,0.7384648231475437,-0.89229804,2.3872666358947754,3.919126033782959
20220608_163617,2.064776593130705,4.612972259521484,0.004716137424111366,0.7993815708868935,-0.874406,2.4302313327789307,3.830352544784546
20220608_163617,2.065671095607737,4.7309489250183105,0.046655017882585526,0.7451553523886261,-0.89430195,2.4103150367736816,3.9417896270751953
20220608_163618,2.0547363641231504,4.477534294128418,0.03627889230847359,0.7585256447526781,-0.89016825,2.376803398132324,4.121894836425781
20220608_163618,2.0614349843160955,4.620327949523926,0.008708527311682701,0.7178504154484618,-0.9016968,2.395536422729492,4.150041103363037
20220608_163619,2.069935177033885,4.500523090362549,0.011222012341022491,0.7181535610626137,-0.9057711,2.2955117225646973,4.019941329956055
20220608_163619,2.0561302253400275,4.380947589874268,0.057522282004356384,0.7163838483359095,-0.8981853,2.4144630432128906,4.127588748931885
20220608_163619,2.10082563987698,4.582277774810791,0.03407915681600571,0.7246489229470281,-0.9352517,2.399057626724243,3.9731662273406982
20220608_163620,2.0721953118526875,4.431204319000244,0.0693758875131607,0.7503145613267568,-0.8934033,2.57434344291687,4.245303153991699
20220608_163620,2.109370832556508,4.41908073425293,0.006690938491374254,0.7254104623630762,-0.92894435,2.3819289207458496,3.934612274169922
20220608_163621,2.1103669151426354,4.692624092102051,0.06448647379875183,0.7627444736097451,-0.91713405,2.502660036087036,3.978957176208496
20220608_163621,2.109285935450883,4.650792598724365,0.01242025475949049,0.7327732437384998,-0.94001013,2.5175681114196777,3.874504566192627
20220608_163621,2.114779382877518,4.500158309936523,0.006830212194472551,0.7366221742100377,-0.933041,2.6000189781188965,4.039557933807373
20220608_163622,2.110719842371018,4.473029613494873,0.016489045694470406,0.7416850771306606,-0.9335161,2.5404911041259766,4.038980007171631
20220608_163622,2.1072433055556674,4.474297046661377,0.0029479784425348043,0.7420363895717014,-0.92137545,2.4400386810302734,4.090585708618164
20220608_163623,2.1012080624540586,4.456846714019775,0.10255537927150726,0.7335469047008959,-0.9377639,2.415447235107422,4.02011251449585
20220608_163623,2.1248247698203606,4.519845962524414,0.039847347885370255,0.7838365758382945,-0.93349475,2.4676198959350586,4.325356960296631
20220608_163624,2.1342990963485793,4.516220569610596,0.06903962045907974,0.7524755758317451,-0.9283323,2.5725035667419434,4.190158843994141
20220608_163624,2.134329651241868,4.56865119934082,0.067684106528759,0.7814299211710402,-0.91761154,2.490895986557007,4.167792320251465
20220608_163625,2.151237415522542,4.725112438201904,0.005117394495755434,0.7913845477992062,-0.92874455,2.4993515014648438,4.120877742767334
20220608_163626,2.1528859267087994,4.545019626617432,0.006843478884547949,0.7574086700072059,-0.92918694,2.5768392086029053,4.240249156951904
20220608_163626,2.162923669208398,4.818643093109131,0.020301008597016335,0.7549471153760842,-0.95073646,2.3396732807159424,4.068340301513672
20220608_163627,2.154588156062084,4.720343112945557,0.002989320084452629,0.7408628806813498,-0.9705926,2.3423521518707275,4.0557661056518555
20220608_163627,2.162435094644383,4.654912948608398,0.00837443396449089,0.784720348672611,-0.94855493,2.676888942718506,4.053232669830322
20220608_163628,2.1816696714240615,4.559475898742676,0.006166917737573385,0.7872200377082106,-0.96061206,2.4416210651397705,4.003687381744385
20220608_163628,2.2228745990124796,4.634860992431641,0.11510854959487915,0.8117055230692262,-0.9649777,2.5882909297943115,4.056212902069092
20220608_163629,2.1871414975904644,4.737544059753418,0.006703038699924946,0.79400177909455,-0.94921076,2.605820655822754,4.046409606933594
20220608_163629,2.2129361251670674,4.837467670440674,0.07206612825393677,0.7709448913873211,-0.98840886,2.549062967300415,4.110618591308594
20220608_163629,2.222421973355278,4.72891092300415,0.054917220026254654,0.8096375958060997,-0.9718378,2.5336434841156006,4.1364641189575195
20220608_163630,2.225401258798845,4.89508056640625,0.0034378194250166416,0.7706540142846444,-1.0086439,2.4508540630340576,4.063523292541504
20220608_163630,2.2403716489769967,4.601973056793213,0.11314170062541962,0.7969435689497796,-1.0257782,2.4767954349517822,4.160512924194336
20220608_163631,2.2599969954136694,4.886592864990234,0.020006733015179634,0.8644760667433876,-1.0036342,2.583482027053833,4.334207057952881
20220608_163631,2.2383193991980304,4.7171525955200195,0.08518347889184952,0.8318082344896726,-0.99180853,2.6701955795288086,4.183351993560791
20220608_163632,2.2452205557896345,4.764026641845703,0.11307451874017715,0.8269626871590473,-0.9766967,2.5849366188049316,4.143072605133057
20220608_163632,2.2530811071915466,4.689730167388916,0.1058940589427948,0.7732454353649098,-0.99921894,2.50187611579895,4.418637752532959
20220608_163633,2.2554364887013043,4.570137977600098,0.04955091327428818,0.8240960553552749,-0.9936564,2.6497104167938232,4.359992504119873
20220608_163633,2.2953660060004633,4.982461452484131,0.10271208733320236,0.8109910716716404,-1.0362958,2.6698763370513916,4.194981098175049
20220608_163634,2.2953028248137874,4.667026519775391,0.03128349035978317,0.8337895701187833,-1.0484316,2.465786933898926,3.9336225986480713
20220608_163634,2.2750710371829697,4.716116905212402,0.030949577689170837,0.8204392823966564,-1.0269643,2.663954257965088,4.362195014953613
20220608_163635,2.2907578086441833,4.880324840545654,0.047181371599435806,0.8393852145381133,-1.018174,2.637336254119873,4.266966819763184
20220608_163636,2.2831489291484175,4.846916675567627,0.03685498610138893,0.863682992869073,-1.0162479,2.9620025157928467,4.218018054962158
20220608_163636,2.280881857340609,4.585075855255127,0.06612063944339752,0.8523765552935403,-1.0092796,2.684084177017212,4.263416767120361
20220608_163637,2.294727944199306,4.808962345123291,0.006789124105125666,0.8319010641776441,-1.032491,2.672484874725342,4.216595649719238
20220608_163637,2.3130163299164024,4.74920654296875,0.0215244609862566,0.867518539788132,-1.0304385,2.6379895210266113,4.323507785797119
20220608_163638,2.266806971434458,4.76131010055542,0.03358694911003113,0.8011939204455766,-1.0137966,2.651453971862793,4.120472431182861
20220608_163638,2.2704914966968692,4.868277549743652,0.053495075553655624,0.8195368890242083,-0.992938,2.719832181930542,4.278534412384033
20220608_163639,2.2762877062919022,4.7960734367370605,0.07410409301519394,0.8603438616456565,-0.9758673,2.778698682785034,4.156467437744141
20220608_163639,2.3297767303006425,4.760191440582275,0.046791017055511475,0.8232545955468792,-1.0482812,2.6342265605926514,4.4189229011535645
20220608_163640,2.310193314196711,4.639017105102539,0.029523275792598724,0.8107467861117579,-1.0557199,2.6634345054626465,4.1229705810546875
20220608_163640,2.273160483532807,4.926357746124268,0.0919412299990654,0.7796439411756098,-1.0213281,2.5563902854919434,4.2363972663879395
20220608_163641,2.2638605295239937,4.8948259353637695,0.0023631127551198006,0.6419540260716022,-1.0433757,2.5754382610321045,4.227869510650635
20220608_163641,2.323028461432646,4.837798118591309,0.07096908986568451,0.7864558886094372,-1.0708103,2.7040810585021973,4.286398410797119
20220608_163642,2.2992807676463594,4.584417343139648,0.11100287735462189,0.6652093732329994,-1.072954,2.490980863571167,4.277981281280518
20220608_163643,2.0415900532185858,5.249961853027344,0.004426799714565277,0.6815500308852631,-0.83400834,3.753715753555298,5.055860996246338
20220608_163644,1.2100068668757404,3.8704731464385986,7.781264139339328e-05,0.3414778770285742,-0.7675516,2.611590623855591,2.695162057876587
20220608_163644,1.578737653009209,4.47645378112793,0.0006738434312865138,0.49193493982365405,-0.83280176,3.397028684616089,3.7385191917419434
20220608_163645,2.693899041631556,5.866024494171143,0.09277515113353729,0.7951072648971608,-1.103922,2.819143056869507,5.3009819984436035
20220608_163646,2.689268643901157,5.564162731170654,0.10933627188205719,0.8194454733034152,-1.0827998,2.923725128173828,5.193808555603027
20220608_163646,2.6909043818630916,5.729763031005859,0.1691526472568512,0.8970436675308453,-1.0596064,2.9091012477874756,5.355532646179199
20220608_163647,2.7122094308330134,5.782156467437744,0.0816759392619133,0.8422004550756809,-1.082853,2.8503761291503906,5.193873882293701
20220608_163648,2.7171742246397246,5.595456600189209,0.10413244366645813,0.862738089631676,-1.0839037,2.8607819080352783,5.234696388244629
20220608_163649,2.7114830292223693,5.682053565979004,0.07291298359632492,0.7606208647074413,-1.12218,2.757136344909668,5.0678839683532715
20220608_163649,2.7153302293644317,5.5125956535339355,0.06638552993535995,0.8768826664863176,-1.0757173,2.918308973312378,5.094600677490234
20220608_163650,2.738312973765862,5.652927875518799,0.07725853472948074,0.648457919780771,-1.1726379,2.771087169647217,5.163789749145508
20220608_163651,2.710921857406111,5.846982955932617,0.1253175586462021,0.42326279753865564,-1.2202774,2.378173351287842,5.113969802856445
20220608_163651,2.778258750359752,5.706783294677734,0.10654444992542267,0.8082314351865464,-1.1548846,3.1511919498443604,5.138610363006592
20220608_163652,2.7707764403537958,5.753857612609863,0.08547176420688629,0.6924879924167151,-1.1820859,2.7303466796875,5.059407711029053
20220608_163653,2.782897543766866,6.082871913909912,0.06946879625320435,0.6095044938147359,-1.2442394,2.565279483795166,5.173372745513916
20220608_163654,2.7779985949799393,5.882985591888428,0.07033082097768784,0.6764787843077306,-1.2038345,2.731839179992676,5.206568717956543
20220608_163654,2.8230902649648333,5.700534820556641,0.10501109808683395,0.7502887820175547,-1.2252905,2.8811187744140625,5.301283836364746
20220608_163655,2.816221599141201,5.805407524108887,0.06748844683170319,0.7064084334042582,-1.2278659,2.8683743476867676,5.19630241394043
20220608_163656,0.5056005232877263,3.0230045318603516,0.0005769236595369875,0.037119001519458336,-0.006106124,2.1204090118408203,1.9847798347473145
20220608_163656,2.860586276717447,5.824896335601807,0.12156088650226593,0.7768658450687019,-1.2586056,2.9467499256134033,5.0822343826293945
20220608_163657,2.8058498433001424,5.94044303894043,0.16185913980007172,0.6933081491537408,-1.2268583,2.808405637741089,5.222982883453369
20220608_163658,2.840490310517392,5.963441848754883,0.15388908982276917,0.7065189608490227,-1.2502831,2.6981897354125977,5.288186073303223
20220608_163658,2.805702507211253,5.664948463439941,0.1281033754348755,0.7337264325292024,-1.1876986,2.935436487197876,5.258340835571289
20220608_163659,2.7939313912508776,5.745316982269287,0.13206925988197327,0.6842533381738557,-1.2062166,2.671830177307129,5.253117561340332
20220608_163700,2.8150066984672986,5.975643157958984,0.10982049256563187,0.7334937839172758,-1.1980149,2.970553159713745,5.032747268676758
20220608_163700,2.83022359358067,5.58141565322876,0.10119519382715225,0.6073507466326253,-1.2336638,2.7017123699188232,5.262522220611572
20220608_163701,2.834825600266372,5.785135746002197,0.11925004422664642,0.7439115631131095,-1.244235,2.895331621170044,5.178862571716309
20220608_163702,2.9011421312620422,5.873264789581299,0.10050980001688004,0.8540354254830582,-1.2541251,3.017577886581421,5.337244033813477
20220608_163703,2.8724057360942004,6.054685115814209,0.1753024309873581,0.5699504404358009,-1.2904589,2.612722396850586,5.1846699714660645
20220608_163703,2.883856841753245,5.946802616119385,0.1698773205280304,0.7290133457175341,-1.2664208,2.804433584213257,5.272940635681152
20220608_163704,2.87284410969253,5.855144500732422,0.07406140863895416,0.7340493365230306,-1.2565382,2.6884994506835938,5.281959056854248
20220608_163705,2.876894750970856,5.883997917175293,0.11860343813896179,0.7532874076896431,-1.2403947,2.8800294399261475,5.129741668701172
20220608_163706,2.906769589749068,5.802124977111816,0.1260690987110138,0.8166825481700491,-1.2541223,2.980499505996704,5.319646835327148
20220608_163706,2.8941515432698246,5.832666397094727,0.1254187673330307,0.7155597275181501,-1.2620045,2.849565029144287,5.112247943878174
20220608_163707,2.926967762398429,6.076062202453613,0.043365512043237686,0.7339176279933012,-1.2832133,3.0518927574157715,5.318056106567383
20220608_163708,2.9493154155092993,6.066798686981201,0.18309935927391052,0.759744426029196,-1.3071843,2.9007482528686523,5.155657768249512
20220608_163708,2.900672976813686,5.8660407066345215,0.14038263261318207,0.7947642219487279,-1.2675092,2.8928353786468506,5.266700744628906
20220608_163709,2.9571845072177365,6.2638983726501465,0.12169740349054337,0.8243713809557053,-1.2881526,2.897815465927124,5.2501068115234375
20220608_163710,2.9104240958830223,5.91644811630249,0.1357463300228119,0.8362847861251802,-1.2590746,2.8944716453552246,5.269572734832764
20220608_163711,2.9160803587557877,6.02839469909668,0.15686079859733582,0.8220092714659605,-1.2603086,2.9611942768096924,5.404155731201172
20220608_163711,3.2717462019224537,5.961156845092773,0.1843375563621521,1.5948143544647606,-1.278665,3.7495410442352295,5.301207542419434
20220608_163712,3.0408913640967157,6.4121904373168945,0.12498606741428375,0.893357434648355,-1.3075979,3.042428970336914,5.326731204986572
20220608_163713,2.926441910840672,6.163544654846191,0.10009290277957916,0.5964227938866886,-1.2855048,2.692636251449585,5.308154582977295
20220608_163713,2.9637012874600823,5.977197170257568,0.14500927925109863,0.7792797250260906,-1.3117548,2.887708902359009,5.215442180633545
20220608_163714,2.991742507563468,6.148281097412109,0.11857670545578003,0.8209543182470214,-1.3151209,2.9305362701416016,5.546209335327148
20220608_163715,3.439960910678834,6.119006633758545,0.17160750925540924,1.8479866653452452,-1.3280934,4.126713752746582,5.378381729125977
20220608_163716,3.3093061912551476,6.136251449584961,0.2829359471797943,1.6734431211194454,-1.2682807,3.8888089656829834,5.417873859405518
20220608_163716,3.0196552761291335,5.898589134216309,0.128355473279953,0.8896830867368255,-1.3270937,2.9542877674102783,5.452231407165527
20220608_163717,3.0262031188325094,5.929251194000244,0.14988742768764496,0.9309263194705932,-1.3135762,3.1016862392425537,5.35662841796875
20220608_163718,2.985607787908777,5.913184642791748,0.11560792475938797,0.8853273646465869,-1.2690997,3.067612886428833,5.437013626098633
20220608_163718,3.052762752637334,6.0464301109313965,0.1358957588672638,0.9593483148506727,-1.34334,3.191742181777954,5.403365612030029
20220608_163719,3.0825929449934373,6.052750110626221,0.07832436263561249,0.8932326116590744,-1.3837605,3.073742151260376,5.1900224685668945
20220608_163720,3.1246770292761736,6.407608509063721,0.1787591129541397,0.9390740570117848,-1.4017454,3.150601387023926,5.326881408691406
20220608_163721,3.1483112479639073,6.125643730163574,0.12719905376434326,0.9545503606666991,-1.4069765,3.207192897796631,5.407598495483398
20220608_163721,3.0871323517806157,6.113092422485352,0.14058606326580048,0.966579929338589,-1.3579458,3.1368353366851807,5.281922817230225
20220608_163722,3.0321498867034182,6.121662616729736,0.11273801326751709,0.9138843197134868,-1.3424251,3.0606865882873535,5.233762741088867
20220608_163723,3.0879441078454293,6.228525638580322,0.1275966912508011,0.8954274367137264,-1.3694956,3.080817699432373,5.4977312088012695
20220608_163724,3.0465534710629014,6.08112096786499,0.1955053061246872,0.8301738620955852,-1.3236146,3.210772752761841,5.452885627746582
20220608_163724,3.064686963013332,6.179175853729248,0.12256808578968048,0.9241092904857346,-1.33226,3.3156375885009766,5.415817737579346
20220608_163725,3.0913251579444476,6.270355224609375,0.10339078307151794,0.9720671844835141,-1.3262357,3.0762367248535156,5.493155002593994
20220608_163726,3.062715410961043,6.139969825744629,0.13659963011741638,1.0254605919807092,-1.2882144,3.13852858543396,5.533995628356934
20220608_163727,3.060765707256605,6.059195041656494,0.15622524917125702,0.9291129052782888,-1.3087337,3.2131307125091553,5.423755645751953
20220608_163728,3.0834984093921385,6.1486616134643555,0.09029770642518997,0.9155562621397996,-1.340495,3.1037657260894775,5.238415241241455
20220608_163728,3.095976604058611,6.090667724609375,0.20381571352481842,0.9290970522104325,-1.3483653,3.1439762115478516,5.2332072257995605
20220608_163729,3.1692715995815166,6.650368690490723,0.15927113592624664,0.9631199154683229,-1.3661609,3.0824689865112305,5.658431529998779
20220608_163730,3.1371679777456207,6.4013752937316895,0.16645358502864838,0.9893562744910966,-1.3105692,3.170506477355957,5.597373962402344
20220608_163731,3.121124668864474,6.004916667938232,0.150545135140419,1.026466160050165,-1.2875417,3.3977415561676025,5.6985697746276855
20220608_163731,3.09302703390015,6.117991924285889,0.11690504103899002,1.0077900921499365,-1.2827973,3.3803603649139404,5.63334321975708
20220608_163732,3.1272996868973024,5.953312873840332,0.16257888078689575,1.0914793874652,-1.2802639,3.479153871536255,5.475119590759277
20220608_163732,3.1358140895055535,5.863624572753906,0.20306620001792908,1.0762189881796658,-1.2952224,3.7074544429779053,5.477741718292236
20220608_163733,3.1264652721563593,6.088501453399658,0.19537048041820526,1.0446763862372186,-1.3060726,3.435695171356201,5.433806419372559
20220608_163733,3.052599382689481,5.958227157592773,0.14081770181655884,1.0147156668051687,-1.2573885,3.5495998859405518,5.209147930145264
20220608_163733,3.0912767801909635,6.157042980194092,0.13973329961299896,1.0393754518645157,-1.2867032,3.6005256175994873,5.361774444580078
20220608_163734,3.063248148713182,5.99738883972168,0.12957309186458588,1.055979464922947,-1.2595547,3.5788345336914062,5.321275234222412
20220608_163734,3.0202413366890766,5.6819071769714355,0.1793013960123062,0.995170403163026,-1.280115,3.509847402572632,4.881869316101074
20220608_163735,3.012903742828437,5.7662763595581055,0.1403033584356308,1.0020183103380607,-1.2587454,3.6889777183532715,5.12326717376709
20220608_163736,3.018094008286813,5.950455188751221,0.14130116999149323,1.1253076689405344,-1.2253547,3.5670440196990967,5.182404518127441
20220608_163736,3.05901920994261,5.592416763305664,0.17864088714122772,1.103082694943348,-1.2908875,3.6889255046844482,5.2362542152404785
20220608_163737,2.9426703467691415,5.5829243659973145,0.18448133766651154,1.0391077238284692,-1.2470167,3.5616960525512695,4.94509744644165
20220608_163738,2.880383452557967,5.400206089019775,0.17183251678943634,0.986001111153095,-1.2451894,3.523284435272217,4.956185817718506
20220608_163738,2.886919030588174,5.34921407699585,0.25129127502441406,1.021142090787626,-1.23156,3.5631003379821777,4.808924198150635
20220608_163739,2.8477745695362287,5.318924903869629,0.16843044757843018,1.0105140478843795,-1.2328483,3.317586898803711,4.6778974533081055
20220608_163740,2.8285150207979948,5.247283458709717,0.1938992589712143,1.055810676107481,-1.2049111,3.4032270908355713,4.570554256439209
20220608_163740,2.7951977369845458,5.09335470199585,0.1991066336631775,1.0703966827199405,-1.1941553,3.3130531311035156,4.804304122924805
20220608_163741,2.738131651422194,4.871146202087402,0.21725013852119446,1.0879246711146744,-1.133807,3.4494237899780273,4.656344413757324
20220608_163741,2.7500022462769422,4.861220836639404,0.20583322644233704,1.0019770419644218,-1.2264334,3.319516181945801,4.478501319885254
20220608_163742,2.737426523571278,4.91692590713501,0.16399048268795013,0.9729531046615507,-1.2541611,3.2661900520324707,4.418211936950684
20220608_163742,2.7196293442809907,4.8450775146484375,0.21576233208179474,1.0392677782315523,-1.2540447,3.24715256690979,4.350854396820068
20220608_163743,2.672967199198298,4.647324085235596,0.12833909690380096,0.9834704631291115,-1.2394867,3.158102035522461,4.287797451019287
20220608_163744,2.6339644907406528,4.823373317718506,0.18267442286014557,0.9600737968432619,-1.1939842,3.3600354194641113,4.22550106048584
20220608_163744,2.5731400026898545,4.536149501800537,0.1464342325925827,0.8022892231378143,-1.2248124,2.978058099746704,4.373219013214111
20220608_163745,2.600557829816555,4.430832862854004,0.1356886923313141,1.0420153563240466,-1.1638457,3.2522706985473633,4.2929582595825195
20220608_163745,2.5683395006642304,4.456092357635498,0.015372817404568195,0.966433882263684,-1.1878737,3.1169116497039795,4.162058353424072
20220608_163746,2.486911604437428,4.477579593658447,0.00982393603771925,0.8047861374158072,-1.195764,3.1356701850891113,4.057007312774658
20220608_163747,2.421022518795611,4.437361240386963,0.012039120309054852,0.7547373736764297,-1.1737634,2.9646246433258057,3.8738980293273926
20220608_163747,2.4102157249440004,4.280431270599365,0.03495907410979271,0.8100248265037405,-1.1646347,3.027263641357422,3.8004724979400635
20220608_163748,2.367571119266638,4.111718654632568,0.12998230755329132,0.761566347899516,-1.1596779,2.647908926010132,3.6445109844207764
20220608_163749,2.302109341954329,4.247287750244141,0.017020778730511665,0.7088742559719547,-1.133759,2.6849329471588135,3.8280422687530518
20220608_163749,2.3388483041545904,4.082775115966797,0.007678104564547539,0.7833333680061915,-1.1500167,2.7460174560546875,3.6560661792755127
