time,mean,max,min,hor,ver,horabs,verabs
20220406_160017,0.149045048,0.598337889,0.000182472,-0.019487178,-0.03493865,0.089964606,0.10085148
20220406_160018,0.167574928,0.617775679,3.63E-05,-0.04685322,-0.081820935,0.09337054,0.1197835
20220406_160019,0.16967425,0.522917092,0.000272063,-0.049422834,-0.05872057,0.102174625,0.11437959
20220406_160020,0.186283995,0.709942281,8.93E-05,-0.094127245,-0.066485755,0.123468496,0.11540135
20220406_160021,0.186563601,0.767589927,0.000634044,-0.09400054,-0.068630695,0.124575056,0.117552914
20220406_160022,0.165784706,0.644489646,0.000456632,-0.080694266,-0.019345531,0.11278959,0.09992242
20220406_160022,0.157222819,0.642719269,0.000107484,-0.061409034,-0.007459876,0.105229996,0.095773555
20220406_160023,0.15277043,0.670288742,0.000166033,-0.051920492,0.010707541,0.100033015,0.093748614
20220406_160023,0.158940727,0.823810816,0.000167893,-0.05084058,-0.042144552,0.105494134,0.09783749
20220406_160023,0.153993139,0.521089494,0.000158952,-0.047947563,-0.040444374,0.09747655,0.09997
20220406_160024,0.15827069,0.612729073,0.00070871,-0.028711952,-0.038559385,0.096290395,0.105004415
20220406_160024,0.178806791,0.614418924,6.72E-05,-0.03907175,-0.09684041,0.09504227,0.13205364
20220406_160025,0.168329549,0.705605805,0.000607648,0.077576384,0.027240923,0.114387535,0.10156528
20220406_160025,0.172916562,0.699634433,0.0003571,0.07502704,0.024557697,0.11849761,0.103682294
20220406_160026,0.157775641,0.586956382,0.000288372,0.03841722,0.022664083,0.102544874,0.09806108
20220406_160026,0.168117573,0.714902878,0.000332648,0.05489728,-0.026493961,0.10300065,0.11161275
20220406_160027,0.148974109,0.544588089,0.000157924,0.012745836,0.022726038,0.08891996,0.10026839
20220406_160027,0.163469412,0.633015156,0.000211037,0.013161399,-0.015030112,0.103095755,0.10513695
20220406_160028,0.163292052,0.748532355,0.000282734,0.02380759,-0.04383435,0.09742846,0.11036425
20220406_160028,0.164631763,0.683121026,0.000164038,-0.049394067,-0.009086818,0.10834628,0.10196541
20220406_160029,0.16893219,0.762472272,9.74E-05,-0.06722495,-0.004287181,0.11516318,0.101867855
20220406_160029,0.170819479,0.614351809,0.000338035,-0.07873289,0.03140484,0.114667945,0.10209835
20220406_160030,0.164975603,0.798810422,0.000247724,-0.038621485,0.002384602,0.09847586,0.11058002
20220406_160030,0.185186771,0.77064532,0.000501855,-0.087775044,-0.01073366,0.12605526,0.110585645
20220406_160031,0.199139644,0.724987209,0.000642954,-0.12589711,0.029519388,0.14747146,0.10365498
20220406_160031,0.174078855,0.791653097,0.000148188,-0.08547006,0.007759757,0.1195806,0.10161149
20220406_160032,0.180910625,0.605517626,0.000383035,-0.09308766,-0.020254018,0.12444167,0.10431217
20220406_160032,0.225280266,0.856940925,0.000236623,-0.16139922,0.032014243,0.17922938,0.10409169
20220406_160033,0.239444962,0.833687425,0.000299382,-0.15505446,0.073905505,0.1794784,0.1258823
20220406_160033,0.277301049,0.814205587,0.000543938,-0.18642332,0.1357582,0.19838855,0.15651417
20220406_160034,0.287365257,0.871293485,0.000315527,-0.15715268,0.18430178,0.1770859,0.19542944
20220406_160034,0.248345501,0.750836313,0.000121218,-0.18290244,0.029642187,0.19502068,0.12069173
20220406_160035,0.252070322,0.784312189,0.000563404,-0.18160634,0.076707646,0.19226724,0.13158645
20220406_160035,0.268823869,0.819964886,0.000241932,-0.18074308,0.10408791,0.19135405,0.15476584
20220406_160036,0.288758382,0.859854996,0.000632243,-0.23212264,0.051051058,0.2420922,0.120922945
20220406_160036,0.351491707,1.005919695,0.000271642,-0.31094995,0.030757388,0.31421497,0.12240581
20220406_160037,0.361320543,1.177196145,0.000606968,-0.31613544,-0.041715648,0.31939602,0.1276747
20220406_160038,0.405721122,1.209346056,0.001293697,-0.37346923,0.000509018,0.374246,0.118563876
20220406_160038,0.407966473,1.27121532,0.000927451,-0.36970806,0.016407352,0.37103105,0.13316318
20220406_160039,0.390470147,1.212587953,0.000616257,-0.3414482,-0.003744151,0.3445183,0.14007746
20220406_160039,0.294553413,1.001661539,0.000351078,-0.17114232,0.076884784,0.20709333,0.16721489
20220406_160040,0.297999345,1.048223376,0.00066019,-0.18489335,0.005311009,0.21766075,0.16242684
20220406_160040,0.252018202,0.853681147,0.000185727,-0.01046767,0.08369683,0.15046816,0.16981323
20220406_160041,0.359239151,1.232494354,0.000894707,0.26181337,0.030440073,0.29054582,0.16769844
20220406_160041,0.263487719,0.875344396,8.80E-05,0.029933957,0.05839592,0.16377564,0.1720569
20220406_160042,0.25252705,0.896294653,0.000441266,-0.02813943,7.76E-06,0.15784295,0.16305958
20220406_160042,0.270597647,0.99748981,0.000171018,-0.013478153,0.08974731,0.15823399,0.18416122
20220406_160043,0.253623357,0.91502136,0.000216371,0.019279312,0.04055549,0.15266506,0.16786726
20220406_160043,0.260028204,0.97873348,0.000227519,-0.09067948,0.06853865,0.16508804,0.1653798
20220406_160044,0.275917013,1.004433393,0.000141966,0.05190397,-0.080825366,0.16595705,0.18604757
20220406_160044,0.28727518,1.029117346,0.000256789,-0.13000527,0.06924942,0.18566835,0.17674775
20220406_160045,0.282585424,0.953274786,0.00031954,-0.10229384,0.037924793,0.18492253,0.17077433
20220406_160045,0.283310227,0.939598858,0.000172954,-0.1270001,0.02579171,0.19383873,0.16612488
20220406_160046,0.306327622,0.953939617,0.000277205,-0.1770988,0.043300554,0.21884619,0.17085321
20220406_160046,0.289180322,0.992591321,0.000922004,-0.13434577,-7.24E-05,0.19635375,0.17304747
20220406_160047,0.289591651,0.98375392,0.00064496,-0.15414882,0.012977991,0.20238484,0.16698524
20220406_160048,0.303910306,1.014026761,0.000895012,-0.15373924,0.05426172,0.20613632,0.18004741
20220406_160048,0.29323278,1.028747082,0.000178752,-0.14035961,0.033889566,0.20078619,0.17443046
20220406_160049,0.329790809,1.166841984,0.001107311,-0.20717683,0.096008435,0.23547693,0.18445557
20220406_160049,0.318030519,1.054814219,0.000337889,-0.19314575,0.009269497,0.22808737,0.1785249
20220406_160050,0.304993243,1.006111264,0.000188507,-0.16450979,0.062072128,0.21068849,0.17687225
20220406_160050,0.295046989,1.041628122,0.000149329,-0.12859787,0.09204558,0.19212125,0.18407954
20220406_160051,0.305900745,0.975008547,0.000132248,-0.17169794,0.086651824,0.21441132,0.17813286
20220406_160051,0.312163709,1.040118337,0.000170128,-0.20009743,0.059440393,0.22988309,0.168499
20220406_160052,0.316711931,1.04463315,0.000428428,-0.16968644,0.11035828,0.21035652,0.19537461
20220406_160052,0.319236122,1.052951694,0.000189086,-0.18750903,0.079560645,0.2281529,0.17990161
20220406_160053,0.296695323,1.020628214,0.00017608,-0.13777725,0.02763085,0.1997155,0.17690323
20220406_160053,0.283134371,1.050512552,0.000555847,-0.072192356,0.06690726,0.17935961,0.18032469
20220406_160054,0.310686667,1.125124574,0.000145981,-0.14156784,0.09539528,0.2054062,0.18802755
20220406_160055,0.321128597,1.073883295,0.000430452,-0.12219323,0.13734032,0.19734763,0.21101202
20220406_160055,0.306864482,1.140019178,0.000268954,-0.07612459,0.15165564,0.18249184,0.20617908
20220406_160056,0.289282528,1.068872809,0.000303587,-0.10437556,0.066897094,0.18423,0.18266647
20220406_160056,0.297833019,1.137042999,0.000337261,-0.11494203,0.10070261,0.19171035,0.18760112
20220406_160057,0.295348825,1.170870781,0.000466194,-0.10598851,0.1009904,0.18904725,0.18613006
20220406_160058,0.300248238,1.131054759,0.000308722,-0.14836729,0.080435485,0.21157366,0.17313871
20220406_160058,0.325480575,1.230132818,0.000192508,-0.17135313,0.1487056,0.21200705,0.20517401
20220406_160059,0.322657962,1.181158781,0.000412602,-0.18598624,0.12209915,0.22265266,0.1913552
20220406_160059,0.300522973,1.152549148,0.000146029,-0.1606375,0.06744475,0.20614704,0.1749616
20220406_160100,0.324938374,1.210588336,3.62E-05,-0.20949583,0.09791087,0.23412387,0.18109049
20220406_160100,0.285215287,1.218850017,0.000375236,-0.09273197,0.053447317,0.17642848,0.18400046
20220406_160101,0.309217572,1.288626194,0.000291994,-0.17349508,0.07381183,0.21849705,0.17503265
20220406_160101,0.301478296,1.256566167,6.54E-05,-0.14164808,0.052739985,0.20044652,0.1843982
20220406_160102,0.318520139,1.220910788,0.000415641,-0.1876664,0.046090662,0.22970833,0.177404
20220406_160103,0.324206474,1.287598133,0.000289919,-0.19180991,0.04631212,0.23828569,0.1765528
20220406_160103,0.371239173,1.289388895,0.000245342,-0.2790558,0.07096597,0.29836795,0.17350166
20220406_160104,0.373658638,1.332911611,0.000171298,-0.2680063,0.08574881,0.28964174,0.1905939
20220406_160104,0.333087498,1.334156513,0.000320458,-0.21299914,0.104661226,0.2449709,0.18256608
20220406_160105,0.306836846,1.186433911,0.000374337,-0.14836904,0.053338528,0.21200049,0.18021666
20220406_160105,0.307175916,1.240511775,0.000491869,-0.14924051,0.079254255,0.20861198,0.18551765
20220406_160106,0.297536445,1.319233656,0.000545518,-0.050391003,0.1088939,0.1763415,0.20124729
20220406_160106,0.29798574,1.294430614,0.000208533,-0.10118069,0.10420314,0.18328358,0.19532107
20220406_160107,0.295280672,1.327711344,3.96E-05,-0.09784513,0.068942256,0.18418564,0.19160002
20220406_160107,0.300290783,1.199346185,0.000331613,-0.13100985,0.06876588,0.1973469,0.18637936
20220406_160108,0.299008723,1.234623313,6.16E-05,-0.1300773,0.07061,0.1947388,0.18727899
20220406_160108,0.31964106,1.223297596,0.000366668,-0.18943983,0.020789623,0.22758925,0.18077265
20220406_160109,0.317014219,1.3061167,9.37E-05,-0.18777776,0.014636938,0.22565515,0.17931898
20220406_160109,0.312213203,1.234622359,0.000187995,-0.15792462,0.029621655,0.21628417,0.18079054
20220406_160110,0.317993711,1.303574443,0.000505455,-0.1760728,0.014580416,0.2210562,0.18360655
20220406_160110,0.317681356,1.362750769,0.000421682,-0.18428454,-0.008186191,0.22777066,0.17596884
20220406_160111,0.315492353,1.260181904,0.000230568,-0.18657458,0.031611882,0.22501147,0.17821008
20220406_160111,0.323857922,1.368285656,0.00057776,-0.1893554,0.042071097,0.2238421,0.19104707
20220406_160112,0.314694976,1.319349527,0.000448112,-0.15130658,0.07757756,0.20821178,0.19283566
20220406_160112,0.308416875,1.307748437,0.000301566,-0.09862702,0.10539483,0.18802144,0.20738113
20220406_160113,0.31506749,1.540226221,0.000209995,-0.1363665,0.06705009,0.203278,0.19764937
20220406_160114,0.323847829,1.413860559,0.000103915,-0.14386056,0.043294173,0.21296468,0.19958398
20220406_160114,0.334076784,1.269510627,0.000194762,-0.20847154,0.074277624,0.23832783,0.19035208
20220406_160115,0.315300464,1.361020803,0.00068869,-0.15617537,0.028372541,0.21115911,0.19062313
20220406_160115,0.329525458,1.43292582,0.000388348,-0.17183526,0.10619294,0.2189975,0.20509453
20220406_160116,0.308585518,1.579354167,0.000221295,-0.13817039,0.044912703,0.20084232,0.19213177
20220406_160116,0.320904063,1.324639916,0.000326933,-0.16544059,0.073508374,0.21105605,0.20078942
20220406_160117,0.300784647,1.283455253,0.000139009,-0.08687917,0.0424792,0.18853496,0.19469765
20220406_160117,0.317449859,1.373136997,0.000548642,-0.10255544,0.098720565,0.18959276,0.21752138
20220406_160118,0.318968313,1.305477381,8.72E-05,-0.1603199,0.09778116,0.21365568,0.19447787
20220406_160118,0.333397455,1.52694869,0.000499156,-0.1825739,0.07282594,0.22747965,0.1992655
20220406_160119,0.325275023,1.398269296,0.000194988,-0.16638076,0.06633475,0.22109556,0.19368884
20220406_160119,0.314927375,1.411876917,0.000147587,-0.1263569,0.07303024,0.19880569,0.2035478
20220406_160120,0.310926826,1.346782804,6.02E-05,-0.10580945,0.08084997,0.19511808,0.20207071
20220406_160120,0.312002552,1.54236412,0.000590378,-0.10898419,0.08584851,0.18970628,0.20875266
20220406_160121,0.319359553,1.42215395,0.000144629,-0.15873152,0.037793115,0.21380322,0.19700107
20220406_160121,0.335130977,1.360515833,0.000591059,-0.18377894,0.09143143,0.22433777,0.20468657
20220406_160122,0.314820877,1.394719243,0.000107052,-0.13441563,0.056660917,0.19795218,0.20454846
20220406_160123,0.333309827,1.382223248,0.00033694,-0.18776858,0.04180574,0.23323981,0.1920574
20220406_160123,0.361803802,1.417900085,0.000492312,-0.2385279,0.044179242,0.2660306,0.19619927
20220406_160124,0.312837587,1.631792068,0.00015213,-0.09109284,0.033445474,0.1953913,0.20164989
20220406_160124,0.319669628,1.289788246,0.000221669,-0.021659419,0.082602896,0.18891856,0.21761273
20220406_160125,0.324681798,1.564170957,9.99E-05,-0.077916294,0.065539435,0.18776682,0.22657305
20220406_160125,0.328471134,1.411016583,0.000190566,-0.12042325,0.07468642,0.20545793,0.2144434
20220406_160126,0.323077656,1.536645532,0.000684589,-0.1146868,0.078872,0.1979441,0.21277462
20220406_160126,0.327227779,1.471835971,0.00024075,-0.0779343,0.07063403,0.19692335,0.22068296
20220406_160127,0.31833187,1.55358994,0.000724517,-0.08582501,0.051212437,0.19264035,0.21320665
20220406_160127,0.327901097,1.424149275,0.000488905,-0.13257074,0.07518035,0.2092442,0.21119165
20220406_160128,0.323376529,1.48141551,0.000179256,-0.12603252,0.052359104,0.20349443,0.21011963
20220406_160128,0.336213453,1.5490731,0.000298998,-0.13724586,0.060456716,0.21469927,0.21516901
20220406_160129,0.335399014,1.526297688,0.000210147,-0.13563034,0.06297549,0.20806111,0.22068138
20220406_160129,0.317634015,1.488380432,0.000313142,-0.09726956,0.037063766,0.19603042,0.20685306
20220406_160129,0.320264305,1.574866176,0.000320284,-0.072986804,0.053880107,0.1944687,0.21359952
20220406_160130,0.32084961,1.510424018,0.00049597,-0.10566726,0.043782555,0.19859092,0.20985794
20220406_160130,0.326343045,1.392983794,0.000779754,-0.12570567,0.047396544,0.20726377,0.2082735
20220406_160131,0.309817686,1.514194489,0.000174392,-0.08966721,0.023175202,0.19669436,0.19840685
20220406_160131,0.320217719,1.499764323,0.000351431,-0.12554502,0.034273077,0.20591693,0.2044162
20220406_160132,0.308148661,1.634841084,0.000193757,-0.074229196,0.010277049,0.18884178,0.20228852
20220406_160132,0.339632213,1.566907167,0.000194727,-0.14134549,0.019204099,0.21809469,0.21540092
20220406_160132,0.328178001,1.50485003,0.000254634,-0.13195653,0.035237264,0.2071797,0.2100278
20220406_160133,0.331613808,1.480835199,0.000655773,-0.09587745,0.06520353,0.19844432,0.22244716
20220406_160133,0.331805577,1.309459686,0.000312767,-0.1007551,0.07052329,0.20045537,0.2216695
20220406_160134,0.136637221,0.623600304,0.000193292,-0.019533942,-0.024948442,0.08490513,0.08796143
20220406_160134,0.128607486,0.506584525,6.91E-05,-0.016907658,-0.019940112,0.07786039,0.08531052
20220406_160135,0.129911433,0.563872933,0.000160841,-0.002534906,-0.020166503,0.077284805,0.0888979
20220406_160136,0.123344866,0.49037239,0.000333212,0.007182895,0.017065104,0.073040254,0.08418983
20220406_160136,0.139796306,0.602685809,0.000304532,0.008492765,0.036212496,0.08170382,0.09592479
20220406_160137,0.130500831,0.499671549,2.59E-05,-0.03184232,-0.0211049,0.08211106,0.084405944
20220406_160137,0.13605461,0.535660386,0.000181272,0.013476743,0.043837387,0.07702418,0.09616013
20220406_160138,0.141483724,0.536365926,0.000141165,0.019737637,0.026661078,0.08881496,0.0918692
20220406_160139,0.129877106,0.599306345,0.000194205,-0.02992588,0.019156799,0.07852833,0.08686547
20220406_160139,0.141695622,0.554452419,0.000247755,-0.050123792,0.053413205,0.08715522,0.09394014
20220406_160140,0.129596173,0.596254408,0.000281029,-0.013591686,0.019515147,0.07606853,0.08941669
20220406_160140,0.142060375,0.563449502,0.000413954,-0.020779597,0.052586097,0.080382034,0.099546716
20220406_160140,0.133987573,0.466463298,0.000278857,-0.025468383,-0.006206394,0.082019396,0.08809094
20220406_160141,0.142839064,0.642123401,0.000164505,0.004217603,0.05705035,0.08098544,0.10125618
20220406_160141,0.145493151,0.591707706,0.000202826,-0.032024987,0.045185283,0.086386465,0.09861242
20220406_160142,0.140087608,0.517238617,0.000264206,0.006542281,0.028926434,0.08459486,0.09417335
20220406_160142,0.145415562,0.587089896,0.000280969,0.019572034,0.028660037,0.08888078,0.09661506
20220406_160142,0.1405517,0.618872404,0.000214933,-0.038362175,0.02358931,0.087236255,0.09198142
20220406_160143,0.152582908,0.495132148,0.000185039,0.000532496,0.07213317,0.08216048,0.11230299
20220406_160143,0.154192259,0.545831263,0.000131874,-0.043383278,0.06303695,0.092631705,0.10546311
20220406_160143,0.15067277,0.599721372,0.00036817,-0.065558776,0.005475777,0.100290984,0.09158287
20220406_160144,0.140265494,0.57859987,5.69E-05,-0.03310887,0.033663917,0.086697325,0.09196335
20220406_160144,0.153995902,0.576105654,0.000148297,-0.09461804,0.018491756,0.11438717,0.08140745
20220406_160145,0.145379606,0.611160338,0.000296207,-0.021538304,0.016670508,0.09057042,0.095247604
20220406_160145,0.14990473,0.480400294,6.57E-05,-0.02242337,0.048659846,0.08871268,0.103157505
20220406_160145,0.143761136,0.599181831,0.000345547,-0.002794503,0.003857779,0.09363623,0.09036186
20220406_160146,0.148994784,0.538571835,0.000465615,-0.026657311,0.03288005,0.08794269,0.102451876
20220406_160146,0.151199444,0.488471836,0.000204587,-0.041246783,0.035785716,0.09703939,0.09629365
20220406_160147,0.14409681,0.532203317,0.000166397,-0.042272426,0.04135157,0.08670613,0.0969586
20220406_160147,0.165426003,0.597520709,5.49E-05,-0.053664226,0.072357215,0.101448886,0.11033603
20220406_160147,0.161383163,0.618452191,0.000238683,-0.046097197,0.060172863,0.10152121,0.10585884
20220406_160148,0.162993842,0.61157769,0.000312305,-0.013260458,0.07727816,0.09423015,0.114245005
20220406_160148,0.173855617,0.595798492,0.000103848,-0.01210731,0.09037231,0.094870135,0.12552667
20220406_160149,0.187915471,0.684298873,0.000128589,-0.027924648,0.10522523,0.1068151,0.13494556
20220406_160149,0.18267149,0.733376861,0.000161057,-0.037377875,0.09997032,0.094479635,0.13478552
20220406_160149,0.181064426,0.580245733,0.000129491,-0.0370535,0.10074713,0.09504501,0.13510814
20220406_160150,0.185568288,0.625355124,0.000144524,-0.022999594,0.11397182,0.09722209,0.13968916
20220406_160150,0.189385582,0.680266976,0.000142817,-0.025348762,0.101061024,0.10383595,0.13715
20220406_160151,0.198990337,0.705103576,0.000251915,-0.012737035,0.12589748,0.103871055,0.15000646
20220406_160151,0.178002987,0.700637281,0.000271537,-0.034537107,0.09373691,0.10134148,0.12551902
20220406_160151,0.192785646,0.713131487,0.000281033,-0.08483271,0.08438613,0.11992689,0.12621489
20220406_160152,0.168560101,0.624455929,0.000237633,-0.014042642,0.06777118,0.10313464,0.11072123
20220406_160152,0.187155647,0.808008611,0.000306293,0.003912537,0.065834925,0.11661261,0.12398632
20220406_160152,0.183141719,0.622180104,0.000256598,-0.046796598,0.07431505,0.11573066,0.11740704
20220406_160153,0.192603063,0.638578415,0.000437093,-0.037065312,0.108856104,0.110052995,0.13525403
20220406_160153,0.193079107,0.617839694,0.000212005,-0.080127805,0.09073975,0.11986607,0.12772015
20220406_160154,0.225122397,0.767341018,0.000122448,-0.03819099,0.16840975,0.103978895,0.18041237
20220406_160154,0.210719238,0.739405394,0.00010134,-0.07241035,0.1336869,0.113800324,0.15463838
20220406_160154,0.197402138,0.712385356,0.000312932,-0.04073468,0.111412264,0.109518565,0.1416785
20220406_160155,0.190792095,0.771345139,0.00016337,-0.04119838,0.10784259,0.102597475,0.1395649
20220406_160155,0.194551678,0.70290637,0.000228803,-0.013370914,0.119254336,0.10066103,0.14668067
20220406_160156,0.222017832,0.881892502,0.00024434,0.030028967,0.14834245,0.114748776,0.16922854
20220406_160156,0.201412653,0.67900914,0.0001677,-0.053382438,0.1119769,0.11213164,0.14412875
20220406_160156,0.196057943,0.67355299,0.000470949,-0.03879965,0.09432808,0.1114799,0.13957697
20220406_160157,0.200969645,0.754010379,0.000193208,-0.03154089,0.12508032,0.10755822,0.14742906
20220406_160157,0.198953663,0.637636602,0.000239976,-0.058999684,0.1047325,0.11774635,0.13726002
20220406_160157,0.199936817,0.735390425,0.000189578,-0.06946269,0.10929865,0.120081924,0.1334585
20220406_160158,0.193661834,0.779514492,0.000227418,-0.06415122,0.09246354,0.11416006,0.1328291
20220406_160158,0.180171724,0.644556105,0.000447223,-0.04540363,0.05615867,0.11626201,0.11461912
20220406_160159,0.200693477,0.72802335,0.000195428,-0.028756835,0.0824241,0.115189776,0.1402227
20220406_160159,0.20938659,0.673528254,6.38E-05,0.010402082,0.12547055,0.10899899,0.15646797
20220406_160159,0.218139795,0.795872569,0.000129831,-0.009993207,0.13433215,0.11339154,0.1638941
20220406_160200,0.225131188,0.801935434,0.000396335,-0.03235253,0.14598763,0.11694222,0.16798042
20220406_160200,0.221994854,0.755078197,0.000127836,-0.051494163,0.12681724,0.120687746,0.16211645
20220406_160201,0.236918481,0.899577737,0.000218708,-0.019382227,0.1598205,0.12112895,0.18106571
20220406_160201,0.20007237,0.679275274,0.00018046,-0.038545765,0.09119824,0.11987276,0.13545348
20220406_160201,0.240814579,0.838357329,0.00037006,-0.07377807,0.1569398,0.13597369,0.17194344
20220406_160202,0.239143693,0.828829288,5.00E-05,-0.04197416,0.16106795,0.119864374,0.1841546
20220406_160202,0.233845352,0.838062048,0.000112415,-0.0625286,0.15892698,0.11981816,0.17682524
20220406_160203,0.218488597,0.764358342,0.000155501,-0.06582793,0.12795576,0.1219462,0.1569623
20220406_160203,0.227216923,0.72099334,0.000133592,-0.06572169,0.13993427,0.13105685,0.16042082
20220406_160204,0.220355565,0.832745016,0.000337405,-0.042486705,0.13048191,0.11780763,0.16221982
20220406_160204,0.232365314,0.815947711,0.000600077,-0.05248115,0.13868691,0.13162382,0.16518973
20220406_160204,0.232748211,0.831534505,0.000344341,-0.024992432,0.14799301,0.118276365,0.17515992
20220406_160205,0.232482723,0.902157843,0.000196981,-0.03358743,0.14904031,0.122609995,0.17215607
20220406_160205,0.224979611,0.774385393,0.000105187,-0.03474348,0.14735202,0.116387054,0.1693317
20220406_160205,0.227080515,0.840277731,0.000402533,-0.041655846,0.15425536,0.118150406,0.17251666
20220406_160206,0.245020153,0.821009099,0.000357883,-0.07969028,0.16784556,0.12921967,0.18303107
20220406_160206,0.247108507,0.836879134,0.000326395,-0.0762341,0.16252209,0.13271987,0.1840813
20220406_160207,0.244492369,0.820968807,0.000547899,-0.09388101,0.14854866,0.13671933,0.17593515
20220406_160207,0.226639095,0.89476645,6.10E-05,-0.052952163,0.13769515,0.12770851,0.16344844
20220406_160207,0.241158417,0.823915005,0.000344774,-0.05862447,0.15440929,0.12902573,0.17761086
20220406_160208,0.241746086,0.849038184,0.000395134,-0.060732126,0.16294518,0.1209576,0.18555205
20220406_160208,0.25356349,0.883936286,0.000168597,-0.030449487,0.19056807,0.11667133,0.20332609
20220406_160209,0.257617617,0.869110525,0.00033749,-0.07359413,0.17787796,0.1275963,0.19544627
20220406_160209,0.249889593,0.882550895,0.00101235,-0.053100035,0.16691673,0.12929115,0.188909
20220406_160210,0.2520224,0.947079122,0.00015769,-0.022325762,0.18028758,0.12269287,0.19711432
20220406_160210,0.25277249,0.844866812,0.000420469,-0.050905813,0.18029341,0.12328284,0.19737467
20220406_160210,0.254811506,0.781548381,0.000681199,-0.06741867,0.17554797,0.1317322,0.19165933
20220406_160211,0.261102569,0.966484666,0.000308991,-0.10844978,0.16419919,0.14853756,0.18400021
20220406_160211,0.237986094,0.943730295,5.42E-05,-0.095093705,0.1280983,0.14484678,0.15735042
20220406_160212,0.266302855,0.986190736,0.000696311,-0.046595514,0.18838826,0.13149224,0.20764107
20220406_160212,0.251564488,0.978044212,0.000365928,-0.036432978,0.16758119,0.1290285,0.18917505
20220406_160213,0.264017067,0.945432603,0.000413536,-0.08234075,0.18383557,0.13897553,0.1983013
20220406_160213,0.265887687,0.961324334,0.000559142,-0.100392304,0.1777363,0.14094454,0.19707936
20220406_160214,0.266673685,0.959536195,0.000323341,-0.10154682,0.18222427,0.14534628,0.19697012
20220406_160215,0.270365884,0.951001823,0.000422139,-0.09073628,0.18810196,0.13728143,0.20453691
20220406_160215,0.238753863,0.878356397,6.60E-05,-0.065167315,0.14889134,0.12951976,0.17556939
20220406_160216,0.264259354,0.854514122,0.000276359,-0.04511793,0.19547611,0.1263235,0.20876461
20220406_160216,0.277616705,1.005717635,0.000745079,-0.06925018,0.200762,0.1402366,0.21401232
20220406_160217,0.274775981,0.896319389,0.00021797,-0.057754964,0.19820379,0.13269259,0.21535675
20220406_160217,0.280605502,0.862798572,0.000321616,-0.0647427,0.2086062,0.13574402,0.21874626
20220406_160218,0.279676192,1.012217283,0.000645015,-0.028847063,0.2108296,0.13089249,0.22247994
20220406_160218,0.257907168,0.931460023,0.000147858,-0.026014704,0.17615998,0.12974355,0.19877297
20220406_160219,0.283090446,1.044714808,0.00027852,-0.05752073,0.21386816,0.13571522,0.22353427
20220406_160219,0.267421318,1.033066869,0.000418594,-0.04928482,0.20269185,0.12231009,0.21569604
20220406_160220,0.264108953,1.044712424,0.000156047,-0.023822114,0.19289176,0.12651893,0.20733972
20220406_160220,0.269464657,1.094815493,4.95E-05,-0.055697408,0.18603837,0.1387285,0.20254485
20220406_160221,0.270965321,0.952495217,0.000279323,-0.015415381,0.19696443,0.12880898,0.21375744
20220406_160221,0.270313547,0.943968773,0.000234312,-0.061656866,0.19215114,0.1359678,0.20806038
20220406_160222,0.259063653,0.849327743,0.000181378,-0.09086484,0.16109426,0.14647137,0.18285795
20220406_160222,0.27063069,0.972357273,0.000427585,-0.068314314,0.18600343,0.14311059,0.19984734
20220406_160223,0.264784807,0.862399936,0.000122919,-0.04199386,0.18493788,0.13181551,0.2021604
20220406_160223,0.268763168,1.191339374,0.000444457,-0.082821384,0.17857097,0.14301468,0.19847903
20220406_160223,0.267782843,0.97914809,0.000549961,-0.07560173,0.19460416,0.1327545,0.20555474
20220406_160224,0.283659199,1.027455449,0.000128281,-0.098374225,0.20506947,0.14643995,0.21585593
20220406_160224,0.274821157,0.982410729,0.000166622,-0.18939275,0.087710895,0.21041167,0.14113033
20220406_160225,0.276465655,0.949353933,0.000273128,-0.16665797,0.13794942,0.18942821,0.16536044
20220406_160225,0.298743951,1.073568106,0.000799128,-0.10594224,0.212006,0.15977064,0.22366032
20220406_160226,0.272559291,0.93799454,0.000286516,-0.06733722,0.192659,0.1373541,0.20749855
20220406_160226,0.304993129,1.057803154,0.000365267,-0.051588815,0.24170764,0.13815083,0.24938844
20220406_160227,0.306716891,1.066649318,0.000648331,-0.094514616,0.23621629,0.14527608,0.24384433
20220406_160227,0.305224531,1.110461593,0.000313515,-0.07040718,0.23750374,0.13967331,0.24653941
20220406_160227,0.306468706,1.107484341,0.000151803,-0.046441115,0.2373853,0.14098443,0.2457272
20220406_160228,0.310266083,1.107203364,9.70E-05,0.004307465,0.24122137,0.13704081,0.25231004
20220406_160228,0.316402292,1.122120023,0.000466514,-0.036015406,0.25152004,0.14134622,0.25740257
20220406_160229,0.326550837,1.152002096,0.000474342,0.019798439,0.26726517,0.13582928,0.273493
20220406_160229,0.3166217,1.145579219,0.000523771,-0.05141495,0.25163674,0.141606,0.25834453
20220406_160229,0.315290042,1.161772609,0.000374727,-0.09477064,0.23595655,0.15494949,0.2445587
20220406_160230,0.297706272,1.126681566,0.000548524,-0.062299926,0.2176966,0.14659356,0.23098692
20220406_160230,0.288515502,1.062272191,0.000289721,-0.079997934,0.2033913,0.15346791,0.21548928
20220406_160231,0.272329877,1.12725234,0.000345052,-0.08524308,0.1779965,0.15072133,0.19685125
20220406_160231,0.302358165,1.051465511,0.000421968,-0.12663196,0.19333678,0.17507808,0.21309997
20220406_160232,0.26499874,1.05554235,0.000481075,-0.08480745,0.15282126,0.14931466,0.18772289
20220406_160232,0.296659367,1.14805162,5.12E-05,-0.003830444,0.21229924,0.14697294,0.2290948
20220406_160233,0.305505133,1.07454288,0.000247078,-0.073272295,0.22636789,0.14811273,0.23764841
20220406_160233,0.30003978,1.100184917,0.000405672,-0.10179774,0.20101663,0.1653724,0.2168852
20220406_160233,0.289100913,1.109600663,0.000877257,-0.077890374,0.19854514,0.15120108,0.21586482
20220406_160234,0.318219355,1.033634543,0.000156399,-0.09390955,0.24278301,0.15259792,0.25219426
20220406_160234,0.327394723,1.225008249,0.000511151,-0.08837354,0.25336653,0.15252165,0.26262558
20220406_160235,0.310685747,1.106978536,0.000440572,-0.032049745,0.24086133,0.14017878,0.25125635
20220406_160235,0.321116282,1.211059809,0.000371557,-0.027059251,0.25083226,0.14233425,0.26072985
20220406_160236,0.34287986,1.286804676,0.00028577,-0.012563349,0.28222615,0.141436,0.28819448
20220406_160236,0.364588869,1.352114916,0.000345359,-0.018332932,0.30629227,0.14528246,0.31072888
20220406_160236,0.330610678,1.184647202,0.00031378,-0.06863864,0.24985066,0.15870705,0.26217607
20220406_160237,0.343687726,1.16580379,0.000218167,-0.04270326,0.27902138,0.14694704,0.28507125
20220406_160237,0.312929297,1.300197244,0.000323378,-0.07983056,0.22300875,0.1569093,0.23888214
20220406_160238,0.331555727,1.494215369,0.000609677,-0.05782491,0.24927151,0.15871444,0.26095018
20220406_160238,0.297846153,1.240033746,0.000295152,-0.06424462,0.2069149,0.15242144,0.22480206
20220406_160239,0.304075682,1.155119419,0.00037841,-0.0700478,0.21483606,0.1536376,0.2328699
20220406_160239,0.278434786,1.189537406,5.64E-05,-0.045938477,0.1801998,0.14239055,0.21060377
20220406_160239,0.324922118,1.227957964,0.00043945,-0.023672532,0.25352097,0.1444854,0.26469705
20220406_160240,0.299032591,1.173371673,0.000364808,-0.08122486,0.19140925,0.16473979,0.21646246
20220406_160240,0.344552721,1.38597548,9.72E-05,-0.08956406,0.26089522,0.16190054,0.27293232
20220406_160241,0.317755204,1.177599192,0.000311735,-0.085209236,0.22360891,0.16371982,0.24090514
20220406_160241,0.330767099,1.294265985,0.000615187,-0.12557465,0.23736517,0.17469358,0.24676494
20220406_160241,0.348204852,1.287557125,0.000278836,-0.087941915,0.2757663,0.15826848,0.28166792
20220406_160242,0.335677012,1.428034663,0.000327453,-0.12630811,0.2478893,0.1742359,0.25721535
20220406_160242,0.321269152,1.27155304,0.000215172,-0.09344901,0.23150979,0.16444035,0.24318235
20220406_160243,0.360943688,1.34646821,0.00045389,-0.064677276,0.2935448,0.15569879,0.2998836
20220406_160243,0.34465576,1.335878968,0.000931474,-0.0568902,0.28115287,0.14620724,0.2862392
20220406_160244,0.332878188,1.197203517,0.000426378,-0.07667162,0.24868785,0.16114444,0.26066726
20220406_160244,0.348797131,1.264961362,0.000587521,-0.049101587,0.27095127,0.16461417,0.27890733
20220406_160245,0.345830016,1.25990665,0.000673338,-0.02132239,0.26813105,0.15455493,0.28278154
20220406_160245,0.315366395,1.292924523,0.000381153,-0.0621707,0.21857458,0.1637004,0.23790318
20220406_160245,0.313009398,1.250981092,0.000546551,-0.07046995,0.2127526,0.16797744,0.23120192
20220406_160246,0.305717763,1.32811141,0.000755341,-0.1050133,0.19158645,0.17552038,0.21460907
20220406_160246,0.333087063,1.383752346,0.000180214,-0.12406496,0.22426225,0.18153892,0.24491201
20220406_160247,0.330436515,1.134755373,0.000279637,-0.045067627,0.23798361,0.16670857,0.25306964
20220406_160247,0.325727034,1.138743043,0.000305004,-0.09157166,0.22574139,0.17387164,0.24298896
20220406_160247,0.334723891,1.302395463,0.000602866,-0.11735025,0.23295316,0.1764138,0.25036916
20220406_160248,0.314900267,1.244495273,0.000354812,-0.11866853,0.20036799,0.18352795,0.22046483
20220406_160248,0.330722544,1.28567183,0.000348117,-0.09303425,0.23697731,0.1736404,0.24978201
20220406_160249,0.304366497,1.294543386,0.000397922,-0.05737289,0.19510022,0.17228402,0.21679035
20220406_160249,0.316505238,1.509868145,0.000595603,0.046191983,0.19619542,0.1806769,0.22485289
20220406_160249,0.366224914,1.602781534,0.000280052,0.12953849,0.24476105,0.21041967,0.26504937
20220406_160250,0.379703285,1.358005643,0.000252904,0.11686436,0.2835875,0.19473548,0.2942528
20220406_160250,0.334315955,1.320060849,0.000227305,-0.04876454,0.2396042,0.17248714,0.25497487
20220406_160251,0.346195534,1.281971335,0.0005294,-0.020481974,0.25585538,0.17463909,0.26814598
20220406_160251,0.315032644,1.248925805,0.001081433,-0.04487272,0.21685053,0.16961676,0.23478514
20220406_160251,0.331864507,1.095734119,0.000187416,-0.059741773,0.24169,0.16854079,0.2545451
20220406_160252,0.332006722,1.248954058,6.91E-05,-0.07179218,0.23360457,0.17187653,0.25009787
20220406_160252,0.331575301,1.297083497,0.000468498,-0.08872971,0.23554873,0.17557587,0.25066572
20220406_160253,0.335560019,1.21112299,0.000112927,-0.085564524,0.23731273,0.1775148,0.25366345
20220406_160253,0.326021987,1.212727904,0.000559136,-0.06734009,0.23176636,0.1659844,0.24868524
20220406_160254,0.334196598,1.314230084,8.07E-05,-0.091090046,0.237135,0.17397031,0.25535005
20220406_160254,0.328317072,1.263033628,0.000966399,-0.034172703,0.24097206,0.16041282,0.25928733
20220406_160254,0.33706387,1.309260607,0.000415736,-0.0968916,0.24409662,0.16902979,0.25735247
20220406_160255,0.326190041,1.198870063,0.000201011,-0.11113096,0.21467486,0.18111452,0.2359776
20220406_160255,0.327194786,1.225892663,0.000106697,-0.109790616,0.21936251,0.18392108,0.23828036
20220406_160256,0.33756384,1.287974834,0.000102553,-0.093707494,0.24132216,0.1748682,0.25565076
20220406_160256,0.348181941,1.313237548,0.000563128,-0.120931484,0.2498619,0.18611266,0.2607681
20220406_160257,0.332299138,1.268609762,0.000729435,-0.11650833,0.22742371,0.18440299,0.24111757
20220406_160257,0.329250631,1.226796269,0.000234864,-0.13439453,0.2123898,0.19206224,0.23095492
20220406_160257,0.331232909,1.236255884,0.000365869,-0.10104949,0.22479054,0.18285523,0.24177255
20220406_160258,0.318212892,1.337004423,0.000275147,-0.07963026,0.21862102,0.16734609,0.23947382
20220406_160258,0.321122696,1.217787981,0.000143578,-0.07977433,0.21912107,0.17430702,0.23652951
20220406_160259,0.317486254,1.201909542,6.36E-05,-0.04655023,0.21660161,0.1664744,0.23938923
20220406_160259,0.343920648,1.168943405,0.000747135,-0.033011872,0.26108247,0.1662804,0.27267942
20220406_160259,0.340899628,1.29897058,0.000280318,-0.05782179,0.25009084,0.17172249,0.2623494
20220406_160300,0.338443311,1.246791363,0.000901331,-0.08202658,0.24078871,0.17398822,0.25626284
20220406_160300,0.347644206,1.382222176,0.000101977,-0.09429206,0.25582865,0.17648816,0.26932898
20220406_160301,0.316658402,1.317797303,0.000374329,-0.07143422,0.2136905,0.16855545,0.23486648
20220406_160301,0.308760665,1.201682091,0.000198055,-0.06998607,0.1996818,0.16963029,0.22404867
20220406_160302,0.33376793,1.068426251,0.001122141,-0.07610739,0.22913487,0.17665377,0.24850766
20220406_160302,0.321603455,1.211646318,0.000195725,-0.045056906,0.22804302,0.16560511,0.24360928
20220406_160302,0.321644118,1.229474664,0.000308925,-0.045483835,0.22383508,0.1671372,0.24134196
20220406_160303,0.315875577,1.294245124,0.000131098,-0.0586042,0.2175802,0.16468775,0.23665169
20220406_160303,0.320491636,1.286687613,0.000197347,-0.036217455,0.22501071,0.16495785,0.24501443
20220406_160304,0.334274271,1.218588233,0.001276942,-0.052326422,0.24197045,0.168736,0.25809315
20220406_160304,0.325344863,1.211129904,0.000857075,-0.07484553,0.22455198,0.1757599,0.24038742
20220406_160304,0.337623297,1.246010303,0.000660811,-0.10469938,0.22474818,0.18310355,0.24564815
20220406_160305,0.336301422,1.188456416,0.000318465,-0.045171484,0.24205187,0.16833812,0.25743565
20220406_160305,0.343818188,1.268353581,0.000542762,-0.061597753,0.2425527,0.17784807,0.2612623
20220406_160306,0.310745888,1.259973288,0.000220732,-0.06060529,0.21347927,0.1648237,0.23333617
20220406_160306,0.330506829,1.136497974,0.000335805,-0.0785322,0.23668286,0.17017038,0.2502493
20220406_160307,0.345052178,1.287461519,0.001297206,-0.089339636,0.2488883,0.17750621,0.26328316
20220406_160307,0.380761609,1.306281686,0.000213887,-0.023323856,0.29891655,0.17041777,0.31081325
20220406_160307,0.355992225,1.252400994,0.000248931,-0.026150445,0.27057,0.17039345,0.28220487
20220406_160308,0.360670493,1.391492367,0.000638311,-0.05546898,0.27111405,0.17559884,0.28209934
20220406_160308,0.346202599,1.222042441,0.000179582,-0.048996884,0.25084823,0.17244008,0.26879004
20220406_160309,0.349628641,1.212096334,0.000219985,-0.07587389,0.25439548,0.17126514,0.27282077
20220406_160309,0.356148269,1.28208828,0.00066619,-0.022516018,0.2725848,0.1654379,0.28540146
20220406_160310,0.363778042,1.189545631,0.000149443,-0.066300265,0.2746404,0.17436847,0.28597662
20220406_160310,0.347774318,1.338431001,0.000392886,-0.011021388,0.2586615,0.16340627,0.27647
20220406_160310,0.369852896,1.271862745,0.00013497,-0.043294407,0.28708673,0.17187737,0.29913276
20220406_160311,0.352036985,1.289049864,0.001201053,-0.056729693,0.26236424,0.1711241,0.27637303
20220406_160311,0.343958789,1.249501109,0.000275163,-0.023386814,0.25475952,0.1645662,0.27119794
20220406_160312,0.35085741,1.273302078,0.000569376,-0.055940527,0.26572695,0.15913026,0.2820273
20220406_160312,0.353576877,1.486941218,0.000422499,-0.06574176,0.2683371,0.16286603,0.28354412
20220406_160312,0.369674265,1.339591265,0.000411748,-0.086722456,0.28414533,0.172469,0.29510885
20220406_160313,0.38278076,1.452548146,0.000564878,-0.07932994,0.29963332,0.1724839,0.31098813
20220406_160313,0.371790072,1.398775578,2.57E-05,0.006064239,0.28641683,0.16918531,0.2999936
20220406_160314,0.355549048,1.299999356,0.001103165,-0.010160954,0.2637742,0.16885445,0.28199846
20220406_160314,0.377166144,1.478470206,0.000321586,-0.049286213,0.29975,0.1659702,0.30893445
20220406_160315,0.356475293,1.349687338,0.000269168,-0.020171067,0.26632634,0.1746397,0.2781903
20220406_160315,0.368581638,1.244123459,0.00113841,0.009433261,0.28312027,0.17139177,0.2965151
20220406_160316,0.307922345,1.176462889,0.000655755,-0.018637143,0.18980123,0.16740748,0.22455537
20220406_160316,0.382287135,1.481027126,0.000524078,-0.066957444,0.29590854,0.17402455,0.30981362
20220406_160316,0.383914171,1.549777508,1.82E-05,-0.100233,0.2950805,0.18381612,0.30566716
20220406_160317,0.342142778,1.141322255,0.000378069,-0.10967264,0.22953962,0.19032186,0.24899721
20220406_160317,0.356868338,1.518315077,0.000191774,-0.11460411,0.25470456,0.18557878,0.2696045
20220406_160318,0.347176584,1.362099886,5.29E-05,-0.108558774,0.23591037,0.18739016,0.255539
20220406_160318,0.358579025,1.25692153,0.000467988,-0.0613897,0.26238278,0.17484277,0.2798471
20220406_160319,0.375902167,1.249745131,0.000396509,-0.119793504,0.27557427,0.19174935,0.28854194
20220406_160319,0.384722207,1.376118183,0.0003639,-0.066674076,0.30287203,0.17433424,0.31355447
20220406_160319,0.369747591,1.336296797,0.000880321,-0.0708781,0.28366455,0.17196707,0.29637763
20220406_160320,0.347925129,1.177573085,0.000223653,-0.06926977,0.24050717,0.1802471,0.25975844
20220406_160320,0.338132508,1.274579763,0.000307936,-0.013554791,0.23938553,0.17364146,0.258045
20220406_160321,0.344669664,1.094566822,0.000119713,-0.060724493,0.24850604,0.17375898,0.26604363
20220406_160321,0.357043215,1.30027771,0.000695043,-0.07855838,0.2628035,0.17435384,0.27751666
20220406_160322,0.343293195,1.307263494,0.000265575,-0.060171895,0.23574087,0.17796858,0.2590192
20220406_160322,0.394880321,1.354629993,0.00038474,-0.04821418,0.3178112,0.17205122,0.32615942
20220406_160322,0.370923867,1.25748992,0.000288409,-0.042117,0.28039727,0.17396744,0.2958447
20220406_160323,0.373218545,1.131853461,0.001034469,-0.06361261,0.28606784,0.16633104,0.3018253
20220406_160323,0.368088334,1.359009862,0.000636879,-0.069714464,0.27632058,0.17552091,0.29232883
20220406_160324,0.363803263,1.30553627,0.000239003,-0.07302345,0.26493397,0.18241408,0.28147796
20220406_160324,0.356907584,1.191700935,0.000218522,-0.08668313,0.24413352,0.19040678,0.26649573
20220406_160324,0.361506828,1.235302567,0.000187503,-0.06906064,0.26173857,0.18581206,0.27622455
20220406_160325,0.39360912,1.295278311,0.000667258,-0.024747299,0.30656323,0.17735714,0.3214698
20220406_160325,0.355747881,1.193171501,0.000226777,-0.015260206,0.2620567,0.1741804,0.27903756
20220406_160326,0.36660651,1.267959237,0.000259726,-0.014985068,0.2740495,0.17678963,0.2896099
20220406_160326,0.368616308,1.288843393,0.000214238,-0.010703057,0.2759588,0.17775175,0.29013142
20220406_160326,0.377199775,1.277456284,0.000128979,-9.02E-05,0.2880562,0.1754832,0.30196598
20220406_160327,0.380874095,1.300005317,0.000484843,0.048972808,0.2867982,0.18301556,0.30295923
20220406_160327,0.367437344,1.260973811,0.000146968,-0.01731556,0.2777942,0.17572404,0.29082325
20220406_160328,0.378443416,1.271891713,0.000100565,-0.0433305,0.28737667,0.17706636,0.3033639
20220406_160328,0.370706587,1.284310222,0.000939443,-0.024058605,0.28416047,0.17243414,0.29912922
20220406_160328,0.377708629,1.323085904,0.000131474,0.03474501,0.28212202,0.17898537,0.29988518
20220406_160329,0.379545128,1.251412868,0.000799108,0.01994092,0.28835547,0.17621112,0.30336362
20220406_160329,0.393077274,1.29900682,0.000603977,0.008892391,0.3059883,0.17933652,0.3181108
20220406_160330,0.38875032,1.302101016,0.001137055,-0.001274412,0.2951833,0.18544915,0.30797446
20220406_160330,0.39130706,1.396651864,0.000872291,0.053796727,0.30293477,0.18187645,0.31734905
20220406_160331,0.391038572,1.292341352,0.000182183,0.017206078,0.29429036,0.18962064,0.30931827
20220406_160331,0.399339305,1.3230443,0.000377137,-0.024665598,0.3138146,0.18107861,0.32568708
20220406_160331,0.353017461,1.273761988,0.0001999,-0.019577406,0.2475234,0.17744908,0.27168372
20220406_160332,0.347904111,1.258984685,0.000673425,-0.031057503,0.2451319,0.17454864,0.2667293
20220406_160332,0.383915865,1.311914563,0.000107513,-0.017529653,0.29908457,0.17750631,0.31115344
20220406_160333,0.4185387,1.35742712,0.000362513,-0.002396732,0.34434676,0.17592002,0.35437676
20220406_160333,0.43255891,1.483487368,0.00062627,-0.012350973,0.36452276,0.17279676,0.3722971
20220406_160334,0.416452103,1.410843492,0.000329369,-0.04673936,0.34233004,0.1722284,0.35128415
20220406_160334,0.410080949,1.420492053,0.000343808,-0.07236624,0.32445338,0.18549012,0.3352732
20220406_160334,0.423285595,1.477651119,0.00025059,-0.034482397,0.35053092,0.1701461,0.36042932
20220406_160335,0.384872851,1.365441322,0.000187992,0.019550595,0.29638997,0.18031584,0.31117696
20220406_160335,0.376301787,1.259015322,0.000310534,-0.018450702,0.28954694,0.175803,0.30226493
20220406_160336,0.365522491,1.274483085,0.000254458,-0.023334853,0.27352569,0.17461906,0.29080623
20220406_160336,0.377810716,1.385004997,0.000727073,-0.008149279,0.28818426,0.17124566,0.3043729
20220406_160336,0.378236203,1.172943354,0.000314346,-0.014756058,0.29589063,0.169664,0.30820218
20220406_160337,0.380879293,1.260282874,0.000564669,-0.034859445,0.28927344,0.1798938,0.30296323
20220406_160337,0.373281668,1.273305893,0.000659106,-0.018586433,0.2877712,0.17417099,0.30054313
20220406_160338,0.392657415,1.342974305,4.00E-05,0.020384345,0.31014746,0.1728917,0.3229494
20220406_160338,0.387071352,1.387964964,0.00105967,-0.00044476,0.29673716,0.18027826,0.31104374
20220406_160338,0.393623573,1.36660552,0.000445117,-0.001734696,0.3103712,0.17264749,0.3234142
20220406_160339,0.338692458,1.297676921,0.000191249,0.003893231,0.2372746,0.16680817,0.26303038
20220406_160339,0.351020268,1.356144309,0.000300365,-0.019218815,0.24977078,0.17440936,0.27353466
20220406_160340,0.406117634,1.428518772,0.000259171,0.028217701,0.33138567,0.17450961,0.34029287
20220406_160340,0.403423934,1.361394286,0.000470153,0.013774758,0.3237613,0.17449316,0.3356573
20220406_160341,0.409256703,1.395170808,0.000317735,0.012711433,0.33008552,0.1749367,0.34113902
20220406_160341,0.418064013,1.472914934,0.000245502,0.030946316,0.3343606,0.1786406,0.3481643
20220406_160342,0.427038294,1.500355482,0.000224098,0.024905376,0.34911522,0.17875904,0.3605201
20220406_160342,0.423563162,1.384459257,0.000857639,0.01745024,0.34602615,0.17649966,0.35760406
20220406_160343,0.428738552,1.341085672,0.000668563,-0.023558123,0.3533823,0.17641664,0.36232007
20220406_160343,0.392518099,1.365345597,0.000722447,-0.008825311,0.30673808,0.17527491,0.32172877
20220406_160344,0.363227839,1.328984618,0.000201037,-0.055082414,0.25698915,0.18229403,0.28056696
20220406_160344,0.373827617,1.34886384,0.000243238,-0.1165188,0.25853696,0.2014066,0.27618682
20220406_160345,0.401088727,1.42640686,0.000498213,-0.06772999,0.30095378,0.19547236,0.31621164
20220406_160345,0.412496347,1.401915789,0.00095342,-0.023229342,0.33141577,0.18027627,0.3432361
20220406_160345,0.401755626,1.376068115,0.000344989,0.009435932,0.31130514,0.18542507,0.32444742
20220406_160346,0.370973614,1.283834815,0.000297702,-0.01495427,0.2745264,0.18121716,0.29311013
20220406_160346,0.367503069,1.282959819,0.000469131,-0.008973478,0.26201,0.17840496,0.28858453
20220406_160347,0.396353006,1.407306671,0.00049843,-0.01669554,0.31444842,0.17356059,0.3280641
20220406_160347,0.365177354,1.257344127,0.000162966,-0.015734721,0.26585323,0.17290907,0.28825355
20220406_160347,0.394050295,1.349705458,0.000665117,0.005700465,0.30172932,0.18343277,0.31764
20220406_160348,0.380179483,1.399427056,0.000470773,0.024864959,0.28827557,0.17712942,0.30649653
20220406_160348,0.399909362,1.507107258,0.00051451,0.02375211,0.3156276,0.18023296,0.3266501
20220406_160349,0.383582231,1.670420408,0.000517801,0.028348193,0.29141778,0.18048136,0.30938876
20220406_160349,0.357759237,1.510674715,0.000205692,0.028126275,0.25262848,0.17731823,0.27701396
20220406_160349,0.35962886,1.439597249,0.0006118,0.033074085,0.25340074,0.17776637,0.2796404
20220406_160350,0.351739512,1.41289866,0.000304471,0.05122303,0.23261665,0.18712674,0.26325598
20220406_160350,0.403647601,1.370332956,0.000431836,-0.013011286,0.3144474,0.18562783,0.3295849
20220406_160351,0.371596788,1.43388319,0.000531573,-0.026869036,0.2637928,0.18157211,0.29276153
20220406_160351,0.363736557,1.559686542,0.000672313,0.013284125,0.26128766,0.18127143,0.28286257
20220406_160352,0.341754226,1.509586096,0.000390539,0.029121231,0.2226082,0.1802766,0.25592917
20220406_160352,0.386185121,1.447563291,0.000272509,0.007446772,0.29116425,0.1809171,0.30854777
20220406_160352,0.343350784,1.254843235,2.41E-05,-0.02307166,0.23395224,0.17789833,0.26137114
20220406_160353,0.349791066,1.242976665,0.00012564,-0.060748957,0.24081402,0.17826211,0.2668143
20220406_160353,0.364147129,1.230217099,0.000375554,-0.04135244,0.2620173,0.17978323,0.28447136
20220406_160354,0.370847978,1.425814271,0.000262515,0.00643398,0.27399594,0.17916657,0.29289383
20220406_160354,0.386799054,1.468321443,8.65E-05,-0.026452208,0.2905637,0.18192932,0.30954003
20220406_160354,0.372982459,1.403208375,0.000309091,-0.070659816,0.2675066,0.19138938,0.28525528
20220406_160355,0.396723149,1.420784712,0.000156939,-0.029052507,0.31284213,0.17793798,0.32595244
20220406_160355,0.369580916,1.501494765,0.000166899,-0.035452083,0.27139562,0.17614637,0.29243293
20220406_160356,0.390278117,1.398419619,0.000189907,-0.05597848,0.29518247,0.18625133,0.31081927
20220406_160356,0.39178418,1.354293108,0.000196186,-0.016661827,0.29726124,0.18100667,0.31670913
20220406_160357,0.398917713,1.448454738,0.000336462,-0.056708124,0.3070671,0.18193962,0.32344
20220406_160357,0.389554633,1.614727855,0.000141043,0.025190702,0.2975791,0.17772599,0.31629506
20220406_160357,0.397759815,1.480390191,0.000683088,-0.025775885,0.30780938,0.18298315,0.32149723
20220406_160358,0.393862299,1.380651951,0.000335029,-0.031053558,0.30072364,0.18665451,0.3149118
20220406_160358,0.392332601,1.461840987,0.001182731,-0.045030326,0.30349225,0.18166329,0.3180759
20220406_160359,0.3760852,1.326814413,0.000398951,-0.034215726,0.27612266,0.17764242,0.29808545
20220406_160359,0.399434122,1.553732038,0.00028379,-0.039640192,0.30296034,0.19070967,0.31905243
20220406_160359,0.389052605,1.476579428,0.000402223,-0.003857405,0.29536372,0.17836104,0.3158064
20220406_160400,0.368450963,1.540865302,0.000127168,0.03219756,0.27150455,0.17853095,0.29017195
20220406_160400,0.367267748,1.455045819,0.000339951,0.005348121,0.26219946,0.1797541,0.28839716
20220406_160401,0.381987507,1.391958714,0.000541135,0.003142665,0.29078054,0.17754002,0.30742645
20220406_160401,0.378855381,1.565954566,0.000411125,0.01859703,0.28038776,0.17574278,0.30431807
20220406_160402,0.359187118,1.406936169,0.000471738,0.010399636,0.24830465,0.18440163,0.27485588
20220406_160402,0.367299292,1.589975476,0.000255725,0.029358702,0.2526278,0.18328649,0.2834912
20220406_160402,0.367624148,1.51690352,0.000152172,-0.031204913,0.26309457,0.17966767,0.28759617
20220406_160403,0.344668849,1.45401597,0.00023999,-0.06426297,0.21576376,0.18964812,0.25166133
20220406_160403,0.343707091,1.322267413,9.77E-05,-0.09403253,0.20740484,0.19618163,0.24392945
20220406_160404,0.353281408,1.450390697,0.000157292,-0.071793556,0.23371036,0.18785688,0.26361728
20220406_160404,0.354759412,1.33014977,0.000292671,-0.025987377,0.24427916,0.17892495,0.2727268
20220406_160404,0.362249061,1.544459462,0.00039872,0.012617156,0.25451726,0.17643358,0.28416833
20220406_160405,0.383419909,1.566140652,0.000512589,0.019789046,0.2811754,0.1846455,0.30318588
20220406_160405,0.389329352,1.58795464,8.08E-05,0.069108926,0.29171857,0.18596591,0.31041458
20220406_160406,0.388322206,1.573812127,0.000304112,0.047266517,0.28956822,0.179693,0.31199935
20220406_160406,0.377424858,1.605834603,0.000510873,0.06219236,0.2738356,0.1846184,0.29456708
20220406_160406,0.35822574,1.759465694,6.49E-05,0.042169362,0.23948093,0.18838163,0.26910156
20220406_160407,0.41756044,1.648871183,0.000318016,0.051007293,0.32950062,0.1829068,0.34612137
20220406_160407,0.391530781,1.745348454,0.000573361,0.07689758,0.2891227,0.18728067,0.312496
20220406_160408,0.404977309,1.632827282,0.000533166,0.001925142,0.31556922,0.18249267,0.3318489
20220406_160408,0.370391678,1.445898414,0.000194331,-0.012171608,0.27198213,0.17832989,0.2937926
20220406_160408,0.392353545,1.431421876,0.000415666,-0.038185887,0.29748553,0.18355748,0.3155106
20220406_160409,0.386161036,1.487687707,0.000252891,-0.013520593,0.29285717,0.17587551,0.31326684
20220406_160409,0.398030665,1.557932019,0.000240446,0.019897424,0.30026498,0.18222304,0.32115132
20220406_160410,0.383588431,1.575361609,0.000491878,-0.017918501,0.29000828,0.17347714,0.31065917
20220406_160410,0.360849679,1.364223242,0.000749762,-0.048600685,0.25421542,0.17967634,0.27907765
20220406_160410,0.361825041,1.417269707,0.00018026,-0.046739824,0.24306811,0.1874188,0.27284074
20220406_160411,0.387117702,1.581337214,0.00051221,-0.028216012,0.29387602,0.17746817,0.31280538
20220406_160411,0.387459999,1.563376307,0.00033138,-0.029705787,0.29354987,0.17649578,0.31442985
20220406_160412,0.394007651,1.490832925,0.00034447,-0.009678468,0.2999457,0.18200023,0.31793976
20220406_160412,0.384573719,1.559956908,0.000288575,-0.008526199,0.28659222,0.1785788,0.308716
20220406_160413,0.381280084,1.415885329,0.00030266,-0.01128268,0.295867,0.1677732,0.31357673
20220406_160413,0.418334601,1.424511909,0.000229981,-0.08173745,0.32653317,0.19286846,0.3390683
20220406_160413,0.393564475,1.488304257,0.000220616,-0.031801935,0.2964252,0.18384176,0.31697664
20220406_160414,0.383292775,1.376649976,0.000138544,-0.03752887,0.2811152,0.18199445,0.30396754
20220406_160414,0.398838183,1.499711633,0.000258369,0.016001469,0.31741503,0.17050874,0.33279046
20220406_160415,0.427540417,1.590454817,0.000588928,-0.021786204,0.3521663,0.17203009,0.36489847
20220406_160415,0.405863168,1.499358296,0.000274948,0.008675048,0.31531107,0.17947663,0.33433107
20220406_160416,0.401145542,1.535956502,0.000137072,0.064805,0.30963156,0.18105246,0.32827193
20220406_160416,0.400751738,1.638397455,1.99E-05,0.03761693,0.30512205,0.17893459,0.3265121
20220406_160416,0.391137438,1.522060752,0.00019468,-0.012456111,0.28561038,0.18984766,0.30716443
20220406_160417,0.386380119,1.526272655,0.000396657,0.000861595,0.29102337,0.17395322,0.31441757
20220406_160417,0.395918924,1.733991265,0.00038906,0.044704624,0.2955709,0.18623407,0.31618643
20220406_160418,0.395985023,1.642190695,0.00042927,0.017038198,0.30098724,0.18342479,0.32003614
20220406_160418,0.361798547,1.654205084,0.00060915,-0.007427862,0.25998628,0.17730781,0.28376502
20220406_160419,0.375684753,1.479469776,0.000471105,-0.053206652,0.2841709,0.17814392,0.30011335
20220406_160419,0.396539905,1.532404542,0.000381219,-0.04227427,0.29907042,0.18590192,0.3190989
20220406_160419,0.409556983,1.573798299,0.000386914,-0.042589653,0.32396093,0.17984831,0.33916676
20220406_160420,0.383076352,1.468327403,0.00026384,-0.027320886,0.2893839,0.17961958,0.30795905
20220406_160420,0.38744921,1.69054544,0.000109458,0.020747883,0.28077382,0.184657,0.3062848
20220406_160421,0.411772921,1.641500592,0.000439744,0.005940147,0.3247269,0.1769882,0.34283507
20220406_160421,0.403434819,1.649194241,0.000181464,0.046407335,0.31325865,0.17888312,0.33062637
20220406_160422,0.405963996,1.647798777,0.000236132,0.05985351,0.31341746,0.18462576,0.33233523
20220406_160422,0.40920968,1.654374719,0.000287064,0.01854654,0.3153072,0.18349098,0.33441228
20220406_160423,0.389583105,1.404507756,0.000783232,-0.038923815,0.28432134,0.18370157,0.31070292
20220406_160423,0.432035873,1.820209384,0.000567729,0.01392702,0.35769233,0.17497337,0.36754325
20220406_160423,0.374847692,1.405053377,7.08E-05,0.020640621,0.26399547,0.18719532,0.2907173
20220406_160424,0.405103211,1.604838967,0.000587809,0.045854695,0.3130861,0.18307362,0.33055368
20220406_160424,0.373008929,1.649647951,0.000182084,0.058088817,0.26373458,0.18157114,0.29277724
20220406_160425,0.381378014,1.556616306,0.000449223,0.06303303,0.27139717,0.18988472,0.29392883
20220406_160425,0.410320323,1.558088779,0.000390197,0.019998722,0.3204222,0.18180765,0.33501703
20220406_160425,0.378370746,1.495452642,0.000434877,0.020565405,0.280387,0.18218546,0.3010354
20220406_160426,0.370974863,1.42663765,0.000369181,-0.048060108,0.26721016,0.17795978,0.2916126
20220406_160426,0.356023472,1.338390231,3.53E-05,-0.07258927,0.2340257,0.18895084,0.26615894
20220406_160427,0.335804837,1.231136322,0.000189799,-0.111195065,0.1854082,0.19665132,0.23431891
20220406_160427,0.341456384,1.463399053,8.86E-05,-0.046538293,0.21159521,0.18866812,0.24851353
20220406_160427,0.393971089,1.522001743,0.000340372,-0.004826549,0.30560926,0.17476448,0.32337594
20220406_160428,0.400162821,1.427127123,0.000662249,-0.030127576,0.3133988,0.17710933,0.32956102
20220406_160428,0.410874639,1.742554069,0.000713836,0.035068616,0.3185837,0.18272139,0.33491564
20220406_160429,0.405688631,1.622140288,0.000290715,0.052425783,0.30826268,0.18766205,0.3260071
20220406_160429,0.368755788,1.411253095,0.000216161,0.002805452,0.26097867,0.18084235,0.2877317
20220406_160429,0.379700532,1.505580425,0.000466195,-0.04530345,0.28237477,0.17652014,0.30395618
20220406_160430,0.414908488,1.614047289,0.00016092,0.0240772,0.32183442,0.18864931,0.3385085
20220406_160430,0.375621339,1.481344581,0.000244075,0.021691173,0.27274835,0.18050636,0.2960435
20220406_160431,0.392899326,1.37794733,0.000645822,-0.015406411,0.30572477,0.1752405,0.32177988
20220406_160431,0.426053619,1.516925693,0.000716413,0.018270506,0.34186375,0.18427052,0.35416353
20220406_160431,0.375238897,1.46524322,0.000179077,-0.01358877,0.27469972,0.17959967,0.2980461
20220406_160432,0.377772079,1.486911535,6.50E-05,-0.011822012,0.28018495,0.17820555,0.30224338
20220406_160432,0.373688857,1.62503016,0.000159615,0.049454,0.27241027,0.18382494,0.29425526
20220406_160433,0.395667357,1.506924987,0.00022295,0.030311454,0.30617765,0.17584132,0.32360613
20220406_160433,0.383211268,1.593024731,0.000120742,0.103629194,0.26196453,0.19568448,0.2911413
20220406_160434,0.428771849,1.684689522,0.000537523,0.050058212,0.33706245,0.1907452,0.3516591
20220406_160434,0.400911128,1.573668838,0.000381088,0.034011416,0.30162185,0.183824,0.3241672
20220406_160434,0.424409562,1.576058865,0.000207852,0.037950706,0.34092185,0.18452123,0.35253018
20220406_160435,0.368030022,1.581295252,0.000332918,0.028053178,0.25635254,0.18452986,0.2839441
20220406_160435,0.392061162,1.571985245,0.000165449,0.03124608,0.30574486,0.17137289,0.3229037
20220406_160436,0.395268775,1.547359824,0.000649347,0.025325982,0.29831058,0.1853202,0.31722906
20220406_160436,0.352432,1.456292152,0.000298648,-0.03452143,0.23002736,0.18216623,0.26575664
20220406_160436,0.436024133,1.666714787,0.00054879,0.024423204,0.3562808,0.17989673,0.36674476
20220406_160437,0.424683846,1.606131315,0.000579958,0.036147483,0.34124997,0.17988306,0.35506725
20220406_160437,0.423186034,1.653606653,0.00052503,0.0646555,0.32695258,0.18780579,0.34539667
20220406_160437,0.430196433,1.658736825,0.000253169,0.07578549,0.3427296,0.18849814,0.3548033
20220406_160438,0.409758226,1.575124383,0.000335153,0.0308298,0.31793854,0.17763574,0.33640632
20220406_160438,0.428012417,1.693342328,0.00043116,-0.013483742,0.3405044,0.1821985,0.35720292
20220406_160439,0.424504904,1.568988919,0.000447588,-0.006214708,0.34045967,0.17975633,0.3531024
20220406_160439,0.404505445,1.509327412,0.00058089,0.031104548,0.3083919,0.1811474,0.32956803
20220406_160439,0.427884248,1.584636331,0.000765279,-0.00717556,0.34100804,0.18163374,0.35596114
20220406_160440,0.392363867,1.502721667,0.000547184,0.049956474,0.28903288,0.1819116,0.31491417
20220406_160440,0.427337765,1.651278257,0.000561701,0.01410643,0.3389231,0.17955482,0.35534877
20220406_160441,0.388537992,1.443471432,0.0005141,-0.007087097,0.2913678,0.17712253,0.3138424
20220406_160441,0.410600378,1.481126428,0.000478966,-0.003094741,0.315544,0.17877142,0.33714187
20220406_160442,0.388899733,1.440148473,0.000708574,-0.007021905,0.28248307,0.18007256,0.31056657
20220406_160442,0.384314093,1.394949079,0.000756453,-0.08213687,0.26807886,0.19255157,0.2980507
20220406_160442,0.37893003,1.42526567,0.000651679,-0.041384283,0.26780918,0.18531233,0.29584354
20220406_160443,0.388263329,1.526648879,4.94E-05,-0.06935942,0.283973,0.1819971,0.3088768
20220406_160443,0.408044412,1.442996144,0.000909067,-0.05081712,0.3157409,0.17772876,0.33463466
20220406_160444,0.404993773,1.491485596,0.00048923,-0.009015596,0.3056162,0.185884,0.32640556
20220406_160444,0.416201152,1.500575185,0.000384906,0.018360043,0.32335573,0.18138206,0.34083462
20220406_160444,0.401338732,1.558801532,0.000371077,0.045847837,0.29377013,0.18739133,0.31727397
20220406_160445,0.386786238,1.474470973,0.000127319,0.06111318,0.27200064,0.18492639,0.30398935
20220406_160445,0.41025375,1.52585566,0.000365538,0.007223331,0.3094055,0.18512636,0.3327482
20220406_160446,0.390952485,1.434669733,0.000977006,0.010925025,0.28095,0.18261784,0.31124198
20220406_160446,0.395512374,1.495651603,9.70E-05,0.015663413,0.28705645,0.18358225,0.31545976
20220406_160446,0.413547758,1.561431408,0.000695754,0.026007833,0.3125803,0.19043389,0.3320629
20220406_160447,0.436982408,1.58426106,0.000968357,0.06796152,0.34073818,0.19511776,0.35702485
20220406_160447,0.429948463,1.637032032,0.000198054,0.11474683,0.30526194,0.21214376,0.3296878
20220406_160448,0.522247569,1.86422801,0.00036124,0.16617204,0.41158524,0.2362693,0.42305228
20220406_160448,0.435441468,1.601582766,0.000339239,0.08341482,0.3262828,0.20362538,0.34544352
20220406_160448,0.440861197,1.640144706,0.000326536,0.03907886,0.3426266,0.1879902,0.3644403
20220406_160449,0.410739729,1.792187095,0.000348187,0.061875653,0.3024543,0.18807895,0.32891575
20220406_160449,0.418852924,1.620004535,0.000965082,0.05316506,0.31830946,0.19037475,0.3378427
20220406_160450,0.407099363,1.554142952,9.09E-05,0.002714634,0.30905277,0.1780132,0.33415234
20220406_160450,0.413403834,1.622208238,0.000338384,0.04128404,0.31292245,0.18892908,0.33251497
20220406_160450,0.419090407,1.518005729,0.000926132,-0.05807845,0.31814557,0.18945543,0.34093636
20220406_160451,0.395775959,1.457142711,0.000467391,-0.06839471,0.28228894,0.1944834,0.30901214
20220406_160451,0.379864144,1.561308622,0.000206737,-0.03940911,0.2657403,0.1866133,0.2948876
20220406_160452,0.407561848,1.573667288,8.95E-05,0.007653532,0.30271763,0.18792547,0.32922626
20220406_160452,0.442363063,1.649996996,0.000556983,0.05656646,0.3498657,0.18883808,0.36671847
20220406_160453,0.434732699,1.726829767,0.000470186,0.0646114,0.3371489,0.19374496,0.35270813
20220406_160453,0.451188318,1.63146472,0.00015495,0.096625574,0.34829614,0.19904624,0.36599687
20220406_160453,0.499087806,1.7436378,0.000359578,0.11284782,0.40478978,0.21205384,0.41506702
20220406_160454,0.441402371,1.628257155,1.39E-05,0.093517855,0.33416292,0.20491545,0.35215756
20220406_160454,0.449120471,1.648848653,0.000460444,0.12395456,0.3249324,0.21731238,0.34849006
20220406_160455,0.408499609,1.531032324,5.79E-05,0.036039848,0.3022902,0.18901719,0.3256408
20220406_160455,0.457812528,1.667858958,0.000903281,0.0781648,0.36683184,0.19828893,0.3789067
20220406_160455,0.403994378,1.424645543,0.000221879,0.059465047,0.28832152,0.19696379,0.3144629
20220406_160456,0.408040894,1.584200025,0.000208201,0.049117494,0.30084532,0.18862987,0.3246671
20220406_160456,0.396331336,1.407438874,0.000501736,0.002071963,0.29458392,0.17826515,0.320353
20220406_160457,0.400990273,1.570301771,5.29E-05,-0.027212998,0.29902804,0.1876849,0.31923923
20220406_160457,0.401262488,1.530051708,0.000280941,-0.026120884,0.29698268,0.18890442,0.31941074
20220406_160458,0.384058758,1.431167722,0.000980161,-0.032779254,0.27761456,0.17730227,0.30721128
20220406_160458,0.395225373,1.535034537,0.000115164,-0.026536448,0.2989205,0.17864746,0.32138798
20220406_160458,0.383466298,1.522433519,0.000468148,-0.028715024,0.2650659,0.18488447,0.30107695
20220406_160459,0.413527944,1.534580827,0.000551855,-0.013077951,0.31279042,0.18564537,0.335687
20220406_160459,0.383848522,1.551729918,0.000576423,-0.026217207,0.26527426,0.18831,0.29802677
20220406_160500,0.418173519,1.605165839,0.000295451,0.0670911,0.3134319,0.18968916,0.33501476
20220406_160500,0.427100342,1.67805779,0.000197747,0.08312915,0.3168256,0.19570693,0.34330592
20220406_160500,0.472056611,1.724923968,0.000116741,0.13675563,0.36133134,0.21839958,0.37843794
20220406_160501,0.40348341,1.490752935,0.000321007,0.029041247,0.28872254,0.19378349,0.31686446
20220406_160501,0.416934801,1.697536707,0.000516124,0.06873152,0.31352827,0.1892861,0.33606258
20220406_160502,0.4201187,1.52149117,0.000247679,0.04466735,0.31376517,0.1891609,0.33846062
20220406_160502,0.431461339,1.745942473,0.00021,0.103457876,0.32118487,0.20284398,0.34269738
20220406_160503,0.433897238,1.504749537,0.000197427,0.030656159,0.33304673,0.19184318,0.35294974
20220406_160503,0.386261267,1.552002668,7.12E-05,0.031401332,0.2747972,0.18739519,0.3018434
20220406_160503,0.435019663,1.542568445,0.000501743,-0.030384019,0.34633896,0.18572754,0.3612188
20220406_160504,0.443731807,1.644652605,0.000429077,0.0307484,0.35783476,0.18398283,0.37272078
20220406_160504,0.442794171,1.575231194,0.000230008,0.008708785,0.3552822,0.18441945,0.37227458
20220406_160505,0.398515201,1.578919172,0.000302571,0.007244458,0.29121667,0.18209313,0.31799713
20220406_160505,0.431722603,1.460797071,0.00073733,-0.005281845,0.3296334,0.19855319,0.3470058
20220406_160505,0.434127681,1.570976615,0.000336726,0.0208101,0.33586484,0.188212,0.3561824
20220406_160506,0.425076767,1.502545238,0.000216508,0.029244421,0.3301865,0.18637636,0.34756827
20220406_160506,0.454425638,1.741438508,0.000315267,0.0679676,0.35776553,0.19466005,0.37487382
20220406_160507,0.142647031,0.541080296,0.000432368,-0.01729988,-0.040354975,0.09411672,0.08888228
20220406_160507,0.141541704,0.488623202,0.000245643,-0.033715393,0.00480528,0.09304195,0.088022895
20220406_160508,0.15194111,0.551562667,0.000274551,-0.048369333,-0.018258987,0.10386408,0.091226645
20220406_160509,0.149103508,0.611617625,0.000187185,-0.024712477,0.01543223,0.09512846,0.09466759
20220406_160509,0.152859732,0.62259686,0.000126445,-0.02696795,-0.019068582,0.09919011,0.09615996
20220406_160510,0.164663415,0.641187549,0.000226656,-0.011791493,-0.02191067,0.10475998,0.10550827
20220406_160511,0.176182716,0.692792535,0.00028205,0.03603267,-0.020006787,0.11519293,0.1096917
20220406_160511,0.171113747,0.65501833,0.000311136,0.038763847,-0.041202374,0.110818945,0.10714547
20220406_160512,0.17359179,0.580965877,0.00015893,-0.041136768,-0.06287976,0.107120566,0.11545084
20220406_160513,0.168578334,0.631896496,0.000304457,-0.006344674,-0.040786263,0.09961257,0.1152731
20220406_160513,0.186147469,0.55717051,0.000276943,-0.02391078,-0.09763729,0.10220896,0.13682945
20220406_160514,0.178269109,0.635415554,0.000269546,-0.025600255,-0.06156754,0.10687482,0.12238762
20220406_160514,0.178869307,0.633059919,7.85E-05,-0.023624396,-0.06550346,0.10436689,0.12344466
20220406_160515,0.163742361,0.541737676,3.23E-05,-0.016652012,0.002789752,0.10439963,0.10362091
20220406_160515,0.154751472,0.566737711,0.000529702,-0.042579744,-0.012425588,0.10052081,0.09646355
20220406_160515,0.157073622,0.62519151,8.22E-05,-0.042551696,-0.03985343,0.10579605,0.09466746
20220406_160516,0.156874952,0.575808346,0.000184465,-0.033837825,-0.012049326,0.10793853,0.0919468
20220406_160516,0.182644526,0.595090806,0.000115397,-0.11188433,-0.051160507,0.13445884,0.09899024
20220406_160517,0.203655072,0.719586968,0.000309895,-0.13194993,-0.046550352,0.15387362,0.106487885
20220406_160517,0.221359222,0.781600654,0.000327699,-0.15273865,-0.06307173,0.16867582,0.11561495
20220406_160517,0.193237559,0.5452739,0.000568227,-0.107875586,-0.031169578,0.14002329,0.10639517
20220406_160518,0.166903704,0.710263789,0.000382371,-0.058297634,-0.02699389,0.11297455,0.09952423
20220406_160518,0.191710791,0.606606185,0.000270047,-0.1048883,-0.05892849,0.13455613,0.11037575
20220406_160519,0.190569464,0.546696901,0.0003935,-0.10518286,-0.04344322,0.13442463,0.10842779
20220406_160519,0.180205957,0.613779724,0.000371341,-0.07686998,-0.025197601,0.12362734,0.10541405
20220406_160519,0.169551955,0.532840133,7.29E-05,-0.06782164,0.001579669,0.1144679,0.10056571
20220406_160520,0.183990631,0.640400887,0.000172869,-0.09557346,0.006537758,0.13059048,0.10239118
20220406_160520,0.152095157,0.510294914,0.000129155,-0.022355638,0.002074743,0.10070531,0.09459644
20220406_160521,0.171345927,0.504520714,0.000372983,-0.056812327,-0.03976712,0.111838855,0.10645543
20220406_160521,0.173605498,0.612810314,0.000293431,-0.040930748,-0.014292975,0.11390588,0.10738854
20220406_160522,0.175559312,0.552745581,0.000104727,-0.02862762,-0.041006632,0.109956376,0.11379105
20220406_160522,0.170180872,0.620518506,0.00011214,-0.050742183,-0.014082095,0.111084566,0.107605584
20220406_160522,0.166628095,0.630438745,0.000198204,-0.012129397,-0.038642924,0.10650972,0.10699142
20220406_160523,0.174422206,0.620440364,0.000219469,-0.040148165,-0.024886921,0.11528388,0.10638335
20220406_160523,0.178826368,0.574905336,0.000478201,-0.055270195,-0.050948583,0.114747345,0.11332988
20220406_160524,0.162325039,0.661681473,0.000366361,-0.00514668,0.009123728,0.105023555,0.10144012
20220406_160524,0.167409837,0.541153789,0.000191126,-0.02039774,0.007691056,0.10766698,0.104059786
20220406_160524,0.164140125,0.615468323,0.000403938,-0.047469184,0.020222005,0.11021464,0.097057
20220406_160525,0.160278505,0.659768105,0.00016438,-0.03809229,0.006215894,0.11053751,0.09222873
20220406_160525,0.167550223,0.728789389,0.000232543,-0.056894246,0.009965391,0.1161713,0.097609654
20220406_160526,0.173902071,0.63987577,0.000598481,-0.05007117,0.040111452,0.114279605,0.10485444
20220406_160526,0.169349408,0.753677368,0.000499119,-0.048190147,0.004141131,0.115045264,0.10009065
20220406_160526,0.17059982,0.601842523,0.000408543,-0.022465851,0.03589124,0.10726695,0.10714132
20220406_160527,0.178607247,0.54488337,5.86E-05,-0.045941614,0.00229407,0.12047758,0.10591877
20220406_160527,0.172844473,0.615999877,0.000133701,-0.042027693,0.026191544,0.1132853,0.10630657
20220406_160528,0.161875221,0.637512267,0.000350634,-0.045922227,0.007909941,0.11234253,0.09176395
20220406_160528,0.189122584,0.675665736,7.52E-05,-0.07908417,-0.005388655,0.1334865,0.10485191
20220406_160528,0.170013849,0.537869513,0.000398397,-0.026219197,-0.005533929,0.11289784,0.102583006
20220406_160529,0.179803345,0.73265928,0.000627947,-0.08299977,-0.035154823,0.1239125,0.10444042
20220406_160529,0.191579198,0.655874848,0.000336592,-0.08255201,-0.014258732,0.13408169,0.10992809
20220406_160530,0.192386166,0.652108669,7.00E-05,-0.054981153,-0.025580814,0.12937811,0.11268309
20220406_160530,0.210670472,0.745377064,0.000326489,-0.08770285,-0.041818514,0.14152707,0.12640342
20220406_160531,0.201946433,0.741498351,0.000356453,-0.07084524,-0.042548906,0.13286027,0.12472715
20220406_160531,0.203379231,0.777509987,0.000331854,-0.015714085,-0.058190193,0.1349241,0.12594704
20220406_160532,0.195889288,0.825341403,0.000291283,-0.072395846,-0.03848779,0.13461728,0.11584469
20220406_160532,0.198504126,0.768215001,0.000466075,-0.07835507,-0.033427745,0.13864927,0.115717866
20220406_160532,0.201717021,0.596967816,0.000157674,-0.09659774,-0.009393511,0.14308189,0.11042475
20220406_160533,0.20213346,0.710254908,0.000468876,-0.07068565,-0.03650145,0.14041297,0.11812729
20220406_160533,0.203051982,0.671939433,0.00023561,-0.09983155,-0.001076084,0.14315805,0.113035046
20220406_160534,0.190359933,0.844115794,0.000575755,-0.043625075,0.030828912,0.1238405,0.11804875
20220406_160534,0.210202396,0.713852048,0.000255109,-0.09611346,0.005240348,0.14484878,0.119673215
20220406_160534,0.193767739,0.771719515,0.000394845,-0.0240402,-0.005051027,0.13136663,0.117008224
20220406_160535,0.207531797,0.725484252,0.000566498,-0.09068466,0.018657256,0.1437682,0.119762525
20220406_160535,0.20078747,0.820539236,0.00030886,-0.07411473,0.044113964,0.1292305,0.12355718
20220406_160536,0.202973902,0.703313828,0.000335628,-0.07312626,-0.01219075,0.13293493,0.12534653
20220406_160536,0.203771205,0.762534916,0.000321677,-0.072941855,0.044618867,0.13763635,0.11890921
20220406_160536,0.188218702,0.64711833,0.000396742,-0.023905456,0.00799524,0.12080659,0.11785923
20220406_160537,0.198261968,0.652201295,0.000308269,-0.085987516,0.015984083,0.1347436,0.1166495
20220406_160537,0.180592794,0.593336403,0.000461408,-0.06686325,0.020480722,0.12362843,0.10454944
20220406_160538,0.19949777,0.585112274,0.000445431,-0.093166694,0.026398491,0.13959363,0.11314625
20220406_160538,0.178527362,0.600348592,0.000438332,-0.054022815,-0.008973274,0.11975507,0.10685278
20220406_160538,0.186817141,0.640295625,0.000449628,-0.07175845,0.03626401,0.12271068,0.113114946
20220406_160539,0.191574681,0.583457708,0.000295774,-0.08556526,0.045164205,0.12923759,0.112990834
20220406_160539,0.194570344,0.663391352,0.000394129,-0.08373824,-0.00342339,0.13864465,0.1088735
20220406_160540,0.18857684,0.696076572,7.38E-05,-0.04421155,-0.030724285,0.12266929,0.11683995
20220406_160540,0.184405167,0.562040985,0.000549023,-0.041381847,0.029184362,0.122414835,0.111798674
20220406_160540,0.199375437,0.719558239,0.000211291,-0.07728796,0.03790041,0.14005093,0.112798244
20220406_160541,0.198797132,0.615264654,0.000417563,-0.080070764,0.009985984,0.13765004,0.113518305
20220406_160541,0.197613407,0.706679046,0.000344111,-0.081809975,-0.012594235,0.13845333,0.11326366
20220406_160542,0.206323275,0.750952065,0.000296602,-0.11572816,-0.014188865,0.14803061,0.11477806
20220406_160542,0.196980875,0.656112075,0.000121317,-0.08059134,0.034624204,0.1347277,0.1138307
20220406_160542,0.201338361,0.680120647,0.000532635,-0.065756105,-0.020149244,0.13746779,0.11870662
20220406_160543,0.19580217,0.736380279,0.000180393,-0.052072376,-0.01731962,0.12847391,0.11864276
20220406_160543,0.203837835,0.67162621,0.000232431,-0.063079625,-0.017843055,0.1399963,0.11793524
20220406_160544,0.187556078,0.655375004,0.000221995,-0.026854714,-0.000453499,0.12250706,0.11660038
20220406_160544,0.187655053,0.613685548,0.000252832,-0.06566426,-0.002816473,0.12532648,0.11239373
20220406_160544,0.19326853,0.711379349,0.000185793,-0.029038934,0.013352159,0.12676771,0.11907151
20220406_160545,0.19373934,0.815820932,0.000269245,0.03721399,0.03773786,0.12713392,0.12054554
20220406_160545,0.204096134,0.786111057,5.93E-05,-0.045067642,0.028333385,0.13401288,0.12345031
20220406_160546,0.203411467,0.70978862,0.000559391,-0.07461601,-0.001773313,0.13901636,0.11931009
20220406_160546,0.197377965,0.699160099,8.29E-05,-0.060849123,-0.017064348,0.1367798,0.11555386
20220406_160546,0.199353294,0.718335688,0.000212387,-0.051581547,-0.029689198,0.13458835,0.1195992
20220406_160547,0.205290779,0.691784918,0.001106016,-0.07906482,0.013250516,0.13531335,0.124614514
20220406_160547,0.207509214,0.670545816,0.000298082,-0.09744715,0.000772269,0.14210714,0.12100357
20220406_160548,0.206869886,0.602543056,0.000165743,-0.09142731,-0.02023537,0.14690728,0.11511578
20220406_160548,0.20038662,0.695401609,0.000427406,-0.052410744,0.03776206,0.1330131,0.11922086
20220406_160548,0.214907966,0.765342474,0.000400015,-0.105326675,-0.020265106,0.14981516,0.12234997
20220406_160549,0.203211132,0.653264105,0.000132912,-0.10673925,-0.025574077,0.14764766,0.10952736
20220406_160549,0.195434274,0.608973861,0.000697294,-0.07133894,-0.020271381,0.13894695,0.10914579
20220406_160550,0.196823068,0.69575429,0.000126443,-0.09042643,-0.01067289,0.13369901,0.11381154
20220406_160550,0.194589792,0.679031551,0.000253006,-0.085264124,-0.04546543,0.13111085,0.11657423
20220406_160550,0.20188581,0.657331586,0.000305549,-0.110586725,0.034688976,0.1446977,0.109821945
20220406_160551,0.20293796,0.616320252,0.000643068,-0.11078713,-0.00157141,0.14960548,0.104244374
20220406_160551,0.208106259,0.704078197,0.000324168,-0.11708295,-0.03558227,0.15381724,0.10906804
20220406_160552,0.204584863,0.667574048,0.000295337,-0.086766906,0.006285876,0.14300422,0.116676986
20220406_160552,0.211564151,0.78894484,0.000441002,-0.10362385,0.05742971,0.14462365,0.12425785
20220406_160553,0.193327176,0.567860901,0.000211733,-0.0717224,0.004105695,0.13309728,0.11104026
20220406_160553,0.20466011,0.946386337,0.000228401,-0.09865448,-0.013608978,0.14805995,0.111775436
20220406_160554,0.186846821,0.747599065,0.000287642,-0.032376062,0.06385098,0.11972069,0.11940707
20220406_160554,0.203587763,0.767997026,0.000157811,-0.0886678,-0.005775745,0.14078589,0.11601018
20220406_160555,0.199505722,0.678961873,0.00015791,-0.09646915,0.001574499,0.14185402,0.11022986
20220406_160555,0.19225295,0.6694417,0.000532113,-0.061245225,-0.015682194,0.13097978,0.112006865
20220406_160556,0.191743087,0.642990351,0.000433365,-0.06394354,0.007633537,0.131759,0.11119661
20220406_160557,0.222854312,0.869016409,9.24E-05,-0.13186063,-0.03767122,0.16517383,0.11677847
20220406_160557,0.203067384,0.818981111,0.000249146,-0.05934961,0.013821209,0.13543455,0.12081081
20220406_160558,0.221632917,0.947640121,0.00059558,-0.1293565,-0.024640683,0.16278544,0.11637241
20220406_160558,0.19948079,0.66335088,0.000598488,-0.07007403,0.002787797,0.13688889,0.113801695
20220406_160559,0.207210452,0.915306985,0.000312356,-0.064704865,0.010371928,0.14191961,0.12092115
20220406_160559,0.216886884,0.76010263,0.000717661,-0.08251146,0.01719492,0.1442758,0.12993264
20220406_160600,0.211983427,0.719739199,0.000651691,-0.041803878,0.014524438,0.14188145,0.12793392
20220406_160601,0.214900141,0.786782384,0.000209418,-0.08337862,0.036808494,0.15011963,0.12170926
20220406_160601,0.219932141,0.773209691,0.000225585,-0.10075337,0.010420117,0.1565784,0.12202917
20220406_160602,0.223194253,0.79151392,0.000338947,-0.12212625,0.012413207,0.16065769,0.12031065
20220406_160603,0.227747555,0.703134596,0.000319051,-0.12242778,0.043332018,0.1637162,0.124733105
20220406_160603,0.244667979,0.965018213,0.000447419,-0.15683673,0.00805521,0.19095041,0.11965007
20220406_160604,0.231413643,0.756974995,0.00015994,-0.13605541,-0.023279373,0.17231917,0.121202394
20220406_160604,0.238247495,0.81661135,0.000394604,-0.12583743,0.015833296,0.16922036,0.13345245
20220406_160605,0.245389068,0.781325519,0.000272905,-0.15744841,0.038875684,0.18644032,0.120788164
20220406_160606,0.237811302,0.780005753,0.000381447,-0.1461211,0.049204685,0.17421426,0.12594955
20220406_160606,0.236953968,0.803041756,0.000369203,-0.14590652,-0.009361587,0.1765432,0.12354018
20220406_160607,0.234572034,0.827300847,0.000612357,-0.1405666,0.004155692,0.17492744,0.12224197
20220406_160607,0.248047313,0.897763491,0.000237427,-0.15715954,0.03251986,0.1840766,0.13078971
20220406_160608,0.226071416,0.73143059,0.000202619,-0.14103495,0.009462425,0.16636078,0.117483966
20220406_160608,0.242174073,0.804476976,0.000488851,-0.15418443,0.024619183,0.18505186,0.11918387
20220406_160609,0.219051224,0.814359784,0.00020953,-0.11833841,-0.02712765,0.15863957,0.11914139
20220406_160610,0.276405889,0.807557762,0.000671205,-0.21707597,-0.044344462,0.22648089,0.12010809
20220406_160610,0.227021031,0.70421207,0.000172003,-0.13837646,-0.045923088,0.16721773,0.11944426
20220406_160611,0.245008871,0.826514721,7.25E-05,-0.16158524,-0.07434398,0.18247189,0.12999742
20220406_160611,0.219409579,0.846595705,0.000453513,-0.12704614,-0.045855742,0.15913028,0.11954379
20220406_160612,0.218922853,0.774717271,9.34E-05,-0.12867115,-0.014730497,0.15989628,0.11682978
20220406_160612,0.224195359,0.811292648,0.00030542,-0.1263447,-0.04818873,0.1560038,0.12861358
20220406_160612,0.231028116,0.865630209,0.00025809,-0.14509475,-0.062265277,0.17245917,0.12233607
20220406_160613,0.217371363,0.900726795,0.000446573,-0.098791026,-0.06574755,0.14762957,0.12943888
20220406_160613,0.226387063,0.935969949,0.000147092,-0.14516382,-0.04345857,0.1722442,0.116018586
20220406_160614,0.216293645,0.694679916,0.000220784,-0.11887814,-9.33E-05,0.15177876,0.12119623
20220406_160614,0.228866208,0.783691645,0.000221295,-0.1397939,-0.01841406,0.17102166,0.11875858
20220406_160615,0.228914809,0.832939029,0.000428746,-0.1477548,-0.023770459,0.17270777,0.1189123
20220406_160615,0.233958476,1.005951405,0.000735755,-0.15201561,-0.024045251,0.18051372,0.118009076
20220406_160616,0.213671573,0.908926666,0.000534317,-0.10775324,-0.003516335,0.15145122,0.120173566
20220406_160616,0.219480764,0.825159788,0.000323299,-0.12839098,-0.010222216,0.16088392,0.11723606
20220406_160617,0.220079597,0.92957449,9.98E-05,-0.11057131,-0.05943984,0.15138566,0.12818664
20220406_160617,0.22810167,1.043629885,0.000544986,-0.13944672,-0.061974682,0.16531937,0.12636879
20220406_160617,0.228938421,1.054051399,0.000316882,-0.14460093,-0.022114994,0.17303678,0.11873661
20220406_160618,0.23168065,0.937706828,5.24E-05,-0.13519055,-0.027249565,0.16662703,0.12799947
20220406_160618,0.229961955,0.929056883,0.000280457,-0.13124037,-0.037240025,0.16154914,0.13088693
20220406_160619,0.219772555,0.896522999,0.000390537,-0.12890978,-0.03927432,0.1597706,0.121267855
20220406_160619,0.263407471,1.137164354,0.000490813,-0.17596728,-0.056733783,0.19682208,0.1403542
20220406_160620,0.230756873,0.793079734,0.000103387,-0.1541415,-0.012300179,0.17556313,0.11614743
