20220125_141618,0.07156199700063774,0.5002918243408203,5.382642484619282e-05,0.0020157925,-0.0070971283,0.043317687,0.047552377
20220125_141620,0.08546280457220062,0.5998061895370483,4.923051528749056e-05,-0.03048104,-0.03339194,0.05425653,0.0549818
20220125_141621,0.08626017070033175,0.4990265369415283,0.0001937773049576208,0.005000812,-0.036012556,0.051405564,0.05828647
20220125_141621,0.07410545453621156,0.5724400281906128,0.00011183573224116117,0.00057059416,-0.011718403,0.04589537,0.047731753
20220125_141622,0.08637446508134308,0.4883686304092407,5.3562416724162176e-05,-0.009888465,-0.040372223,0.04676634,0.06227033
20220125_141623,0.08495647552016306,0.41298776865005493,0.00017254699196200818,-0.0017390357,-0.033704262,0.048019312,0.060619365
20220125_141623,0.08817203297808036,0.6097865104675293,0.00013217699597589672,0.007355189,-0.045008317,0.047410678,0.0645737
20220125_141623,0.08267297463372714,0.4557552635669708,0.00019112305017188191,0.010492419,-0.03353213,0.04697541,0.05828704
20220125_141624,0.08031067614774227,0.5516905188560486,0.00019280023116152734,-0.0017133354,-0.029892152,0.044937856,0.056956552
20220125_141625,0.0834373390728834,0.49456164240837097,9.845201566349715e-05,0.0017886829,-0.029188812,0.0486257,0.057557397
20220125_141625,0.08482355129364076,0.6131558418273926,0.000374151102732867,0.012948833,-0.036319546,0.04814287,0.059896097
20220125_141626,0.08563379708027322,0.41491201519966125,0.00023567852622363716,-0.008798801,-0.042906,0.04466689,0.063617185
20220125_141626,0.07909189307513786,0.485230952501297,9.962567855836824e-05,0.0033895231,-0.016438788,0.04793557,0.052728757
20220125_141627,0.07531111090877103,0.5732448101043701,7.507731788791716e-05,-0.0042340094,-0.015474465,0.04681028,0.048523657
20220125_141627,0.08240183375499044,0.5161594748497009,5.232157127466053e-05,0.02369439,-0.01689475,0.053113885,0.052027654
20220125_141628,0.0800537568603597,0.5182610750198364,7.989416917553172e-05,0.010481511,-0.021828242,0.050461426,0.05177876
20220125_141631,0.08677324159852584,0.4490908980369568,4.197865564492531e-05,-0.013926704,-0.035585903,0.049255762,0.06070349
20220125_141631,0.08126762480481851,0.4504023790359497,7.571232708869502e-05,0.020759959,-0.0044052918,0.05085504,0.05252501
20220125_141632,0.0817597474448333,0.5467868447303772,3.6978424759581685e-05,0.012674263,-0.025481068,0.047751483,0.056304682
20220125_141632,0.0784337357924379,0.652538001537323,0.0002314875746378675,0.025258452,-0.0042284857,0.052575693,0.046367146
20220125_141633,0.08115182637045332,0.440910279750824,4.8859583330340683e-05,0.02726269,0.010938614,0.05219085,0.05118979
20220125_141633,0.08015566159519003,0.5544190406799316,8.208017243305221e-05,0.029608956,0.0030177205,0.051805113,0.04953822
20220125_141633,0.08036324329091682,0.44404277205467224,0.0001828897511586547,0.01991914,-0.019836519,0.04955073,0.05209196
20220125_141634,0.07757130793542473,0.5272238254547119,0.00016878558380994946,0.013730628,0.0038904275,0.04883072,0.049266025
20220125_141634,0.08089432720420495,0.4794013500213623,4.086146509507671e-05,0.025825925,0.027079208,0.0520812,0.05142184
20220125_141635,0.0858096391906209,0.4587486982345581,9.148099707090296e-06,0.02783843,0.029852396,0.053179063,0.05539838
20220125_141635,0.09466173852776978,0.4548644423484802,9.552506526233628e-05,0.042920645,0.036048315,0.062050376,0.05887451
20220125_141635,0.07743890440006912,0.47239935398101807,0.0002049092436209321,0.01636939,-0.015763558,0.048795953,0.049972717
20220125_141636,0.07884023265622192,0.677323043346405,2.6481713575776666e-05,0.0014741838,-0.022525774,0.046845436,0.05308276
20220125_141636,0.07775708541487059,0.637374758720398,0.00010248804755974561,0.008198426,0.021166591,0.046820927,0.051997658
20220125_141637,0.07756940668575996,0.4202684462070465,0.0002453296328894794,0.014902859,0.015089088,0.050757874,0.04759152
20220125_141637,0.07645524948440884,0.4763350486755371,6.337395461741835e-05,-0.0136152515,2.5854759e-05,0.05131809,0.046180267
20220125_141638,0.0799356488278082,0.5360117554664612,6.118074816185981e-05,0.0027644548,0.01738724,0.048451636,0.05326042
20220125_141638,0.08191783779416696,0.4664863348007202,8.083945431280881e-05,-0.014504466,-0.034543354,0.047168475,0.056956436
20220125_141638,0.07486525341565088,0.5596480965614319,5.1973347581224516e-05,-0.009822695,-0.007294376,0.046543136,0.04910002
20220125_141639,0.08098154519756338,0.5581228137016296,0.00018075179832521826,-0.015269151,-0.022725327,0.04687889,0.055668313
20220125_141639,0.0789620329768068,0.5010692477226257,0.00014817739429417998,0.00057207217,-0.019776225,0.048258353,0.051872138
20220125_141640,0.08348703271939902,0.45439305901527405,0.00018915554392151535,-0.011464785,-0.03375309,0.04736145,0.058690112
20220125_141640,0.07890630850331669,0.6176469326019287,8.060696563916281e-05,-0.008747282,-0.019020714,0.049865916,0.050344214
20220125_141641,0.07914619411964008,0.5318588614463806,0.0001262819569092244,-0.010514985,-0.014715861,0.049248856,0.051702987
20220125_141641,2.283914194134035,2.5756447315216064,0.0904892086982727,-1.5367241,-1.688271,1.5367241,1.688271
20220125_141642,4.38507495245798,4.844292163848877,0.13679316639900208,-2.600295,-3.5303328,2.600295,3.5303328
20220125_141642,6.720430210681785,7.206178188323975,0.12724700570106506,-3.9997158,-5.400187,3.9997158,5.400187
20220125_141642,8.516987862560061,9.087590217590332,0.3760293424129486,-4.8208323,-7.020923,4.8208323,7.020923
20220125_141643,10.432025436480846,11.383042335510254,0.2367825210094452,-5.490796,-8.869769,5.490796,8.869769
20220125_141643,11.874750383319581,12.914169311523438,0.2514702081680298,-6.1541476,-10.15535,6.1541476,10.15535
20220125_141644,13.382163529341675,14.292069435119629,0.42404550313949585,-6.8480577,-11.496844,6.8480577,11.496844
20220125_141644,14.674634807615567,15.696651458740234,0.2285950928926468,-7.466949,-12.628623,7.466949,12.628623
20220125_141645,13.525618197977597,17.64580726623535,0.18456438183784485,-7.3766575,-11.2752,7.3766575,11.2752
20220125_141645,10.386301762381194,16.99039077758789,0.12685586512088776,-6.1319394,-8.203104,6.1319394,8.203104
20220125_141645,8.62186048968912,14.27090072631836,0.10342267155647278,-5.036736,-6.7001276,5.036736,6.7001276
20220125_141646,6.8817049891221345,13.17133903503418,0.06831410527229309,-4.1418386,-5.094512,4.163454,5.094512
20220125_141646,5.599390424304443,12.790214538574219,0.057171497493982315,-3.3009486,-4.039865,3.4087503,4.045368
20220125_141647,6.8622124096039325,15.616105079650879,0.05357230454683304,4.496431,4.686187,4.5264983,4.789029
20220125_141647,8.580911460779218,15.827107429504395,0.02919165790081024,5.9206367,5.6481214,5.937888,5.7032776
20220125_141647,8.860865116186327,16.207077026367188,0.028820456936955452,6.267024,5.5961256,6.271311,5.6420636
20220125_141648,7.525499494531311,12.554981231689453,0.04204963520169258,4.818337,5.3975816,4.818337,5.4118114
20220125_141648,6.8756871818741265,15.235422134399414,0.09149204939603806,5.6235547,2.9949756,5.6242414,3.2477698
20220125_141649,7.625976806571449,15.633966445922852,0.019923677667975426,6.671593,2.428558,6.672039,3.0904808
20220125_141649,8.496963884148988,16.515050888061523,0.01466614380478859,7.662975,1.7987018,7.6642246,3.0805664
20220125_141650,8.770991658184167,15.687665939331055,0.06460603326559067,7.992852,1.0479463,7.992852,3.0435464
20220125_141650,9.020043659528191,15.358376502990723,0.19597268104553223,8.200729,0.18464208,8.200729,3.123264
20220125_141651,9.275517659878602,16.062929153442383,0.16549284756183624,8.337796,-0.82740986,8.337796,3.291392
20220125_141651,9.421559173336028,15.666129112243652,0.13357263803482056,8.294653,-1.8835205,8.294653,3.5271013
20220125_141651,9.54517554072964,15.650269508361816,0.132668599486351,8.154461,-2.9491725,8.154461,3.918313
20220125_141652,9.53279566736755,15.891378402709961,0.14556081593036652,8.2569275,-2.5698617,8.2569275,3.7015448
20220125_141652,9.395990893735275,16.028079986572266,0.0965716540813446,8.257773,-2.096257,8.257773,3.4964585
20220125_141653,9.298502752662616,16.247665405273438,0.10867783427238464,8.269822,-1.6422257,8.269822,3.3206332
20220125_141653,9.161504888873576,16.367172241210938,0.12479428201913834,8.192741,-1.3871409,8.192741,3.2412732
20220125_141654,9.110374909169423,15.8904390335083,0.1590791493654251,8.197318,-0.9711308,8.197318,3.1888528
20220125_141654,9.134314234728576,15.926586151123047,0.1824347972869873,8.2254925,-0.95387733,8.2254925,3.189418
20220125_141655,9.096389811323181,16.05258560180664,0.1961793154478073,8.184582,-0.94547385,8.184582,3.183325
20220125_141655,9.133720648859635,15.968395233154297,0.24774359166622162,8.230868,-0.91771984,8.230868,3.1819897
20220125_141656,9.142666405220327,15.989811897277832,0.16188772022724152,8.236757,-0.93687606,8.236757,3.1791315
20220125_141656,9.139158205494137,16.145416259765625,0.20971965789794922,8.226395,-0.954168,8.226395,3.1955218
20220125_141656,9.128728536158354,16.033042907714844,0.17368218302726746,8.213941,-0.96248484,8.213941,3.1944501
20220125_141657,9.127514397482269,16.03109359741211,0.1896604746580124,8.224863,-0.92920524,8.224863,3.1798007
20220125_141657,9.111217655359386,16.012046813964844,0.2356644868850708,8.199321,-0.9525148,8.199321,3.1842043
20220125_141658,9.147610108960079,15.916420936584473,0.08714007586240768,8.243415,-0.95742804,8.243415,3.1954696
20220125_141658,9.126486875524002,15.858144760131836,0.1857447624206543,8.228242,-0.92430454,8.228242,3.1692736
20220125_141659,9.119448750972785,16.044614791870117,0.1615239828824997,8.213314,-0.9344037,8.213314,3.1822696
20220125_141659,9.141499141424172,15.900678634643555,0.12608177959918976,8.238876,-0.9180363,8.238876,3.181169
20220125_141700,9.164674442307497,16.05428123474121,0.24588219821453094,8.261133,-0.9742345,8.261133,3.1795952
20220125_141700,9.129118222078374,15.993473052978516,0.14966750144958496,8.219828,-0.94306624,8.219828,3.1971056
20220125_141701,9.152222852469588,15.940489768981934,0.10956335812807083,8.238899,-0.94829196,8.238899,3.1959713
20220125_141701,9.117878000788588,16.044448852539062,0.27812230587005615,8.205875,-0.95600396,8.205875,3.1865911
20220125_141702,9.151201492658473,15.936853408813477,0.15843835473060608,8.232814,-0.9686156,8.232814,3.2073708
20220125_141702,9.137491690999408,15.989692687988281,0.19864127039909363,8.224772,-0.94587463,8.224772,3.194896
20220125_141702,9.14418919219143,16.03193473815918,0.16925062239170074,8.237036,-0.94242036,8.237036,3.1922104
20220125_141703,9.113821517349727,15.94994831085205,0.17526157200336456,8.201484,-0.92098343,8.201484,3.1842306
20220125_141703,9.154813458146203,15.942234992980957,0.1756773442029953,8.236147,-0.9524668,8.236147,3.1982217
20220125_141704,9.15241310000526,16.03395652770996,0.16565559804439545,8.235529,-0.9519133,8.235529,3.2014148
20220125_141704,9.149985994606897,15.994169235229492,0.1168002039194107,8.238566,-0.94413275,8.238566,3.19519
20220125_141705,9.106478383633936,15.922914505004883,0.10236034542322159,8.196723,-0.93535465,8.196723,3.1810415
20220125_141705,9.135082591852338,16.021089553833008,0.1403621882200241,8.225253,-0.9521855,8.225253,3.1902266
20220125_141706,9.095955825882275,16.089065551757812,0.149763286113739,8.195054,-0.9320605,8.195054,3.1749701
20220125_141706,9.149314700961341,15.879095077514648,0.1711735874414444,8.24589,-0.96108335,8.24589,3.1733768
20220125_141707,9.12900555333942,16.05711555480957,0.13734638690948486,8.223896,-0.92544675,8.223896,3.1795847
20220125_141707,9.137306586457948,15.961323738098145,0.1707390397787094,8.219026,-0.94855726,8.219026,3.1986957
20220125_141707,9.148527326588134,16.057262420654297,0.09219519048929214,8.240663,-0.94789743,8.240663,3.1845682
20220125_141708,9.136842772932766,16.00373649597168,0.15886081755161285,8.225898,-0.9397486,8.225898,3.1944182
20220125_141708,9.10553640922207,15.947386741638184,0.13990257680416107,8.196623,-0.92373043,8.196623,3.1878352
20220125_141709,9.100576871213361,15.942262649536133,0.1875065416097641,8.1933975,-0.9402537,8.1933975,3.1865234
20220125_141709,9.131905547835647,16.07303810119629,0.1755969375371933,8.222769,-0.9551939,8.222769,3.176757
20220125_141710,9.143289602992512,15.994244575500488,0.2109445482492447,8.238926,-0.9727568,8.238926,3.187236
20220125_141710,9.157465118634725,15.900546073913574,0.22086822986602783,8.248372,-0.95797753,8.248372,3.1950815
20220125_141711,9.137470203822158,15.942841529846191,0.16357453167438507,8.23063,-0.9456598,8.23063,3.184808
20220125_141711,9.126392533125799,16.09260368347168,0.16597610712051392,8.203854,-0.94759214,8.203854,3.2038565
20220125_141712,9.154272580990671,15.888975143432617,0.1724843978881836,8.242786,-0.9707377,8.242786,3.2048836
20220125_141712,9.103426713140445,15.936509132385254,0.16604255139827728,8.190016,-0.9460174,8.190016,3.178798
20220125_141713,9.136554459557264,15.931198120117188,0.10650203377008438,8.222755,-0.9963047,8.222755,3.1913161
20220125_141713,9.098775382633926,16.053022384643555,0.18719840049743652,8.182975,-1.0113915,8.182975,3.1959274
20220125_141713,9.115767267239157,16.154123306274414,0.19058257341384888,8.207683,-0.9826085,8.207683,3.1931534
20220125_141714,9.131265006226199,16.16908073425293,0.173456072807312,8.206062,-1.0001972,8.206062,3.2069883
20220125_141714,9.139121158878226,15.925433158874512,0.2227269560098648,8.221622,-1.1116579,8.221622,3.1796412
20220125_141715,9.167027269524374,15.886710166931152,0.11837092787027359,8.238416,-1.1085521,8.238416,3.2039456
20220125_141715,9.155889159059305,16.062820434570312,0.16270264983177185,8.208189,-1.056969,8.208189,3.246164
20220125_141716,9.17972759827395,16.019397735595703,0.14609506726264954,8.257582,-1.1449348,8.257582,3.1800559
20220125_141716,9.12631072478135,16.14010238647461,0.15240077674388885,8.163701,-1.1467522,8.163701,3.2529826
20220125_141717,9.095233769900245,16.15346908569336,0.1526971012353897,8.168465,-1.0787904,8.168465,3.1912477
20220125_141717,9.137891640826421,15.848284721374512,0.16993671655654907,8.226817,-1.068115,8.226817,3.1951954
20220125_141717,9.130620077534358,16.019241333007812,0.11048084497451782,8.201171,-1.0479602,8.201171,3.2149065
20220125_141718,3.833283518891703,9.585545539855957,0.005453689023852348,3.2721186,-0.38620645,3.320953,1.541523
20220125_141718,9.093065713764545,15.97714900970459,0.1686946302652359,8.186897,-0.88562566,8.186897,3.18434
20220125_141719,9.138721837851914,16.021867752075195,0.22978448867797852,8.23783,-0.8859111,8.23783,3.184717
20220125_141719,9.126161162104392,15.979201316833496,0.19924119114875793,8.233663,-0.86869687,8.233663,3.1686134
20220125_141720,9.105654097474233,16.031734466552734,0.11879593133926392,8.204307,-0.8656098,8.204307,3.1793664
20220125_141720,9.139212447735803,15.96368408203125,0.1579066962003708,8.235524,-0.9190434,8.235524,3.1800354
20220125_141721,9.147462781623314,15.996786117553711,0.21755781769752502,8.247327,-0.9240574,8.247327,3.177782
20220125_141721,9.120342834624202,16.066761016845703,0.1706702560186386,8.217502,-0.92243487,8.217502,3.188047
20220125_141721,9.178538716175437,15.827817916870117,0.21086400747299194,8.278176,-0.94157976,8.278176,3.191063
20220125_141722,9.157361980621337,16.0854549407959,0.22375980019569397,8.249553,-0.94294065,8.249553,3.1969302
20220125_141722,9.197728454136517,16.045135498046875,0.16138362884521484,8.288612,-0.92347276,8.288612,3.2048335
20220125_141723,9.160537549500711,15.880868911743164,0.13129349052906036,8.237995,-0.9931321,8.237995,3.2180202
20220125_141723,9.225301161441092,15.857483863830566,0.1369965523481369,8.306201,-1.0147486,8.306201,3.2071455
20220125_141724,9.133716299845238,16.095623016357422,0.13362060487270355,8.212409,-0.9392992,8.212409,3.2059548
20220125_141724,9.215197171526878,16.05827522277832,0.14766545593738556,8.295139,-0.9834748,8.295139,3.2238142
20220125_141725,9.193176855859564,15.954573631286621,0.18466484546661377,8.27574,-0.99144715,8.27574,3.2181363
20220125_141725,9.173383640576573,15.950736045837402,0.19633792340755463,8.260992,-0.9874819,8.260992,3.200828
20220125_141726,9.213845501358833,15.876062393188477,0.18142887949943542,8.294926,-0.9815538,8.294926,3.2153053
20220125_141726,9.18584241922632,15.983572959899902,0.1605740487575531,8.272234,-0.9646524,8.272234,3.206125
20220125_141727,9.205080738767958,15.739896774291992,0.19091640412807465,8.285199,-0.96447736,8.285199,3.2252443
20220125_141727,9.217853129167905,15.709176063537598,0.11475003510713577,8.292161,-0.978337,8.292161,3.2327223
20220125_141727,9.394618968831868,15.536881446838379,0.12847715616226196,8.429519,-0.8799148,8.429519,3.3849852
20220125_141728,9.36410922955283,15.404675483703613,0.10794626176357269,8.398668,-0.79896593,8.398668,3.386987
20220125_141728,9.350619788008627,15.278749465942383,0.13047365844249725,8.368491,-0.7707758,8.368491,3.4241934
20220125_141729,9.21667809259713,15.087090492248535,0.10754697769880295,8.200316,-0.71126026,8.200316,3.472593
20220125_141729,9.15583156115441,14.511165618896484,0.19119538366794586,8.1088505,-0.60407656,8.1088505,3.5314677
20220125_141730,9.107335863942872,15.00229263305664,0.17159029841423035,7.99779,-0.4773205,7.99779,3.6286843
20220125_141730,9.000694650492042,15.432992935180664,0.14037594199180603,7.822269,-0.3021581,7.822269,3.7092812
20220125_141731,8.736512946421318,15.601478576660156,0.11409788578748703,7.4502916,-0.1698198,7.4502916,3.7742872
20220125_141731,8.4465850667618,14.822775840759277,0.09739656746387482,7.005625,-0.036558136,7.0058455,3.8418174
20220125_141732,7.926898342115883,14.216191291809082,0.025649376213550568,6.273543,0.061422322,6.2856264,3.8788667
20220125_141732,7.320740918276023,13.403051376342773,0.005243475548923016,5.408598,0.16594599,5.490935,3.8800669
20220125_141733,6.883929690974377,12.850406646728516,0.011156436055898666,4.6893244,0.36309248,4.9440675,3.889193
20220125_141733,6.481659950319415,12.42553997039795,0.004230152815580368,3.923525,0.47690275,4.443213,3.9173481
20220125_141734,4.035702210230406,8.735319137573242,0.000900263141375035,-1.0400946,-0.7771672,1.6153806,3.4356036
20220125_141734,5.546758887420706,10.674715995788574,0.013198455795645714,-1.0137079,0.15470009,3.3684874,3.890538
20220125_141734,5.720489561762859,11.385525703430176,0.01404911931604147,-1.8014926,0.20499091,3.560621,3.9094787
20220125_141735,5.9194823212389105,11.877431869506836,0.03648586571216583,-2.5999517,0.18161955,3.766552,3.9066641
20220125_141735,6.245765489646309,12.467846870422363,0.025723392143845558,-3.3157392,0.34054378,4.152643,3.923074
20220125_141736,6.544652666208692,13.11801815032959,0.023873435333371162,-3.932774,0.45864087,4.5022025,3.9405637
20220125_141736,6.919599311240058,13.60971450805664,0.0538938008248806,-4.706396,0.41192448,4.970913,3.9331894
20220125_141737,7.346978077143139,14.347622871398926,0.03964650630950928,-5.331995,0.6195826,5.4747467,3.9593298
20220125_141737,7.788681321068073,14.975377082824707,0.05950065329670906,-5.98261,0.81478566,6.029936,3.9675622
20220125_141738,8.292636043012038,15.070055961608887,0.11497391760349274,-6.681431,0.80918205,6.6817207,3.9744618
20220125_141738,8.589921481874539,15.713212013244629,0.11447824537754059,-7.07721,1.0265895,7.07721,3.9970782
20220125_141739,8.936907995520214,15.958114624023438,0.13461357355117798,-7.5512166,1.0943445,7.5512166,3.9758954
20220125_141739,8.606292125795045,15.570232391357422,0.04375557228922844,-7.0668874,1.0980479,7.0668874,4.010108
20220125_141740,8.783081757995676,15.92282772064209,0.15684527158737183,-7.347624,1.0836085,7.347624,3.9893603
20220125_141740,8.971377271107237,15.509648323059082,0.1039484292268753,-7.589603,1.1209552,7.589603,3.9789317
20220125_141741,8.810616889005288,15.48650074005127,0.09881078451871872,-7.386703,1.4382932,7.386703,4.003698
20220125_141741,9.12656876974858,15.644155502319336,0.12717175483703613,-7.79365,1.146417,7.79365,3.9632225
20220125_141741,9.067517240213359,15.70193099975586,0.10416047275066376,-7.7151947,1.1899539,7.7151947,3.9742682
20220125_141742,9.064264685064463,15.592802047729492,0.07422202825546265,-7.7251115,1.1725185,7.7251115,3.9564168
20220125_141742,9.133762602328453,15.606340408325195,0.09897170960903168,-7.801166,1.0740397,7.801166,3.966766
20220125_141743,9.004932855391058,15.378613471984863,0.07409102469682693,-7.645111,1.1341441,7.645111,3.9676147
20220125_141743,8.895795122279095,15.330278396606445,0.09651119261980057,-7.50279,1.1116431,7.50279,3.975958
20220125_141744,8.700204594471263,16.098535537719727,0.09184622019529343,-7.2104034,1.1187773,7.2104034,4.0133286
20220125_141744,8.251353964139053,15.219389915466309,0.04971190169453621,-6.593868,1.0751992,6.595436,4.007992
20220125_141745,7.672769956224721,14.996864318847656,0.014437244273722172,-5.7820354,1.0478108,5.84695,4.006277
20220125_141745,7.13934745151524,14.332508087158203,0.01753218099474907,-4.9406166,1.0675378,5.1793985,4.005371
20220125_141746,6.648637442863909,13.594974517822266,0.015144774690270424,-4.0896463,1.0266247,4.5810537,3.9908512
20220125_141746,6.267511423481227,12.810030937194824,0.015255375765264034,-3.2638104,1.0067496,4.1360865,3.978101
20220125_141747,5.950828738858328,12.303058624267578,0.03451034054160118,-2.4444473,0.9416757,3.7585053,3.9657967
20220125_141747,5.727671611848879,11.652985572814941,0.05205933749675751,-1.5976278,0.919348,3.5186257,3.9610085
20220125_141747,5.6154995576322335,11.149099349975586,0.01948688179254532,-0.7901339,0.91648304,3.382528,3.9621618
20220125_141748,5.553145871524736,10.508443832397461,0.036289721727371216,0.0014487146,0.8557208,3.3196142,3.953266
20220125_141748,5.578715991131351,10.746538162231445,0.028625017032027245,0.821604,0.8236523,3.344983,3.9431098
20220125_141749,5.704221197252607,11.291015625,0.052625153213739395,1.6495208,0.794765,3.4805696,3.9396262
20220125_141749,5.938748222024558,11.981611251831055,0.010706771165132523,2.542176,0.8160192,3.752123,3.9370728
20220125_141750,6.367117823434219,12.208025932312012,0.0023045623674988747,3.9735863,1.0743736,4.3579345,3.8459132
20220125_141750,6.21729199175827,12.1058349609375,0.005343124270439148,3.347388,0.55873847,4.118623,3.9137962
20220125_141751,6.619547739117002,12.658291816711426,0.017262857407331467,4.198621,0.506538,4.608543,3.9107997
20220125_141751,7.072674100333942,13.267828941345215,0.0008836736087687314,5.0210037,0.44640318,5.171769,3.8832135
20220125_141752,7.575762706703968,13.925935745239258,0.018173707649111748,5.789645,0.33331466,5.821913,3.877602
20220125_141752,8.180289669429015,14.70161247253418,0.0876496210694313,6.632863,0.32326484,6.6348076,3.8547325
20220125_141753,8.593067989222497,15.205944061279297,0.13584858179092407,7.223393,0.33889186,7.223393,3.80264
20220125_141753,8.749757773571547,14.880343437194824,0.13718892633914948,7.500712,0.22536798,7.500712,3.7374227
20220125_141754,8.978176290681244,15.007376670837402,0.1440010517835617,7.8474646,0.10806806,7.8474646,3.6355164
20220125_141754,9.091536609421981,14.874452590942383,0.2116609811782837,8.0376215,0.0071961763,8.0376215,3.550691
20220125_141755,9.160126960162522,15.104474067687988,0.15856528282165527,8.172003,-0.07948011,8.172003,3.4457011
20220125_141755,9.329302161008814,15.558119773864746,0.1972033530473709,8.406502,-0.11173992,8.406502,3.3722754
20220125_141756,9.272306275046837,15.78116512298584,0.19687193632125854,8.353553,-0.15773414,8.353553,3.3467574
20220125_141756,9.264329054919289,15.824374198913574,0.17771540582180023,8.349159,-0.20358214,8.349159,3.3375278
20220125_141756,9.29344447491058,15.699481964111328,0.18054281175136566,8.388765,-0.23573573,8.388765,3.3290355
20220125_141757,9.269251074241755,15.683737754821777,0.1364661604166031,8.359286,-0.25732175,8.359286,3.3332298
20220125_141757,9.26684577401314,15.696378707885742,0.17318812012672424,8.349108,-0.29206425,8.349108,3.3246748
20220125_141758,9.253763742964242,15.863975524902344,0.18574807047843933,8.3363905,-0.2765359,8.3363905,3.3203902
20220125_141758,9.252687926689525,15.833684921264648,0.15557613968849182,8.342943,-0.29829556,8.342943,3.316284
20220125_141759,9.288609920887907,15.840389251708984,0.2250775545835495,8.36795,-0.32202178,8.36795,3.331097
20220125_141759,9.2778111236772,15.77538776397705,0.2303668111562729,8.360039,-0.32917523,8.360039,3.3241212
20220125_141800,9.274353947327677,15.872153282165527,0.28274300694465637,8.368679,-0.35013834,8.368679,3.311422
20220125_141800,9.277085258527935,15.937440872192383,0.10132677108049393,8.352458,-0.3961167,8.352458,3.330719
20220125_141801,9.25736137590254,15.85395622253418,0.20701627433300018,8.35389,-0.38343805,8.35389,3.3030522
20220125_141801,9.253348666208508,16.020719528198242,0.24990569055080414,8.3373165,-0.4044455,8.3373165,3.3077898
20220125_141802,9.246469119945889,15.907417297363281,0.17232130467891693,8.33149,-0.4112133,8.33149,3.3080173
20220125_141802,9.24343772375655,15.860604286193848,0.16119500994682312,8.322802,-0.39157906,8.322802,3.3181758
20220125_141803,9.250811054707496,16.0084171295166,0.14937706291675568,8.334763,-0.3781812,8.334763,3.315118
20220125_141803,9.227365160977017,15.839951515197754,0.1333378553390503,8.313941,-0.36802405,8.313941,3.3053687
20220125_141804,9.247962735294092,15.847496032714844,0.11836627125740051,8.345305,-0.33527726,8.345305,3.2957828
20220125_141804,9.252748592080545,15.965147018432617,0.14267843961715698,8.341224,-0.33303016,8.341224,3.3065164
20220125_141805,9.25045445363614,15.870644569396973,0.13647376000881195,8.33767,-0.35235068,8.33767,3.2987473
20220125_141805,9.248235385927623,15.950769424438477,0.2276967465877533,8.325206,-0.37293923,8.325206,3.3110914
20220125_141806,9.258840372598579,15.99927043914795,0.207036554813385,8.3428135,-0.35960975,8.3428135,3.3056233
20220125_141806,9.266186481366775,15.868351936340332,0.12233481556177139,8.343815,-0.36844656,8.343815,3.3153238
20220125_141807,9.212216945849194,15.907632827758789,0.13727469742298126,8.30404,-0.3395123,8.30404,3.287123
20220125_141807,9.228396930908215,16.053455352783203,0.1545359045267105,8.314493,-0.34381628,8.314493,3.3020828
20220125_141808,9.240934677584825,15.921469688415527,0.12912480533123016,8.331866,-0.3494863,8.331866,3.3024867
20220125_141808,9.269033548416097,16.06076431274414,0.13477203249931335,8.360912,-0.35575178,8.360912,3.3057537
20220125_141809,9.238931529466559,16.076904296875,0.2222672700881958,8.316147,-0.36334223,8.316147,3.3148937
20220125_141809,9.241506549542132,16.016237258911133,0.14012889564037323,8.330431,-0.35029775,8.330431,3.2993202
20220125_141810,9.218731987022922,15.918425559997559,0.1823129653930664,8.303661,-0.32435623,8.303661,3.2984738
20220125_141810,9.237434193804583,16.09920883178711,0.1640262007713318,8.331397,-0.3525372,8.331397,3.2886243
20220125_141811,9.229623381957184,15.988177299499512,0.1968819946050644,8.332739,-0.3355668,8.332739,3.2664926
20220125_141811,8.9776366286892,15.90129280090332,0.18008333444595337,8.168457,-0.3692719,8.168457,3.0394292
20220125_141812,8.48120351653071,15.628660202026367,0.16818347573280334,7.704472,-0.40569404,7.7044725,2.81764
20220125_141812,7.87961399607149,15.02107048034668,0.10369772464036942,7.143163,-0.38019004,7.143398,2.630815
20220125_141813,6.972798422551704,15.436521530151367,0.09882622212171555,6.2416387,-0.3047612,6.243215,2.459553
20220125_141813,6.152995750279789,15.310415267944336,0.11350696533918381,5.4502716,-0.22166137,5.451262,2.1991453
20220125_141814,5.488044379996573,15.708897590637207,0.11114998906850815,4.7966385,-0.15589966,4.8028107,2.0200946
20220125_141814,4.7617746232243965,15.919195175170898,0.1202106773853302,4.0680337,-0.15691887,4.084135,1.8445711
20220125_141815,4.217584790199949,12.337117195129395,0.05763658136129379,3.5025477,-0.17509045,3.526708,1.7513239
20220125_141815,3.891922438703149,11.391736030578613,0.046711284667253494,3.1902738,-0.2080516,3.2196083,1.6560361
20220125_141815,3.5665345857783426,10.660256385803223,0.06855905055999756,2.8772361,-0.24449143,2.903564,1.5859518
20220125_141816,3.318717267480948,9.575140953063965,0.013654922135174274,2.6153781,-0.26029482,2.641871,1.5619072
20220125_141816,3.1051722548058986,9.733382225036621,0.024340715259313583,2.3673694,-0.24592274,2.4165375,1.5427293
20220125_141817,2.9786002144310983,10.013297080993652,0.006709573324769735,2.283562,-0.11970619,2.337142,1.487005
20220125_141817,2.8098527846450594,8.874750137329102,0.00121219118591398,2.0827236,-0.22566597,2.126313,1.4956604
20220125_141818,2.638719769444503,8.253212928771973,0.0026815810706466436,1.9009274,-0.25599143,1.9296783,1.4831173
20220125_141818,2.5781580815537586,7.857812404632568,0.005844804458320141,1.8264914,-0.23804441,1.8616371,1.4822726
20220125_141819,2.5222048198221096,7.933849334716797,0.0035003896337002516,1.7758805,-0.21919607,1.8165413,1.4467678
20220125_141819,2.528761622610534,8.347474098205566,0.0010018193861469626,1.8075434,-0.21473306,1.8569813,1.4226153
20220125_141820,2.552094175638307,9.179166793823242,0.003925340715795755,1.844891,-0.17382672,1.9052845,1.4007435
20220125_141821,2.5743404568962256,9.31632137298584,0.004155238624662161,1.8720126,-0.1104345,1.9562794,1.37375
20220125_141821,2.5476415737449756,8.800416946411133,0.0018564864294603467,1.8273518,-0.1455956,1.9192518,1.3793653
20220125_141821,2.5174651713926055,7.904593467712402,0.0064926412887871265,1.7616343,-0.15805978,1.8582723,1.3976154
20220125_141822,2.5268827448386837,7.661726474761963,0.008792347274720669,1.7548884,-0.21757704,1.8579584,1.4164238
20220125_141822,2.515746732116865,8.154885292053223,0.004805142059922218,1.7106786,-0.20107767,1.8321944,1.4145318
20220125_141823,2.523936841797744,8.409784317016602,0.0062842476181685925,1.679299,-0.21938522,1.8308072,1.4278442
20220125_141823,2.517774777386231,8.26163387298584,0.005299642216414213,1.7026194,-0.24347863,1.8346611,1.4139774
20220125_141824,2.5078465056950656,8.040834426879883,0.007304658181965351,1.7063053,-0.21267346,1.8218901,1.4133732
20220125_141824,2.481456354795591,7.54234504699707,0.0029404922388494015,1.687121,-0.25293574,1.8077152,1.3970711
20220125_141825,2.505033809551787,7.730225563049316,0.002976649673655629,1.7109346,-0.24635887,1.8243699,1.4138114
20220125_141825,2.48548095365801,7.767443656921387,0.0029867717530578375,1.687296,-0.23459375,1.799755,1.4160938
20220125_141826,2.497815739895519,7.6896185874938965,0.00138080061879009,1.7038877,-0.26311514,1.8188459,1.416925
20220125_141826,2.508341767600106,7.262333869934082,0.007140688598155975,1.709997,-0.24895331,1.8185049,1.4274858
20220125_141827,2.548909988022058,7.700202465057373,0.0008562966831959784,1.7565159,-0.27483878,1.8617638,1.434991
20220125_141827,2.5163867916439338,7.757530212402344,0.0013440584298223257,1.7162193,-0.24200165,1.8321741,1.419328
20220125_141828,2.484325729891812,7.555309772491455,0.0033444634173065424,1.6972866,-0.26507032,1.809807,1.4075321
20220125_141828,2.4988604825564993,7.686851978302002,0.011463760398328304,1.7031714,-0.25275367,1.8119382,1.4202332
20220125_141829,2.494450201982805,7.746945858001709,0.00581395486369729,1.7032505,-0.24555038,1.8176011,1.407368
20220125_141829,2.520569040391603,7.809626579284668,0.003996510989964008,1.7332696,-0.28600872,1.8396997,1.4214317
20220125_141830,2.5041834247242387,7.769859790802002,0.009352859109640121,1.7095637,-0.25454602,1.8215699,1.4117986
20220125_141830,2.517716298385061,7.958494663238525,0.002410238841548562,1.721321,-0.25700292,1.8436146,1.4161739
20220125_141831,2.5102349029009683,7.801551342010498,0.005094597116112709,1.7158096,-0.27389327,1.8233435,1.418796
20220125_141831,2.5225572162683325,7.8462066650390625,0.004506617784500122,1.7238714,-0.24875778,1.8392105,1.4272139
20220125_141832,2.531583297970335,7.945619583129883,0.003087313612923026,1.725702,-0.236812,1.8417209,1.4273082
20220125_141832,2.5235510409958732,7.906670570373535,0.0038139924872666597,1.7126304,-0.2603583,1.845395,1.4096014
20220125_141833,2.519299539767313,8.269061088562012,0.0052100359462201595,1.7135111,-0.24777558,1.840752,1.4074597
20220125_141833,2.497842044626096,7.646386623382568,0.0032350041437894106,1.7133223,-0.2353633,1.8225929,1.4071661
20220125_141834,2.5426294444728654,7.352875709533691,0.002582637360319495,1.779439,-0.1874812,1.8783332,1.4179372
20220125_141834,2.54637016258733,8.573141098022461,0.0028123289812356234,1.8012631,-0.20588124,1.900948,1.4018015
20220125_141835,2.5693008242361115,9.195708274841309,0.004642443265765905,1.8290333,-0.2233057,1.9192027,1.4169483
20220125_141835,2.5493465370490402,9.112793922424316,0.0008610129589214921,1.8236489,-0.21156396,1.9009104,1.410917
20220125_141836,2.548197484501727,8.924806594848633,0.00853436067700386,1.8178872,-0.23574004,1.8827597,1.4272724
20220125_141836,2.528364532994665,8.342473983764648,0.00020731797849293798,1.7973988,-0.21691632,1.8489085,1.4314363
20220125_141837,2.530765333030823,8.015478134155273,0.0023904216941446066,1.7748806,-0.24722375,1.8219013,1.4589667
20220125_141837,2.5960799985554477,8.04267692565918,0.002705457154661417,1.8404593,-0.27817753,1.8798398,1.4810351
20220125_141838,2.6868473198510503,8.287086486816406,0.008021168410778046,1.946062,-0.27138925,1.9800719,1.4930989
20220125_141838,2.810819896723568,8.602184295654297,0.008397960104048252,2.05548,-0.3110873,2.1072965,1.5055581
20220125_141839,2.9401544976273435,9.486712455749512,0.00273838615976274,2.1601932,-0.35224771,2.2167501,1.5498067
20220125_141840,3.1913898333675825,9.795387268066406,0.007833559066057205,2.4498441,-0.3860869,2.4899464,1.575083
20220125_141840,3.319168807473942,9.402849197387695,0.027995577082037926,2.5953152,-0.31805396,2.62104,1.5832654
20220125_141841,3.536897973147182,10.919721603393555,0.037624187767505646,2.8199768,-0.29169956,2.850623,1.594574
20220125_141841,3.8412396370580457,11.103163719177246,0.06797441095113754,3.1152802,-0.27536926,3.1461635,1.6631833
20220125_141842,4.21101700004759,12.402192115783691,0.037022605538368225,3.4811654,-0.28297508,3.512167,1.7423924
20220125_141843,4.6823018347868635,15.955690383911133,0.10827337205410004,3.9550447,-0.28328466,3.9827302,1.8177613
20220125_141843,5.238918916386861,15.509445190429688,0.09650460630655289,4.5293603,-0.2474475,4.53955,1.9548186
20220125_141844,5.885194733862163,15.66374397277832,0.14333206415176392,5.186391,-0.24802706,5.1947627,2.089951
20220125_141845,6.542502306935455,15.611676216125488,0.12728646397590637,5.8223467,-0.27933022,5.8232837,2.3185585
20220125_141846,7.241734762657646,15.533514976501465,0.11417551338672638,6.4944034,-0.35988447,6.4950385,2.529187
20220125_141846,8.045862823437133,15.196660995483398,0.16887415945529938,7.2798223,-0.43113372,7.279942,2.7048163
20220125_141847,8.541216186454177,15.507482528686523,0.13740754127502441,7.7604737,-0.41274083,7.7604737,2.8603077
20220125_141848,8.927566767714726,16.03828239440918,0.1684088110923767,8.100421,-0.3941148,8.100421,3.0627165
20220125_141849,8.935526709374852,15.947234153747559,0.18425516784191132,8.109378,-0.39780915,8.109378,3.0742557
20220125_141850,8.94066550682128,15.983794212341309,0.18345274031162262,8.1129465,-0.3752588,8.1129465,3.0729792
20220125_141850,8.963493244421986,16.000736236572266,0.06837355345487595,8.126203,-0.40765032,8.126203,3.0838094
20220125_141851,8.941678180533211,15.986063003540039,0.10659777373075485,8.11217,-0.39708963,8.11217,3.0752192
20220125_141852,9.01643145522919,15.847440719604492,0.2394809126853943,8.176345,-0.42118832,8.176345,3.0991309
20220125_141853,8.983619825984695,15.8157958984375,0.14280204474925995,8.141684,-0.4305226,8.141684,3.106214
20220125_141854,8.999707739911171,15.788179397583008,0.10577785223722458,8.159859,-0.43440792,8.159859,3.0951607
20220125_141854,8.992969414659612,15.690450668334961,0.17567317187786102,8.145802,-0.46221238,8.145802,3.1077294
20220125_141855,9.000523875547943,15.78005313873291,0.23527197539806366,8.161604,-0.4516039,8.161604,3.1021116
20220125_141856,9.0355147341256,15.859286308288574,0.14740829169750214,8.18958,-0.4126846,8.18958,3.1122081
20220125_141857,9.040609133434268,15.714009284973145,0.13330776989459991,8.188868,-0.45895392,8.188868,3.1287422
20220125_141858,9.004775789453209,15.83814811706543,0.1356828212738037,8.15533,-0.43271825,8.15533,3.1205292
20220125_141858,9.000751284122789,15.562234878540039,0.11801590025424957,8.156652,-0.4301057,8.156652,3.1130974
20220125_141859,8.970550980658691,15.75491714477539,0.1340194046497345,8.120995,-0.41089863,8.120995,3.1116896
20220125_141900,9.006355053946947,15.60452938079834,0.13120071589946747,8.160003,-0.41684848,8.160003,3.1267512
20220125_141901,9.000964476886859,15.636154174804688,0.13713543117046356,8.162291,-0.42318526,8.162291,3.0997925
20220125_141902,9.006244735646993,15.76267147064209,0.16132207214832306,8.157409,-0.42651004,8.157409,3.116925
20220125_141903,9.006974373003805,15.655981063842773,0.1702667474746704,8.1657295,-0.40314054,8.1657295,3.103115
20220125_141904,9.023620978052147,15.504220008850098,0.1544221043586731,8.170589,-0.43295556,8.170589,3.133949
20220125_141904,9.01086051402961,15.57359790802002,0.18709442019462585,8.160952,-0.42918694,8.160952,3.1201105
20220125_141905,9.01377786516698,15.614043235778809,0.20620518922805786,8.162053,-0.45377752,8.162053,3.1315618
20220125_141906,9.014206797885635,15.58774185180664,0.23340576887130737,8.164244,-0.41959584,8.164244,3.1261873
20220125_141907,9.00169392433669,15.604925155639648,0.16984523832798004,8.1540985,-0.43383348,8.1540985,3.1188674
20220125_141908,9.056439709067831,15.52979850769043,0.14941084384918213,8.19937,-0.43438205,8.19937,3.1386042
20220125_141909,9.013151117184256,15.513934135437012,0.1904064416885376,8.164516,-0.40643442,8.164516,3.1204634
20220125_141909,9.024209989715413,15.718920707702637,0.18580575287342072,8.169712,-0.4481691,8.169712,3.1357083
20220125_141910,9.049204002768356,15.58651351928711,0.1286047250032425,8.187332,-0.43716586,8.187332,3.1486
20220125_141911,9.02337332422715,15.683258056640625,0.21790292859077454,8.17222,-0.43704277,8.17222,3.130472
20220125_141911,9.039332741089282,15.60040283203125,0.14389462769031525,8.1906185,-0.43745172,8.1906185,3.1305442
20220125_141912,9.038967558895289,15.585100173950195,0.1767934113740921,8.187265,-0.42424694,8.187265,3.1341503
20220125_141913,9.017795476284759,15.716320037841797,0.2354387640953064,8.174215,-0.40042198,8.174215,3.1272562
20220125_141913,9.001928210557272,15.550117492675781,0.11066263169050217,8.158529,-0.42045808,8.158529,3.107255
20220125_141914,9.012298227710321,15.70791244506836,0.138008713722229,8.158138,-0.42129818,8.158138,3.131316
20220125_141915,9.041414758725116,15.483108520507812,0.15079636871814728,8.194934,-0.4424174,8.194934,3.126216
20220125_141915,9.032732521081533,15.662793159484863,0.2711513936519623,8.183753,-0.4549834,8.183753,3.1310997
20220125_141916,9.005591099225205,15.530299186706543,0.1652894914150238,8.158728,-0.41999954,8.158728,3.1230893
20220125_141917,9.019173960316378,15.537128448486328,0.2482762634754181,8.169348,-0.43364275,8.169348,3.1322534
20220125_141917,9.027557409050164,15.5835542678833,0.1145152896642685,8.174666,-0.44050863,8.174666,3.1276755
20220125_141918,9.028452708196225,15.554983139038086,0.19862079620361328,8.183045,-0.42666084,8.183045,3.1155849
20220125_141918,9.03662646212643,15.711409568786621,0.1511080116033554,8.188041,-0.41169348,8.188041,3.126215
20220125_141919,9.07255544136183,15.404590606689453,0.164738729596138,8.217628,-0.4158988,8.217628,3.142503
20220125_141919,9.289308024309522,15.71843433380127,0.19340570271015167,8.37211,-0.3930538,8.37211,3.327921
20220125_141920,9.205319187547257,14.688501358032227,0.19014088809490204,8.185296,-0.4056289,8.185296,3.4897516
20220125_141920,9.069168022539118,14.933610916137695,0.16829395294189453,7.945831,-0.3497808,7.945831,3.641667
20220125_141921,8.706040782044514,15.354683876037598,0.10503634810447693,7.3877115,-0.24997984,7.3877115,3.801596
20220125_141921,7.88213350521214,14.078779220581055,0.022146018221974373,6.2173314,-0.27995476,6.228966,3.881975
20220125_141922,6.800372930484737,12.707172393798828,0.02102339267730713,4.576413,-0.27548185,4.85013,3.886199
20220125_141922,5.958396939544172,11.208216667175293,0.045432399958372116,2.772305,-0.30175242,3.8291323,3.8854795
20220125_141923,5.518534715559641,10.027909278869629,0.07170182466506958,0.86510396,-0.38654453,3.3118231,3.8887312
20220125_141923,5.510103469092029,10.078184127807617,0.019200820475816727,-0.5377795,-0.35221195,3.3036282,3.9031131
20220125_141924,5.721992388849139,11.065157890319824,0.00667218305170536,-1.8569757,-0.37539738,3.56016,3.9034216
20220125_141924,6.187077642590089,12.057110786437988,0.022787252441048622,-3.2603319,-0.36833453,4.102379,3.901146
20220125_141925,6.689548639280035,12.670310020446777,0.012691042385995388,-4.2791605,-0.36455852,4.6809177,3.9176435
20220125_141925,7.324062599375382,13.310495376586914,0.004625190980732441,-5.543623,-0.6078034,5.5659037,3.8651032
20220125_141926,7.966648266215917,14.471632957458496,0.009063193574547768,-6.272443,-0.6079651,6.2907405,3.9292104
20220125_141926,8.522802067081738,14.768349647521973,0.14164410531520844,-7.050864,-0.54326636,7.050864,3.9035027
20220125_141927,8.870624551813108,15.51559829711914,0.16720622777938843,-7.542509,-0.24222338,7.542509,3.8652713
20220125_141927,9.409953742771645,14.934720993041992,0.09903191030025482,-8.247797,-0.9530268,8.247797,3.7671702
20220125_141928,9.718490345548886,16.157583236694336,0.14080607891082764,-8.627842,-0.6009672,8.627842,3.7274222
20220125_141928,9.948915969129187,16.648509979248047,0.11145439743995667,-8.943359,-0.5417794,8.943359,3.6575387
20220125_141929,10.049239827472695,16.48949432373047,0.08511553704738617,-9.134805,-0.47720486,9.134805,3.503627
20220125_141929,9.81385997231365,15.839920997619629,0.05918356031179428,-8.967113,-0.27608135,8.968576,3.2985451
20220125_141930,9.552734949761138,15.02859878540039,0.07621701806783676,-8.774928,-0.24435645,8.783953,3.0803232
20220125_141930,9.240379172576505,15.031174659729004,0.04934776946902275,-8.512365,-0.41108814,8.517935,2.9180682
20220125_141931,8.838228273085226,15.194429397583008,0.11779224127531052,-8.127845,-0.20829065,8.132598,2.8290222
20220125_141931,8.393617549473797,15.558935165405273,0.05111399292945862,-7.7021003,-0.16092716,7.711113,2.6901624
20220125_141932,8.831216893952476,15.278148651123047,0.07142975181341171,-8.132111,-0.2095287,8.137627,2.8084195
20220125_141932,9.294868971926258,15.849716186523438,0.05945814400911331,-8.561147,-0.23581423,8.570299,2.9408662
20220125_141933,9.598607201148818,15.229043006896973,0.0926390066742897,-8.818672,-0.26748544,8.826737,3.0960846
20220125_141933,9.904278380872428,15.538459777832031,0.08184568583965302,-9.031774,-0.33446845,9.031774,3.3920999
20220125_141934,9.952552678866805,16.77420997619629,0.12607844173908234,-8.971254,-0.34510162,8.971254,3.6244593
20220125_141934,9.675860756680443,16.123455047607422,0.11625728756189346,-8.5705,-0.34178516,8.5705,3.7552257
20220125_141935,9.14253474776747,15.434988021850586,0.09473752975463867,-7.8826756,-0.31551126,7.8826756,3.8570905
20220125_141935,8.621224810791944,15.204330444335938,0.1834689825773239,-7.193049,-0.23649983,7.193049,3.8949108
20220125_141936,8.426829878896147,14.855269432067871,0.17105618119239807,-6.906979,-0.24285306,6.9070168,3.9208632
20220125_141936,8.072702293391423,14.92958927154541,0.11165127903223038,-6.4458737,-0.20505977,6.4523664,3.9123256
20220125_141937,7.659001933662704,14.39013385772705,0.03392358496785164,-5.865743,-0.1690752,5.9159856,3.9191294
20220125_141937,7.488296358499393,14.001266479492188,0.0481901690363884,-5.60978,-0.16338135,5.6886954,3.917713
20220125_141938,7.217937618271152,13.621868133544922,0.034251127392053604,-5.2183027,-0.21403338,5.3599396,3.9100888
20220125_141938,6.9556338265007245,13.291998863220215,0.015350284986197948,-4.7646055,-0.1631246,5.027816,3.9143863
20220125_141939,6.782023196030646,12.915985107421875,0.0003791700000874698,-4.4727335,-0.1765946,4.8074684,3.91981
20220125_141939,6.570122774097735,12.648303031921387,0.01770942471921444,-4.110392,-0.18053773,4.5603266,3.8994586
20220125_141940,6.449501029268397,12.483553886413574,0.030145153403282166,-3.8198805,-0.11777292,4.40493,3.9141781
20220125_141940,6.403239498372729,12.45369815826416,0.08268531411886215,-3.7736316,-0.20688248,4.3540263,3.9034255
20220125_141941,6.348370059877724,12.27995777130127,0.07149744778871536,-3.6717908,-0.2346204,4.297556,3.895049
20220125_141941,6.3476122698588915,12.29085636138916,0.0591810904443264,-3.6675496,-0.26993132,4.286594,3.9040742
20220125_141942,6.315504859848164,12.244071006774902,0.01811116561293602,-3.599189,-0.29288554,4.265632,3.8905978
20220125_141942,6.307015663224178,12.370251655578613,0.06123659759759903,-3.563499,-0.24355812,4.25715,3.8955646
20220125_141943,6.300681619073094,12.253740310668945,0.07790117710828781,-3.5570796,-0.24385646,4.2457566,3.8982446
20220125_141943,6.2995669703864925,12.276716232299805,0.029048403725028038,-3.5879683,-0.33221152,4.251899,3.885679
20220125_141944,6.326767997629459,12.173076629638672,0.057718876749277115,-3.592348,-0.31879556,4.2666006,3.909872
20220125_141944,6.0759692873412305,11.913597106933594,0.03818125277757645,-3.0237353,-0.36682785,3.9608874,3.9013517
20220125_141944,5.889697034311534,11.531251907348633,0.009968706406652927,-2.5341046,-0.40790612,3.7286143,3.9028869
20220125_141945,5.746224019878453,11.271810531616211,0.014419102109968662,-2.0337503,-0.3731939,3.582065,3.8893697
20220125_141945,5.638040267710129,10.857672691345215,0.03205135837197304,-1.5738809,-0.33977285,3.4578102,3.8937333
20220125_141946,5.565772316747903,10.434908866882324,0.017993146553635597,-1.0940697,-0.43406442,3.355888,3.9117053
20220125_141946,5.486290467217531,9.938465118408203,0.012669365853071213,-0.41471282,-0.43998426,3.2678537,3.9054365
20220125_141947,5.470810008162748,9.578886032104492,0.0007638423121534288,0.4383045,-0.3962709,3.2596395,3.8851428
20220125_141947,5.866582894900033,11.006119728088379,0.006148033309727907,2.4877825,-0.4141257,3.7059226,3.8961813
20220125_141948,6.944960376953209,13.028698921203613,0.005288411397486925,4.826707,-0.43822306,5.020145,3.8923945
20220125_141948,8.313085250241093,14.683403015136719,0.08314289152622223,6.802905,-0.47626358,6.803725,3.8780267
20220125_141949,9.02854498018957,15.059342384338379,0.14660212397575378,7.8358006,-0.53541267,7.8358006,3.7362711
20220125_141949,9.199791974823048,14.563143730163574,0.15967172384262085,8.188032,-0.5634044,8.188032,3.4972885
20220125_141950,9.391745717113317,15.877585411071777,0.10537636280059814,8.469361,-0.7007148,8.469361,3.3477027
20220125_141950,8.930254196309962,15.637417793273926,0.14561796188354492,8.119758,-0.46557546,8.119758,3.0077705
20220125_141951,8.165661091635405,15.676140785217285,0.11655755341053009,7.3959284,-0.5220033,7.3960466,2.7230804
20220125_141951,6.806037071725721,15.40092945098877,0.08386263996362686,6.0804,-0.36577475,6.0811195,2.3757591
20220125_141952,5.462394843736501,15.653000831604004,0.10907895117998123,4.7771893,-0.26315776,4.78273,1.9840873
20220125_141952,4.129221444103553,12.509615898132324,0.06692973524332047,3.390416,-0.23751321,3.4192915,1.7494358
20220125_141953,3.4337917154510547,10.04900074005127,0.10230936855077744,2.7200835,-0.24421473,2.7520623,1.5868689
20220125_141953,3.121875709495924,9.94993782043457,0.0028947838582098484,2.4432352,-0.10098317,2.4967198,1.5083386
20220125_141954,2.711577925043444,8.532501220703125,0.0056334189139306545,2.0062814,-0.14314786,2.0427659,1.4659405
20220125_141954,2.5510361125609946,8.192900657653809,0.003145224181935191,1.8028891,-0.18314496,1.8464992,1.4527158
20220125_141954,2.58732117392688,9.320206642150879,0.003940321039408445,1.8679112,-0.08587359,1.9336572,1.4065567
20220125_141955,2.5396186956773406,8.04511833190918,0.00102370569948107,1.8033952,-0.07415997,1.8905823,1.3896315
20220125_141955,2.5284018131533825,8.229604721069336,0.006044385489076376,1.7107044,-0.080659635,1.8511287,1.3929758
20220125_141956,2.582975020116161,9.127196311950684,0.005577400792390108,1.7019439,-0.11255468,1.9039857,1.4071636
20220125_141956,2.5673723394943404,8.823473930358887,0.005189975257962942,1.5820934,-0.14438997,1.8783706,1.4152031
20220125_141957,2.5940733929013984,7.75664758682251,0.001986139453947544,1.2587636,-0.21867526,1.9142641,1.4180433
20220125_141957,2.564683154489918,7.295554161071777,0.0014809498097747564,0.9230996,-0.24874187,1.902022,1.4251248
20220125_141958,2.627616959949871,10.022059440612793,0.0018185428343713284,0.513377,-0.32835448,1.9632215,1.448907
20220125_141958,2.81815831124398,8.831869125366211,0.0017365601379424334,0.17507544,-0.3821952,2.1727734,1.4633662
20220125_141959,2.835273122910409,8.832555770874023,0.004878569860011339,-0.08708587,-0.43694118,2.1776943,1.4581187
20220125_141959,2.84139178382634,9.032793998718262,0.006213739048689604,-0.12184935,-0.44954956,2.1807325,1.4594042
20220125_142000,2.8226077340992757,9.654254913330078,0.0016489102272316813,-0.14915709,-0.43454042,2.1507096,1.4621016
20220125_142000,2.830507495854457,9.893595695495605,0.004411771427839994,-0.19287771,-0.45189363,2.1428394,1.4801008
20220125_142001,2.833582963889192,10.909248352050781,0.00533451559022069,-0.30620652,-0.4873776,2.11487,1.5082145
20220125_142001,2.795286657929247,11.205979347229004,0.006069713272154331,-0.39531124,-0.49688882,2.073416,1.4906418
20220125_142001,2.7566479291927113,11.511316299438477,0.0066373604349792,-0.45482618,-0.54109424,2.005132,1.4958553
20220125_142002,2.813433582301855,12.920138359069824,0.009773294441401958,-1.0831326,-0.5023997,2.0436192,1.5183946
20220125_142002,2.837772395748312,12.97050952911377,0.00151502073276788,-1.4214804,-0.43490848,2.0977294,1.5055939
20220125_142003,2.7569041622182877,12.805461883544922,0.004933273419737816,-1.4204208,-0.39390785,2.0224667,1.4913462
20220125_142003,2.7565946337305354,12.61572551727295,0.0009465804905630648,-1.3892897,-0.3082418,2.00144,1.5448577
20220125_142004,2.667841254211051,12.271712303161621,0.0038610724732279778,-1.2154517,-0.29760346,1.8707778,1.5645056
20220125_142004,2.526348102280374,12.008790969848633,0.00328947720117867,-0.9644633,-0.2636649,1.7136389,1.5263906
20220125_142005,2.37674476794049,11.822564125061035,0.0014605667674914002,-0.7130521,-0.23288502,1.5093678,1.511932
20220125_142005,2.321617471941156,11.662260055541992,0.003735810983926058,-0.5374484,-0.21064647,1.4119333,1.5099834
20220125_142006,2.253680178394379,11.599678993225098,0.008450361900031567,-0.39282322,-0.21632601,1.32331,1.506179
20220125_142006,2.18246544129057,11.527291297912598,0.006505955010652542,-0.25437072,-0.15078561,1.2350525,1.5067767
20220125_142007,2.1057240169313376,11.517569541931152,0.005694822408258915,-0.1020036,-0.18610546,1.1734905,1.4840673
20220125_142007,2.106444547623996,11.552001953125,0.0028592413291335106,0.09701482,-0.11387267,1.2087151,1.4628718
20220125_142008,2.1077952261674433,11.469510078430176,0.003619900904595852,0.25874203,-0.0969717,1.2562869,1.4221756
20220125_142008,2.1964147264867813,11.783092498779297,0.0019021668704226613,0.40563673,-0.11581892,1.363412,1.4401363
20220125_142009,2.2614577678718435,11.888873100280762,0.005202859174460173,0.48148194,-0.1623435,1.4613769,1.426539
20220125_142009,2.291965017211074,12.179150581359863,0.0024867458269000053,0.44036716,-0.12634933,1.5216734,1.3980955
20220125_142010,2.3304946371358124,12.29745101928711,0.0015004294691607356,0.36626285,-0.1085265,1.5717106,1.3835189
20220125_142010,2.3792984985654524,12.051091194152832,0.008199917152523994,0.3469084,-0.11663048,1.6282461,1.3576719
20220125_142011,2.403369145907157,12.075455665588379,0.003771516727283597,0.30939376,-0.08323947,1.6754663,1.3308982
20220125_142011,2.454485669825523,12.218435287475586,0.0035452344454824924,0.31802717,-0.0494668,1.7399625,1.3234843
20220125_142011,2.4723618612143854,12.141867637634277,0.0033478073310106993,0.3382556,-0.03406847,1.7697726,1.3144903
20220125_142012,2.4919373798654028,12.4137544631958,0.0026343122590333223,0.35663176,-0.003711925,1.795941,1.319729
20220125_142012,2.4736558716760504,12.527509689331055,0.004193655680865049,0.35839638,0.05631769,1.7819293,1.3287264
20220125_142013,2.4805390266109715,12.443984985351562,0.0037074771244078875,0.3953456,0.061181687,1.7685226,1.3527678
20220125_142013,2.45682004446039,12.231562614440918,0.001507417531684041,0.40294448,0.1637702,1.7435107,1.3548388
20220125_142014,2.464929099483293,12.525471687316895,0.001747075468301773,0.3821272,0.13521807,1.7653984,1.341291
20220125_142014,2.448217967893635,12.426440238952637,0.00716171320527792,0.38258174,0.12505746,1.7385998,1.3391182
20220125_142015,2.47274475988642,12.406055450439453,0.0022384775802493095,0.3947008,0.11212061,1.7580397,1.3499824
20220125_142015,2.4880404977549313,12.381868362426758,0.004001679364591837,0.3893613,0.07723961,1.7732741,1.3580415
20220125_142016,2.4609028301657783,12.517677307128906,0.002978735603392124,0.400435,0.09876246,1.7497988,1.3508816
20220125_142016,2.49478897253781,12.415231704711914,0.003271557157859206,0.38156155,0.10748364,1.7972177,1.3480749
20220125_142017,2.4971295425882003,12.513689041137695,0.0010532253654673696,0.39796102,0.10830723,1.7956345,1.3445013
20220125_142017,2.479005531557395,12.532806396484375,0.0027728823479264975,0.38535008,0.09341389,1.7628378,1.3527606
20220125_142018,2.4888720730608385,12.692373275756836,0.002842328976839781,0.3489665,0.06637106,1.7811085,1.3506426
20220125_142018,2.483583914668464,12.517914772033691,0.00016898094327189028,0.37621394,0.08819006,1.7751572,1.345596
20220125_142019,2.487314870235417,12.627301216125488,0.0005906600272282958,0.37086475,0.053646713,1.7836444,1.3398517
20220125_142019,2.4771648740296577,12.690807342529297,0.0014658876461908221,0.39648992,0.043454938,1.7773765,1.3320081
20220125_142020,2.470059294037647,12.641593933105469,0.003288152627646923,0.38050067,0.050767794,1.7708033,1.3271989
20220125_142020,2.477181558728082,12.59582233428955,0.000898210157174617,0.36781865,0.04586879,1.7735627,1.3423381
20220125_142021,2.466406486791585,12.536690711975098,0.004258484113961458,0.40778437,0.06533,1.7718061,1.3256985
20220125_142021,2.465224792474392,12.632059097290039,0.004891558084636927,0.38057253,0.08306661,1.7792639,1.3145782
20220125_142022,2.4856314721149806,12.660263061523438,0.0023360461927950382,0.38902706,0.06663052,1.7930243,1.3328547
20220125_142022,2.4675202069501805,12.545069694519043,0.0015876125544309616,0.36608815,0.06765704,1.7548248,1.340602
20220125_142023,2.473811210197547,12.56795597076416,0.0022953366860747337,0.38178334,0.024232734,1.7774364,1.3266706
20220125_142023,2.466776557579395,12.595436096191406,0.0024190801195800304,0.34440994,-0.0721137,1.751898,1.3202605
20220125_142024,2.3652332933435343,12.256498336791992,0.0017860674997791648,0.33423796,-0.14625317,1.608088,1.3667148
20220125_142024,2.287907817282801,12.279165267944336,0.0022237177472561598,0.416123,-0.19095148,1.4680945,1.4575125
20220125_142025,2.1713568259721194,12.119366645812988,0.005155197344720364,0.34320152,-0.17363942,1.2682619,1.4985735
20220125_142025,2.125834763092441,12.075984001159668,0.004460559692233801,0.031921927,-0.2317516,1.1715772,1.5116233
20220125_142026,2.265999813771218,12.365596771240234,0.002184250159189105,-0.2963768,-0.24741627,1.2863885,1.5607563
20220125_142026,2.410603105748989,12.414493560791016,0.0016594122862443328,-0.66437995,-0.32418048,1.5029998,1.578552
20220125_142027,2.6461951838197932,12.792943000793457,0.004843771457672119,-1.1195244,-0.3635008,1.8260647,1.586135
20220125_142027,2.791747038570724,13.667718887329102,0.0008584388415329158,-1.4078323,-0.41536543,2.015658,1.57444
20220125_142028,2.8241963908290235,13.789341926574707,0.002962873550131917,-1.2569149,-0.53394544,2.0490184,1.5573564
20220125_142028,2.7553563864669472,10.05101203918457,0.004128543194383383,-0.29476815,-0.53827816,2.0330877,1.5054932
20220125_142029,2.7375531224338934,9.17206859588623,0.004762190859764814,0.36551037,-0.47565368,2.071398,1.4869965
20220125_142029,2.8242508576017467,12.206088066101074,0.001936142100021243,1.0525732,-0.44785604,2.098947,1.5482302
20220125_142030,2.6125014380047666,8.068203926086426,0.006474627181887627,1.0937533,-0.1841487,1.958297,1.3956138
20220125_142030,2.5786673739697643,9.229558944702148,0.002838598797097802,1.6905236,-0.09616208,1.9173748,1.3859917
20220125_142031,2.522507705579872,8.438813209533691,0.0043941643089056015,1.7402858,-0.027214626,1.8786266,1.3478948
20220125_142031,2.5806313452788783,8.905817985534668,0.009584786370396614,1.8867422,0.0034732264,1.9583688,1.3507771
20220125_142032,2.584014850487052,8.55788803100586,0.0030450536869466305,1.9185213,-0.015614481,1.9563017,1.3729346
20220125_142032,2.644567511958547,8.094945907592773,0.0029122745618224144,1.9728448,-0.09507473,2.0029502,1.4084226
20220125_142033,3.011516869572992,9.866362571716309,0.008894484490156174,2.2902539,-0.15142162,2.3496037,1.5047766
20220125_142033,3.563840523091871,10.929671287536621,0.011933519504964352,2.8795702,-0.14867407,2.9058936,1.5909616
20220125_142034,4.653107009742584,15.908910751342773,0.038008514791727066,3.9466465,-0.12801172,3.9714332,1.8354931
20220125_142034,6.513800559426361,15.595648765563965,0.0901636928319931,5.800013,-0.19398819,5.802712,2.3075812
20220125_142035,8.33922487544067,15.682318687438965,0.17897985875606537,7.5625825,-0.42259952,7.5625825,2.7999136
20220125_142035,9.020801101456525,15.671875953674316,0.16985760629177094,8.17656,-0.38055897,8.17656,3.113016
20220125_142036,9.012896673716147,15.679283142089844,0.21655604243278503,8.174502,-0.3872775,8.174502,3.104962
20220125_142036,9.028086534253163,15.753045082092285,0.13835395872592926,8.1890545,-0.40638793,8.1890545,3.113798
20220125_142037,8.991804658978356,15.716326713562012,0.17138536274433136,8.146184,-0.3891803,8.146184,3.11329
20220125_142037,9.022344477959091,15.560689926147461,0.14334677159786224,8.175501,-0.4090104,8.175501,3.1210628
20220125_142037,9.036842176429134,15.685676574707031,0.17469799518585205,8.18473,-0.39954537,8.18473,3.132605
20220125_142038,9.013995253488883,15.8117036819458,0.1255347579717636,8.163242,-0.41900325,8.163242,3.1211746
20220125_142039,8.980275959173795,15.664176940917969,0.21999824047088623,8.144195,-0.36423594,8.144195,3.0991082
20220125_142039,8.988130880816247,15.753728866577148,0.1287183165550232,8.145258,-0.38096082,8.145258,3.102475
20220125_142039,9.022681848983787,15.71635913848877,0.14418773353099823,8.184662,-0.3721299,8.184662,3.107421
20220125_142040,8.987247941671187,15.754899978637695,0.1535450667142868,8.145262,-0.40990284,8.145262,3.1023207
20220125_142040,9.011902232427902,15.753159523010254,0.12131524085998535,8.169996,-0.36362457,8.169996,3.1061335
20220125_142041,9.026011024108843,15.78022575378418,0.0817219540476799,8.19303,-0.3824542,8.19303,3.111478
20220125_142041,9.014009854985286,15.72333812713623,0.15369974076747894,8.177373,-0.3627021,8.177373,3.1068337
20220125_142042,9.010738707903915,15.817432403564453,0.15427501499652863,8.170999,-0.3423151,8.170999,3.1057744
20220125_142042,8.987096965392775,15.88837718963623,0.10917141288518906,8.156064,-0.33303967,8.156064,3.1016068
20220125_142043,8.988369458032508,15.853706359863281,0.16292765736579895,8.149328,-0.35500538,8.149328,3.1002414
20220125_142044,8.990392814776023,15.67496395111084,0.18791696429252625,8.158244,-0.34813613,8.158244,3.092412
20220125_142044,8.989221899803608,15.758831977844238,0.16637837886810303,8.158888,-0.36910316,8.158888,3.1044023
20220125_142045,9.021180329368885,15.626651763916016,0.1546315997838974,8.180442,-0.37504742,8.180442,3.1233377
20220125_142045,9.02654735292446,15.715909004211426,0.1730557531118393,8.1877775,-0.3596899,8.1877775,3.1195018
20220125_142046,9.013575430056273,15.696996688842773,0.12521158158779144,8.170051,-0.36858377,8.170051,3.1225982
20220125_142046,9.000941368565037,15.765438079833984,0.272390753030777,8.154017,-0.39593843,8.154017,3.1118119
20220125_142047,9.000677757195401,15.818748474121094,0.17695096135139465,8.155421,-0.36211953,8.155421,3.1235719
20220125_142047,9.023081365195468,15.900279998779297,0.14234207570552826,8.180161,-0.39229533,8.180161,3.1182246
20220125_142047,9.005816465222923,15.765948295593262,0.1644328534603119,8.165782,-0.389535,8.165782,3.1137505
20220125_142048,9.042306296720055,15.65655517578125,0.1434832513332367,8.194743,-0.3962226,8.194743,3.1366572
20220125_142048,9.003907113281892,15.844849586486816,0.17941367626190186,8.161282,-0.40557566,8.161282,3.1133068
20220125_142049,8.98604702992592,15.821919441223145,0.14054426550865173,8.149628,-0.3799921,8.149628,3.1065753
20220125_142049,8.967096762042758,15.731229782104492,0.09743877500295639,8.125745,-0.40287042,8.125745,3.0966647
20220125_142050,8.999793111863037,15.812821388244629,0.15272685885429382,8.165611,-0.3555979,8.165611,3.104756
20220125_142050,9.00828376025718,15.708820343017578,0.16626043617725372,8.162943,-0.3783047,8.162943,3.1175623
20220125_142051,9.027426053572869,15.657851219177246,0.16909147799015045,8.184398,-0.37506115,8.184398,3.1224031
20220125_142051,9.027557400428652,15.674507141113281,0.11249243468046188,8.180691,-0.3556941,8.180691,3.129605
20220125_142052,9.18276897140971,15.428241729736328,0.22116327285766602,8.31121,-0.32565483,8.31121,3.2035954
20220125_142052,9.152385980313962,14.614471435546875,0.13952478766441345,8.131563,-0.27296412,8.131563,3.5018134
20220125_142053,8.695580073683614,15.438796997070312,0.07632619887590408,7.3655233,-0.07616077,7.3655233,3.8133109
20220125_142053,6.758669881084499,12.552899360656738,0.018671641126275063,4.4881144,-0.076044515,4.7921643,3.8939867
20220125_142054,5.661191206703326,10.349977493286133,0.09163769334554672,1.6661986,-0.030576523,3.4619455,3.9091334
20220125_142054,5.581679704138367,10.736145973205566,0.00498782005161047,-1.2346425,-0.013198049,3.3994148,3.9062037
20220125_142055,6.656917044258453,12.862081527709961,0.024319566786289215,-4.2287693,0.052401442,4.647704,3.9241302
20220125_142055,8.461921531265865,15.10130786895752,0.19898097217082977,-6.9522223,0.07388756,6.9522223,3.920695
20220125_142056,9.622625413462712,16.132410049438477,0.0861198678612709,-8.5001955,0.1406576,8.5001955,3.7795947
20220125_142056,9.88981149986188,15.818739891052246,0.046104732900857925,-9.028374,0.15434863,9.028436,3.3646832
20220125_142057,8.84993739090216,15.448873519897461,0.013487961143255234,-8.153809,0.22632237,8.157947,2.7939382
20220125_142057,6.9071889979241305,16.4589900970459,0.0070985108613967896,-6.2214565,0.3248413,6.227146,2.3710105
20220125_142058,5.016549624225288,14.89697265625,0.009332817047834396,-4.2579355,0.3416467,4.2766857,2.0156205
20220125_142058,5.371716906013025,11.181151390075684,0.044021546840667725,-4.797418,-0.14494967,4.7976832,1.8752048
20220125_142059,3.8460845375228625,11.383504867553711,0.008762174285948277,-3.0008245,0.13546437,3.044651,1.7463344
20220125_142059,3.6907167518058577,12.644393920898438,0.0027735577896237373,-2.9348276,0.35777393,2.983642,1.6291142
20220125_142100,2.9941361914507576,8.891105651855469,0.020957959815859795,-2.1969588,0.35412252,2.2424426,1.5595784
20220125_142100,2.8183198553659556,8.516813278198242,0.004819681867957115,-2.0366418,0.29100844,2.089065,1.5189213
20220125_142101,2.6136919070306432,8.791586875915527,0.0037362698931246996,-1.8037498,0.31175458,1.8577789,1.504545
20220125_142101,2.566433721927977,8.036516189575195,0.009757693856954575,-1.6891391,0.22426541,1.8321846,1.473246
20220125_142101,2.3680106234173977,8.176673889160156,0.004737999755889177,-1.5037289,0.26628584,1.6315958,1.4245343
20220125_142102,2.3022435844922393,7.919690132141113,0.002721410011872649,-1.2889372,0.24422808,1.580876,1.3974926
20220125_142102,2.299062251344101,7.446376800537109,0.004957597702741623,-0.9469532,0.2037796,1.579841,1.3963145
20220125_142103,2.313407999885934,6.837358474731445,0.0028708719182759523,-0.62974167,0.17773895,1.5605628,1.4088501
20220125_142103,2.415307399794221,6.84094762802124,0.0018607721431180835,-0.20677881,0.15314898,1.6461284,1.4231985
20220125_142104,2.4506171310985643,7.283250331878662,0.008526496589183807,0.05124694,0.19155137,1.6777819,1.4118458
20220125_142104,2.4766326846028335,7.506678104400635,0.004297101404517889,0.0018502286,0.17456977,1.7264361,1.400848
20220125_142105,2.4191919873580043,6.447786331176758,0.0025579670909792185,-0.03107689,0.18765813,1.6428782,1.4118463
20220125_142105,2.3923674139517646,6.347671031951904,0.005821553058922291,-0.15650566,0.17136817,1.6103829,1.4236611
20220125_142106,2.37734946766639,6.6597795486450195,0.0018889937782660127,-0.21513847,0.16709317,1.601906,1.4212232
20220125_142106,2.346832078991863,7.011900901794434,0.0012141751358285546,-0.24870153,0.14789289,1.5958918,1.3980932
20220125_142107,2.3195675281186063,7.043017387390137,0.0031668765004724264,-0.41149795,0.15938634,1.5732388,1.3992763
20220125_142107,2.4057279969569962,6.966137886047363,0.0033942244481295347,-0.5724815,0.21043462,1.6684693,1.4309231
20220125_142108,2.341675462505319,6.976910591125488,0.0017874372424557805,-0.5961335,0.1751123,1.6134876,1.3967493
20220125_142108,2.3295670366979877,6.843053340911865,0.0028598501812666655,-0.6902005,0.17905986,1.5883458,1.4078412
20220125_142109,2.3679025557056486,6.963898658752441,0.0037630717270076275,-0.74813986,0.24320798,1.6448529,1.4001724
20220125_142109,2.310126997130714,7.274385929107666,0.003946931101381779,-0.84050447,0.19018468,1.5956314,1.3736486
20220125_142109,2.2675843817590025,7.671277046203613,0.004123969469219446,-1.0368992,0.22121106,1.549312,1.3889792
20220125_142110,2.294452938734881,7.871809959411621,0.0004688995541073382,-1.315578,0.2715716,1.5601108,1.4117162
20220125_142110,2.3749372130617874,7.901284217834473,0.0061200205236673355,-1.4775538,0.27260515,1.6097901,1.4512254
20220125_142111,2.474263919857509,8.123438835144043,0.0017735363217070699,-1.6036296,0.2361842,1.7176397,1.480115
20220125_142111,2.6866411834832156,8.299349784851074,0.004221625626087189,-1.8922215,0.26553833,1.9462881,1.4913923
20220125_142112,2.9339774017064526,7.882117748260498,0.007609376683831215,-2.112123,0.18488611,2.1645575,1.5475127
20220125_142112,3.8792691049704184,11.340497970581055,0.001276831841096282,-3.0241776,0.21082243,3.070794,1.7802889
20220125_142113,6.457406387711924,15.293787002563477,0.002916851080954075,-5.7306385,0.46002746,5.7377896,2.3195028
20220125_142113,9.489953098272663,15.352879524230957,0.04818148538470268,-8.726831,0.27323696,8.734496,3.0364497
20220125_142114,9.320747034185997,15.668045997619629,0.13060107827186584,-8.1100445,0.24819225,8.1100445,3.8508003
20220125_142114,6.808857879317755,13.286195755004883,0.029081253334879875,-4.455843,0.17868665,4.857659,3.927361
20220125_142115,5.510711339524544,9.72817611694336,0.01988554187119007,0.26939896,0.083031386,3.306323,3.8970542
20220125_142115,7.2892073442565986,14.614995002746582,0.0044644782319664955,5.338525,0.6257216,5.446618,3.884474
20220125_142115,7.8349217634541395,12.126277923583984,0.057300910353660583,6.60983,0.921438,6.610434,3.5524542
20220125_142116,6.286883676371204,15.302350044250488,0.07996866852045059,5.605067,0.05689627,5.6050673,2.2765691
20220125_142116,3.834573792196987,11.433677673339844,0.016917521134018898,3.1352618,0.032541778,3.167972,1.679241
20220125_142117,2.950044306718339,9.941704750061035,0.005884687881916761,2.2352884,0.0084369285,2.2970834,1.491468
20220125_142117,2.496275936797958,8.076602935791016,0.005714429076761007,1.7767718,0.0025214339,1.8206857,1.395317
20220125_142118,2.8072270981067,10.083338737487793,0.003229910507798195,2.0963595,-0.01379712,2.2151718,1.3645815
20220125_142118,2.723558104181204,10.399192810058594,0.006039952859282494,1.7332563,-0.06725099,2.0247462,1.4476352
20220125_142119,2.573006079622515,7.296637535095215,0.006163354497402906,0.83632255,-0.22816464,1.8687503,1.4753343
20220125_142119,2.8548415715974977,10.934538841247559,0.0019417931325733662,-0.27583823,-0.44922864,2.1242938,1.5150388
20220125_142120,2.8503049469793846,12.725953102111816,0.003121689660474658,-1.366387,-0.46407247,2.0934005,1.5273167
20220125_142120,2.6284897235144538,11.824711799621582,0.0054215844720602036,-1.1515119,-0.2617991,1.8568175,1.5230653
20220125_142120,2.2888708981957784,11.171377182006836,0.0023992976639419794,-0.47974744,-0.2014568,1.3867787,1.5026095
20220125_142121,2.147688228397634,11.164070129394531,0.008358541876077652,-0.18274724,-0.14280613,1.235238,1.4557914
20220125_142121,2.0897339525624465,11.318002700805664,0.0030242835637181997,0.12360029,-0.113999516,1.192513,1.4608698
20220125_142122,2.1817978677640166,11.443927764892578,0.0033040959388017654,0.35387212,-0.09516815,1.3391484,1.4459549
20220125_142122,2.3196492762002046,11.8648681640625,0.003814029973000288,0.46059927,-0.1034739,1.5353771,1.4205309
20220125_142123,2.3537978352082156,11.485430717468262,0.002416405826807022,0.38120145,-0.08629301,1.6314806,1.3556267
20220125_142123,2.3695217205365178,11.778053283691406,0.0012535438872873783,0.3378903,-0.066523656,1.6519034,1.3314767
20220125_142124,2.3935370660280486,11.737343788146973,0.0010069541167467833,0.37766448,-0.08066483,1.6701474,1.3549769
20220125_142124,2.375594089986347,11.578069686889648,0.006047675386071205,0.35190248,-0.10165348,1.6508265,1.3391179
20220125_142125,2.368908828388052,11.724099159240723,0.005030901171267033,0.34260648,-0.08684803,1.6410598,1.3363216
20220125_142125,2.363753322651383,11.777653694152832,0.0026610621716827154,0.3514064,-0.08754291,1.6380109,1.3407083
20220125_142126,2.3887966489360593,11.888287544250488,0.0022101392969489098,0.34620216,-0.10167146,1.6607611,1.3503882
20220125_142126,2.3747055044441354,11.91060733795166,0.005283387843519449,0.3612559,-0.093952395,1.638976,1.3534791
20220125_142127,2.3689184941252606,11.770669937133789,0.0014539324911311269,0.32900548,-0.08636459,1.6271604,1.3601766
20220125_142127,2.338913052590634,12.01077651977539,0.0011121189454570413,0.36850476,-0.091011204,1.6047077,1.3530526
20220125_142127,2.357137943520474,11.616477966308594,0.006299412809312344,0.32732296,-0.10330606,1.6352801,1.329347
20220125_142128,2.3880831587079974,12.040701866149902,0.0022186455316841602,0.35312822,-0.09163915,1.6453623,1.3688806
20220125_142128,2.3798798119722453,12.087339401245117,0.005299548152834177,0.31400156,-0.09191161,1.6497787,1.3272232
20220125_142129,2.3338539761985007,12.167886734008789,0.0025482168421149254,0.33509934,-0.10652026,1.5812131,1.3612686
20220125_142130,2.30637300870158,12.358954429626465,0.00400551175698638,0.45895392,-0.14624307,1.5010921,1.4454956
20220125_142130,2.1722384307353515,11.800055503845215,0.0022816634736955166,0.34032336,-0.12843561,1.3098041,1.4613394
20220125_142131,2.0888473505983676,11.606378555297852,0.0036049645859748125,0.10863991,-0.16186492,1.196528,1.4552852
20220125_142131,2.1704957640089204,11.471878051757812,0.00528902281075716,-0.19783835,-0.19337757,1.221207,1.5053625
20220125_142132,2.262860879080398,11.597589492797852,0.003114729654043913,-0.4698219,-0.19545436,1.3588865,1.4990228
20220125_142133,2.448741103543939,11.773122787475586,0.0024262338411062956,-0.79253376,-0.27643636,1.6107174,1.5239353
20220125_142133,2.6857899882241774,12.26704216003418,0.004568405449390411,-1.2198818,-0.29279473,1.9017334,1.5532634
20220125_142134,2.7526819204927233,12.684225082397461,0.005311359651386738,-1.3636132,-0.38519788,1.9992135,1.5119134
20220125_142134,2.85394660475294,13.37148666381836,0.004783154930919409,-1.2169318,-0.50805646,2.06986,1.5644294
20220125_142135,2.7800914025096994,11.18820571899414,0.007116743829101324,-0.42999515,-0.5192341,2.0031106,1.5353823
20220125_142136,2.8373151990038963,8.809823036193848,0.003769712522625923,0.18584083,-0.3485456,2.189876,1.4623524
20220125_142137,2.592606050735314,7.095496654510498,0.0037030689418315887,0.8027223,-0.2304761,1.9032251,1.4631376
20220125_142137,3.300551682333172,10.716500282287598,0.003265159437432885,2.3715208,-0.79907274,2.6855881,1.5307
20220125_142138,2.6087955513591896,9.146528244018555,0.0036268490366637707,1.7656271,-0.24089332,1.9539149,1.3945404
20220125_142139,2.5677201416186177,7.906596660614014,0.0035305304918438196,1.8297116,-0.18765548,1.9152458,1.3856236
20220125_142140,2.605790252424008,9.189142227172852,0.00453030364587903,1.9101211,-0.1697857,1.9922117,1.3844192
20220125_142140,2.571236664563662,8.735956192016602,0.0047317142598330975,1.8704685,-0.18425687,1.9177953,1.413065
20220125_142141,2.6326777868250013,7.924472808837891,0.0013825136702507734,1.9143163,-0.25964883,1.939407,1.4695553
20220125_142142,2.967752627996079,9.238478660583496,0.024127116426825523,2.2329805,-0.3124231,2.2842462,1.5214039
20220125_142143,3.3476895844687595,9.4962797164917,0.006037920713424683,2.6420121,-0.28972006,2.6695142,1.5700701
20220125_142144,4.076861465952843,11.59410285949707,0.046690620481967926,3.3411145,-0.28362086,3.3721852,1.7262973
20220125_142144,5.343635295988471,15.505410194396973,0.07677165418863297,4.667083,-0.1968593,4.677191,1.9440844
20220125_142145,6.986354549827306,15.439159393310547,0.14820948243141174,6.261881,-0.31168824,6.262296,2.43277
20220125_142146,8.529771826067305,15.342816352844238,0.10334652662277222,7.745895,-0.42258218,7.745895,2.8581598
20220125_142146,8.98610588544356,15.326920509338379,0.13879139721393585,8.145745,-0.21534458,8.145745,3.1202612
20220125_142147,9.021814054869894,15.371034622192383,0.17301763594150543,8.180377,-0.23199165,8.180377,3.1286995
20220125_142147,9.018054356948399,15.477928161621094,0.2081374228000641,8.186826,-0.1938872,8.186826,3.1192193
