time,mean,max,,hor,ver,hormax,vermax
20220420_154645,0.016003536,0.049127664,3.05E-05,-0.002358665,-0.002198119,0.035682898,0.034535017
20220420_154645,0.016003536,0.049127664,3.05E-05,-0.002358665,-0.002198119,0.035682898,0.034535017
20220420_154645,0.016003536,0.049127664,3.05E-05,-0.002358665,-0.002198119,0.035682898,0.034535017
20220420_154645,0.0172294,0.051073533,3.12E-05,-0.005888766,0.001290196,0.046754308,0.046491168
20220420_154645,0.0172294,0.051073533,3.12E-05,-0.005888766,0.001290196,0.046754308,0.046491168
20220420_154645,0.018011032,0.054505412,4.48E-05,-0.003223809,0.000690856,0.038417831,0.040454101
20220420_154645,0.018011032,0.054505412,4.48E-05,-0.003223809,0.000690856,0.038417831,0.040454101
20220420_154645,0.016853925,0.052086897,0.000124318,-0.00402271,-0.000605662,0.042843595,0.042455815
20220420_154645,0.016853925,0.052086897,0.000124318,-0.00402271,-0.000605662,0.042843595,0.042455815
20220420_154645,0.016853925,0.052086897,0.000124318,-0.00402271,-0.000605662,0.042843595,0.042455815
20220420_154645,0.017401332,0.087147199,2.05E-05,-0.00350108,0.001211234,0.050805721,0.087101184
20220420_154645,0.017401332,0.087147199,2.05E-05,-0.00350108,0.001211234,0.050805721,0.087101184
20220420_154646,0.01667644,0.05430875,4.03E-06,-0.003721605,7.15E-05,0.045715958,0.041488741
20220420_154646,0.01667644,0.05430875,4.03E-06,-0.003721605,7.15E-05,0.045715958,0.041488741
20220420_154646,0.01735475,0.066815495,5.32E-05,-0.003220452,0.001792515,0.066815406,0.054015215
20220420_154646,0.01735475,0.066815495,5.32E-05,-0.003220452,0.001792515,0.066815406,0.054015215
20220420_154646,0.016067133,0.054274164,5.37E-05,-0.001319103,0.002706499,0.04091128,0.042608559
20220420_154646,0.016067133,0.054274164,5.37E-05,-0.001319103,0.002706499,0.04091128,0.042608559
20220420_154646,0.016386776,0.05055844,2.68E-05,0.002487881,0.003413325,0.044941943,0.042585935
20220420_154646,0.016386776,0.05055844,2.68E-05,0.002487881,0.003413325,0.044941943,0.042585935
20220420_154646,0.017125476,0.060297575,5.61E-05,-0.00066367,0.001954543,0.050572667,0.050208632
20220420_154646,0.017125476,0.060297575,5.61E-05,-0.00066367,0.001954543,0.050572667,0.050208632
20220420_154646,0.015690818,0.062874869,6.36E-05,-0.005829426,0.002557632,0.058587145,0.040765706
20220420_154646,0.015690818,0.062874869,6.36E-05,-0.005829426,0.002557632,0.058587145,0.040765706
20220420_154646,0.017378775,0.048766188,8.69E-05,-0.002138435,0.004069181,0.042909898,0.046442743
20220420_154646,0.017378775,0.048766188,8.69E-05,-0.002138435,0.004069181,0.042909898,0.046442743
20220420_154646,0.01602188,0.080623768,9.38E-05,-0.000389079,0.001462311,0.07945013,0.041866019
20220420_154647,0.01602188,0.080623768,9.38E-05,-0.000389079,0.001462311,0.07945013,0.041866019
20220420_154647,0.016588494,0.059533592,3.01E-05,0.001966402,0.001460703,0.059501935,0.045566507
20220420_154647,0.016588494,0.059533592,3.01E-05,0.001966402,0.001460703,0.059501935,0.045566507
20220420_154647,0.01831526,0.072887138,4.26E-05,0.003369398,-0.0002021,0.061534747,0.044887155
20220420_154647,0.01831526,0.072887138,4.26E-05,0.003369398,-0.0002021,0.061534747,0.044887155
20220420_154647,0.01831526,0.072887138,4.26E-05,0.003369398,-0.0002021,0.061534747,0.044887155
20220420_154647,0.017142355,0.057049017,5.13E-05,0.002409939,-0.003133257,0.04445501,0.045879334
20220420_154647,0.017142355,0.057049017,5.13E-05,0.002409939,-0.003133257,0.04445501,0.045879334
20220420_154647,0.017142355,0.057049017,5.13E-05,0.002409939,-0.003133257,0.04445501,0.045879334
20220420_154647,0.017273979,0.052410282,2.66E-05,0.001139047,-0.001091225,0.051976558,0.044718649
20220420_154647,0.017273979,0.052410282,2.66E-05,0.001139047,-0.001091225,0.051976558,0.044718649
20220420_154647,0.017273979,0.052410282,2.66E-05,0.001139047,-0.001091225,0.051976558,0.044718649
20220420_154647,0.017640079,0.056090843,4.16E-05,0.0051699,0.000429099,0.05604944,0.041379239
20220420_154647,0.017640079,0.056090843,4.16E-05,0.0051699,0.000429099,0.05604944,0.041379239
20220420_154647,0.017640079,0.056090843,4.16E-05,0.0051699,0.000429099,0.05604944,0.041379239
20220420_154647,0.018014737,0.056124914,2.87E-05,0.004967142,3.93E-05,0.047020249,0.047652215
20220420_154647,0.018014737,0.056124914,2.87E-05,0.004967142,3.93E-05,0.047020249,0.047652215
20220420_154647,0.018014737,0.056124914,2.87E-05,0.004967142,3.93E-05,0.047020249,0.047652215
20220420_154647,0.019719526,0.071785331,4.98E-05,0.007046243,-0.001213119,0.060433481,0.050914254
20220420_154647,0.019719526,0.071785331,4.98E-05,0.007046243,-0.001213119,0.060433481,0.050914254
20220420_154647,0.017443555,0.099438451,3.83E-05,0.001674147,-0.000336036,0.098801605,0.067760818
20220420_154648,0.017443555,0.099438451,3.83E-05,0.001674147,-0.000336036,0.098801605,0.067760818
20220420_154648,0.017443555,0.099438451,3.83E-05,0.001674147,-0.000336036,0.098801605,0.067760818
20220420_154648,0.016459799,0.048674066,1.80E-05,-0.00049437,0.002809966,0.043479528,0.039513268
20220420_154648,0.016459799,0.048674066,1.80E-05,-0.00049437,0.002809966,0.043479528,0.039513268
20220420_154648,0.016459799,0.048674066,1.80E-05,-0.00049437,0.002809966,0.043479528,0.039513268
20220420_154648,0.018220685,0.054604229,8.00E-05,0.003278474,0.005020165,0.053932164,0.045225251
20220420_154648,0.018220685,0.054604229,8.00E-05,0.003278474,0.005020165,0.053932164,0.045225251
20220420_154648,0.018220685,0.054604229,8.00E-05,0.003278474,0.005020165,0.053932164,0.045225251
20220420_154648,0.016852084,0.046910912,6.72E-05,0.000894148,0.003792172,0.039820664,0.046753004
20220420_154648,0.016852084,0.046910912,6.72E-05,0.000894148,0.003792172,0.039820664,0.046753004
20220420_154648,0.016852084,0.046910912,6.72E-05,0.000894148,0.003792172,0.039820664,0.046753004
20220420_154648,0.017886185,0.071223088,7.58E-05,0.002770371,0.003312223,0.068836801,0.048061475
20220420_154648,0.017886185,0.071223088,7.58E-05,0.002770371,0.003312223,0.068836801,0.048061475
20220420_154648,0.017886185,0.071223088,7.58E-05,0.002770371,0.003312223,0.068836801,0.048061475
20220420_154648,0.018998993,0.100373618,3.29E-05,0.002461638,0.006477649,0.064818226,0.098941714
20220420_154648,0.018998993,0.100373618,3.29E-05,0.002461638,0.006477649,0.064818226,0.098941714
20220420_154648,0.017416847,0.057834029,9.16E-06,-0.000132941,0.005343507,0.044283468,0.057818718
20220420_154648,0.017416847,0.057834029,9.16E-06,-0.000132941,0.005343507,0.044283468,0.057818718
20220420_154648,0.017416847,0.057834029,9.16E-06,-0.000132941,0.005343507,0.044283468,0.057818718
20220420_154648,0.016128794,0.054873519,2.30E-05,-0.001667529,0.0035702,0.044264972,0.043939713
20220420_154648,0.016128794,0.054873519,2.30E-05,-0.001667529,0.0035702,0.044264972,0.043939713
20220420_154649,0.016128794,0.054873519,2.30E-05,-0.001667529,0.0035702,0.044264972,0.043939713
20220420_154649,0.017245615,0.051097911,4.61E-05,0.001424106,0.00558202,0.04130096,0.041181207
20220420_154649,0.017245615,0.051097911,4.61E-05,0.001424106,0.00558202,0.04130096,0.041181207
20220420_154649,0.017435793,0.073580347,8.82E-05,-0.000884249,0.005346627,0.043753892,0.066249244
20220420_154649,0.017435793,0.073580347,8.82E-05,-0.000884249,0.005346627,0.043753892,0.066249244
20220420_154649,0.017435793,0.073580347,8.82E-05,-0.000884249,0.005346627,0.043753892,0.066249244
20220420_154649,0.017435793,0.073580347,8.82E-05,-0.000884249,0.005346627,0.043753892,0.066249244
20220420_154649,0.017089303,0.104070298,7.55E-05,0.006383934,0.002836058,0.08421813,0.098623842
20220420_154649,0.017089303,0.104070298,7.55E-05,0.006383934,0.002836058,0.08421813,0.098623842
20220420_154649,0.018463794,0.063401155,2.62E-05,0.007110703,-0.000156151,0.062481984,0.046671785
20220420_154649,0.018463794,0.063401155,2.62E-05,0.007110703,-0.000156151,0.062481984,0.046671785
20220420_154649,0.018463794,0.063401155,2.62E-05,0.007110703,-0.000156151,0.062481984,0.046671785
20220420_154649,0.017177311,0.06256327,2.73E-05,0.004719366,0.002058157,0.060314879,0.042407542
20220420_154649,0.017177311,0.06256327,2.73E-05,0.004719366,0.002058157,0.060314879,0.042407542
20220420_154649,0.017177311,0.06256327,2.73E-05,0.004719366,0.002058157,0.060314879,0.042407542
20220420_154649,0.0173187,0.058485258,4.89E-05,0.002714645,0.003836735,0.058110882,0.04410233
20220420_154649,0.0173187,0.058485258,4.89E-05,0.002714645,0.003836735,0.058110882,0.04410233
20220420_154649,0.017082166,0.06163355,5.22E-05,0.001019527,0.005540402,0.049326133,0.047712963
20220420_154649,0.017082166,0.06163355,5.22E-05,0.001019527,0.005540402,0.049326133,0.047712963
20220420_154649,0.017082166,0.06163355,5.22E-05,0.001019527,0.005540402,0.049326133,0.047712963
20220420_154650,0.019564422,0.108454682,3.31E-05,0.008765234,0.004196613,0.088643685,0.103173062
20220420_154650,0.019564422,0.108454682,3.31E-05,0.008765234,0.004196613,0.088643685,0.103173062
20220420_154650,0.023680249,0.069373392,6.55E-05,0.016000677,0.006252618,0.068752669,0.057239216
20220420_154650,0.023680249,0.069373392,6.55E-05,0.016000677,0.006252618,0.068752669,0.057239216
20220420_154650,0.023680249,0.069373392,6.55E-05,0.016000677,0.006252618,0.068752669,0.057239216
20220420_154650,0.021109882,0.067183204,5.64E-05,0.012977659,0.004823893,0.067118272,0.04474806
20220420_154650,0.021109882,0.067183204,5.64E-05,0.012977659,0.004823893,0.067118272,0.04474806
20220420_154650,0.021109882,0.067183204,5.64E-05,0.012977659,0.004823893,0.067118272,0.04474806
20220420_154650,0.020735644,0.083982222,4.25E-05,0.013740005,0.004447782,0.083126493,0.046352431
20220420_154650,0.020735644,0.083982222,4.25E-05,0.013740005,0.004447782,0.083126493,0.046352431
20220420_154650,0.020735644,0.083982222,4.25E-05,0.013740005,0.004447782,0.083126493,0.046352431
20220420_154650,0.019311585,0.062462091,6.07E-05,0.011896411,0.000346076,0.057905521,0.041401137
20220420_154650,0.019311585,0.062462091,6.07E-05,0.011896411,0.000346076,0.057905521,0.041401137
20220420_154650,0.019311585,0.062462091,6.07E-05,0.011896411,0.000346076,0.057905521,0.041401137
20220420_154650,0.020245381,0.119180083,4.44E-05,0.01038893,-0.004830505,0.10669367,0.087100156
20220420_154650,0.020245381,0.119180083,4.44E-05,0.01038893,-0.004830505,0.10669367,0.087100156
20220420_154650,0.019642212,0.075573832,9.47E-05,0.01008393,-0.007973928,0.075121514,0.030522149
20220420_154650,0.019642212,0.075573832,9.47E-05,0.01008393,-0.007973928,0.075121514,0.030522149
20220420_154650,0.019642212,0.075573832,9.47E-05,0.01008393,-0.007973928,0.075121514,0.030522149
20220420_154650,0.019105575,0.067475095,5.20E-05,0.009671178,-0.00315099,0.050369352,0.058768883
20220420_154650,0.019105575,0.067475095,5.20E-05,0.009671178,-0.00315099,0.050369352,0.058768883
20220420_154651,0.019105575,0.067475095,5.20E-05,0.009671178,-0.00315099,0.050369352,0.058768883
20220420_154651,0.017214043,0.070807688,0.000121489,0.005426437,-0.001956967,0.052142698,0.052070122
20220420_154651,0.017214043,0.070807688,0.000121489,0.005426437,-0.001956967,0.052142698,0.052070122
20220420_154651,0.017768138,0.057078063,6.49E-05,0.001099905,-0.001431285,0.04292088,0.042019479
20220420_154651,0.017768138,0.057078063,6.49E-05,0.001099905,-0.001431285,0.04292088,0.042019479
20220420_154651,0.017768138,0.057078063,6.49E-05,0.001099905,-0.001431285,0.04292088,0.042019479
20220420_154651,0.018458713,0.087056741,2.75E-05,-0.004970515,0.002135743,0.058697052,0.086221851
20220420_154651,0.018458713,0.087056741,2.75E-05,-0.004970515,0.002135743,0.058697052,0.086221851
20220420_154651,0.018022351,0.081147991,0.000106183,0.000994797,-0.004533459,0.062509209,0.037386712
20220420_154651,0.018022351,0.081147991,0.000106183,0.000994797,-0.004533459,0.062509209,0.037386712
20220420_154651,0.019280527,0.071207471,6.07E-05,0.002833131,-0.008000758,0.070094317,0.056884155
20220420_154651,0.019280527,0.071207471,6.07E-05,0.002833131,-0.008000758,0.070094317,0.056884155
20220420_154651,0.019280527,0.071207471,6.07E-05,0.002833131,-0.008000758,0.070094317,0.056884155
20220420_154651,0.019017235,0.059822232,6.04E-05,0.005618114,-0.010725547,0.043274861,0.055367336
20220420_154651,0.019017235,0.059822232,6.04E-05,0.005618114,-0.010725547,0.043274861,0.055367336
20220420_154651,0.019017235,0.059822232,6.04E-05,0.005618114,-0.010725547,0.043274861,0.055367336
20220420_154651,0.016300878,0.054346632,1.62E-05,0.002782362,-0.006360918,0.051559325,0.02686245
20220420_154651,0.016300878,0.054346632,1.62E-05,0.002782362,-0.006360918,0.051559325,0.02686245
20220420_154651,0.016300878,0.054346632,1.62E-05,0.002782362,-0.006360918,0.051559325,0.02686245
20220420_154652,0.016383638,0.06092884,6.18E-05,0.002059949,-0.003414509,0.059154008,0.036518939
20220420_154652,0.016383638,0.06092884,6.18E-05,0.002059949,-0.003414509,0.059154008,0.036518939
20220420_154652,0.01744519,0.072618328,5.46E-05,0.003362478,-0.001154199,0.055250198,0.038916983
20220420_154652,0.01744519,0.072618328,5.46E-05,0.003362478,-0.001154199,0.055250198,0.038916983
20220420_154652,0.01744519,0.072618328,5.46E-05,0.003362478,-0.001154199,0.055250198,0.038916983
20220420_154652,0.01657013,0.064357258,1.54E-05,0.004334946,-0.005966907,0.064180888,0.034492321
20220420_154652,0.01657013,0.064357258,1.54E-05,0.004334946,-0.005966907,0.064180888,0.034492321
20220420_154652,0.020560865,0.069111317,9.67E-05,0.011973453,-0.006837028,0.05571254,0.04363741
20220420_154652,0.020560865,0.069111317,9.67E-05,0.011973453,-0.006837028,0.05571254,0.04363741
20220420_154652,0.020560865,0.069111317,9.67E-05,0.011973453,-0.006837028,0.05571254,0.04363741
20220420_154652,0.020560865,0.069111317,9.67E-05,0.011973453,-0.006837028,0.05571254,0.04363741
20220420_154652,0.026152119,0.080258735,9.73E-05,0.021298146,-0.007524556,0.079925962,0.034276605
20220420_154652,0.026152119,0.080258735,9.73E-05,0.021298146,-0.007524556,0.079925962,0.034276605
20220420_154652,0.029697248,0.141571417,0.000201005,0.024381394,-0.003945904,0.140352711,0.093081258
20220420_154652,0.029697248,0.141571417,0.000201005,0.024381394,-0.003945904,0.140352711,0.093081258
20220420_154652,0.029697248,0.141571417,0.000201005,0.024381394,-0.003945904,0.140352711,0.093081258
20220420_154652,0.032782674,0.074715756,0.000477096,0.0298246,-0.001033127,0.074691482,0.035610206
20220420_154652,0.032782674,0.074715756,0.000477096,0.0298246,-0.001033127,0.074691482,0.035610206
20220420_154652,0.033443414,0.079865374,0.000149359,0.029919658,0.007841279,0.079816416,0.045968499
20220420_154652,0.033443414,0.079865374,0.000149359,0.029919658,0.007841279,0.079816416,0.045968499
20220420_154653,0.033443414,0.079865374,0.000149359,0.029919658,0.007841279,0.079816416,0.045968499
20220420_154653,0.034713023,0.084034853,0.000233743,0.03106888,0.006757754,0.079231955,0.047682628
20220420_154653,0.034713023,0.084034853,0.000233743,0.03106888,0.006757754,0.079231955,0.047682628
20220420_154653,0.035417145,0.08406952,0.000579104,0.03198749,0.006279601,0.071952634,0.045040809
20220420_154653,0.035417145,0.08406952,0.000579104,0.03198749,0.006279601,0.071952634,0.045040809
20220420_154653,0.035417145,0.08406952,0.000579104,0.03198749,0.006279601,0.071952634,0.045040809
20220420_154653,0.032114653,0.091277897,0.000161707,0.027902938,0.006118981,0.09070269,0.058028035
20220420_154653,0.032114653,0.091277897,0.000161707,0.027902938,0.006118981,0.09070269,0.058028035
20220420_154653,0.030388299,0.075289294,0.000196557,0.025719294,0.009422881,0.070059583,0.052061614
20220420_154653,0.030388299,0.075289294,0.000196557,0.025719294,0.009422881,0.070059583,0.052061614
20220420_154653,0.030388299,0.075289294,0.000196557,0.025719294,0.009422881,0.070059583,0.052061614
20220420_154653,0.032715967,0.072266899,0.000130111,0.027874572,0.010240455,0.071069345,0.051952381
20220420_154653,0.032715967,0.072266899,0.000130111,0.027874572,0.010240455,0.071069345,0.051952381
20220420_154653,0.032715967,0.072266899,0.000130111,0.027874572,0.010240455,0.071069345,0.051952381
20220420_154653,0.043980338,0.088650562,0.00528637,0.039936356,0.011254947,0.087886818,0.058451522
20220420_154653,0.043980338,0.088650562,0.00528637,0.039936356,0.011254947,0.087886818,0.058451522
20220420_154653,0.043980338,0.088650562,0.00528637,0.039936356,0.011254947,0.087886818,0.058451522
20220420_154653,0.041762507,0.08061181,0.000283392,0.038659103,0.00640488,0.079333596,0.052230489
20220420_154653,0.041762507,0.08061181,0.000283392,0.038659103,0.00640488,0.079333596,0.052230489
20220420_154653,0.041762507,0.08061181,0.000283392,0.038659103,0.00640488,0.079333596,0.052230489
20220420_154654,0.033935159,0.09599372,0.000113913,0.030822549,0.003613279,0.095676638,0.089730814
20220420_154654,0.033935159,0.09599372,0.000113913,0.030822549,0.003613279,0.095676638,0.089730814
20220420_154654,0.031320469,0.072920293,0.000265867,0.028094713,0.003511397,0.069277458,0.041437522
20220420_154654,0.031320469,0.072920293,0.000265867,0.028094713,0.003511397,0.069277458,0.041437522
20220420_154654,0.031320469,0.072920293,0.000265867,0.028094713,0.003511397,0.069277458,0.041437522
20220420_154654,0.030285679,0.080084294,0.000174217,0.026817353,0.000898686,0.078386977,0.040666778
20220420_154654,0.030285679,0.080084294,0.000174217,0.026817353,0.000898686,0.078386977,0.040666778
20220420_154654,0.030285679,0.080084294,0.000174217,0.026817353,0.000898686,0.078386977,0.040666778
20220420_154654,0.03197287,0.098008141,0.000110413,0.029370805,-0.001744406,0.088072658,0.043268573
20220420_154654,0.03197287,0.098008141,0.000110413,0.029370805,-0.001744406,0.088072658,0.043268573
20220420_154654,0.03234095,0.076809406,0.000117797,0.029327655,0.003064024,0.076515794,0.03875142
20220420_154654,0.03234095,0.076809406,0.000117797,0.029327655,0.003064024,0.076515794,0.03875142
20220420_154654,0.03234095,0.076809406,0.000117797,0.029327655,0.003064024,0.076515794,0.03875142
20220420_154654,0.032849645,0.118275061,8.65E-05,0.029327126,0.006105269,0.110594101,0.089548148
20220420_154654,0.032849645,0.118275061,8.65E-05,0.029327126,0.006105269,0.110594101,0.089548148
20220420_154654,0.03091414,0.09937454,9.96E-05,0.027810888,0.003638214,0.092536047,0.041153897
20220420_154654,0.03091414,0.09937454,9.96E-05,0.027810888,0.003638214,0.092536047,0.041153897
20220420_154654,0.03091414,0.09937454,9.96E-05,0.027810888,0.003638214,0.092536047,0.041153897
20220420_154654,0.032907407,0.080704615,0.000458486,0.029612942,0.002680187,0.080637217,0.044526719
20220420_154655,0.032907407,0.080704615,0.000458486,0.029612942,0.002680187,0.080637217,0.044526719
20220420_154655,0.031066551,0.083021507,0.000699185,0.027158054,0.000885091,0.070742883,0.043280683
20220420_154655,0.031066551,0.083021507,0.000699185,0.027158054,0.000885091,0.070742883,0.043280683
20220420_154655,0.031066551,0.083021507,0.000699185,0.027158054,0.000885091,0.070742883,0.043280683
20220420_154655,0.031066551,0.083021507,0.000699185,0.027158054,0.000885091,0.070742883,0.043280683
20220420_154655,0.031705669,0.070302889,0.000287287,0.028466616,0.002394746,0.065541215,0.050012346
20220420_154655,0.031705669,0.070302889,0.000287287,0.028466616,0.002394746,0.065541215,0.050012346
20220420_154655,0.035571404,0.151109919,0.000261982,0.032337278,0.004563202,0.149867922,0.085249037
20220420_154655,0.035571404,0.151109919,0.000261982,0.032337278,0.004563202,0.149867922,0.085249037
20220420_154655,0.035571404,0.151109919,0.000261982,0.032337278,0.004563202,0.149867922,0.085249037
20220420_154655,0.033901529,0.081333555,0.000226017,0.029255006,0.007675796,0.070039861,0.046572797
20220420_154655,0.033901529,0.081333555,0.000226017,0.029255006,0.007675796,0.070039861,0.046572797
20220420_154655,0.033901529,0.081333555,0.000226017,0.029255006,0.007675796,0.070039861,0.046572797
20220420_154655,0.031464354,0.079316109,0.00016097,0.02662025,0.010924871,0.068141513,0.05692054
20220420_154655,0.031464354,0.079316109,0.00016097,0.02662025,0.010924871,0.068141513,0.05692054
20220420_154655,0.031464354,0.079316109,0.00016097,0.02662025,0.010924871,0.068141513,0.05692054
20220420_154655,0.03100738,0.076214232,9.74E-05,0.025944524,0.010066265,0.075034872,0.047829349
20220420_154655,0.03100738,0.076214232,9.74E-05,0.025944524,0.010066265,0.075034872,0.047829349
20220420_154655,0.031033098,0.076823764,0.000115102,0.025605386,0.006841788,0.072095558,0.05609585
20220420_154655,0.031033098,0.076823764,0.000115102,0.025605386,0.006841788,0.072095558,0.05609585
20220420_154655,0.031033098,0.076823764,0.000115102,0.025605386,0.006841788,0.072095558,0.05609585
20220420_154656,0.031119243,0.122246414,8.18E-05,0.02742237,0.004415729,0.114649862,0.083950415
20220420_154656,0.031119243,0.122246414,8.18E-05,0.02742237,0.004415729,0.114649862,0.083950415
20220420_154656,0.031119243,0.122246414,8.18E-05,0.02742237,0.004415729,0.114649862,0.083950415
20220420_154656,0.029936651,0.070129089,0.000261818,0.026360085,0.00462853,0.062044252,0.043603331
20220420_154656,0.029936651,0.070129089,0.000261818,0.026360085,0.00462853,0.062044252,0.043603331
20220420_154656,0.029936651,0.070129089,0.000261818,0.026360085,0.00462853,0.062044252,0.043603331
20220420_154656,0.031242254,0.073511124,0.000272618,0.025948139,0.008675456,0.067004904,0.050539732
20220420_154656,0.031242254,0.073511124,0.000272618,0.025948139,0.008675456,0.067004904,0.050539732
20220420_154656,0.031242254,0.073511124,0.000272618,0.025948139,0.008675456,0.067004904,0.050539732
20220420_154656,0.032267253,0.082592063,6.76E-05,0.028019074,0.009429755,0.082374081,0.047169846
20220420_154656,0.032267253,0.082592063,6.76E-05,0.028019074,0.009429755,0.082374081,0.047169846
20220420_154656,0.032267253,0.082592063,6.76E-05,0.028019074,0.009429755,0.082374081,0.047169846
20220420_154656,0.03519864,0.093396291,0.000123303,0.031167993,0.009538336,0.07955049,0.086447731
20220420_154656,0.03519864,0.093396291,0.000123303,0.031167993,0.009538336,0.07955049,0.086447731
20220420_154656,0.03519864,0.093396291,0.000123303,0.031167993,0.009538336,0.07955049,0.086447731
20220420_154656,0.037564467,0.091905393,0.000239553,0.03423044,0.00867453,0.091432735,0.061355513
20220420_154656,0.037564467,0.091905393,0.000239553,0.03423044,0.00867453,0.091432735,0.061355513
20220420_154656,0.037564467,0.091905393,0.000239553,0.03423044,0.00867453,0.091432735,0.061355513
20220420_154656,0.035801371,0.082780495,6.72E-05,0.0327495,0.007445314,0.081727125,0.041979473
20220420_154656,0.035801371,0.082780495,6.72E-05,0.0327495,0.007445314,0.081727125,0.041979473
20220420_154656,0.035801371,0.082780495,6.72E-05,0.0327495,0.007445314,0.081727125,0.041979473
20220420_154656,0.035330793,0.09361212,0.00049465,0.03201115,0.007889237,0.093610086,0.051574212
20220420_154656,0.035330793,0.09361212,0.00049465,0.03201115,0.007889237,0.093610086,0.051574212
20220420_154657,0.035330793,0.09361212,0.00049465,0.03201115,0.007889237,0.093610086,0.051574212
20220420_154657,0.036196427,0.089731388,6.69E-05,0.03270678,0.008068055,0.085478604,0.049918689
20220420_154657,0.036196427,0.089731388,6.69E-05,0.03270678,0.008068055,0.085478604,0.049918689
20220420_154657,0.036196427,0.089731388,6.69E-05,0.03270678,0.008068055,0.085478604,0.049918689
20220420_154657,0.03570297,0.078270316,0.00014024,0.03215506,0.00838716,0.073596567,0.058012921
20220420_154657,0.03570297,0.078270316,0.00014024,0.03215506,0.00838716,0.073596567,0.058012921
20220420_154657,0.03570297,0.078270316,0.00014024,0.03215506,0.00838716,0.073596567,0.058012921
20220420_154657,0.032942812,0.071177304,0.000107195,0.028966848,0.008676091,0.070996195,0.05062788
20220420_154657,0.032942812,0.071177304,0.000107195,0.028966848,0.008676091,0.070996195,0.05062788
20220420_154657,0.032942812,0.071177304,0.000107195,0.028966848,0.008676091,0.070996195,0.05062788
20220420_154657,0.035582527,0.087798245,0.000515977,0.030895468,0.011399891,0.086939141,0.066099405
20220420_154657,0.035582527,0.087798245,0.000515977,0.030895468,0.011399891,0.086939141,0.066099405
20220420_154657,0.035582527,0.087798245,0.000515977,0.030895468,0.011399891,0.086939141,0.066099405
20220420_154657,0.037664493,0.083164141,0.000213055,0.033147678,0.011018439,0.083075859,0.065304533
20220420_154657,0.037664493,0.083164141,0.000213055,0.033147678,0.011018439,0.083075859,0.065304533
20220420_154657,0.037664493,0.083164141,0.000213055,0.033147678,0.011018439,0.083075859,0.065304533
20220420_154657,0.037664493,0.083164141,0.000213055,0.033147678,0.011018439,0.083075859,0.065304533
20220420_154657,0.041821688,0.091991961,0.002869251,0.038341563,0.010521866,0.08355695,0.046080116
20220420_154657,0.041821688,0.091991961,0.002869251,0.038341563,0.010521866,0.08355695,0.046080116
20220420_154657,0.045842019,0.105573639,0.000539652,0.04288131,0.006032114,0.105149731,0.070138671
20220420_154657,0.045842019,0.105573639,0.000539652,0.04288131,0.006032114,0.105149731,0.070138671
20220420_154657,0.045842019,0.105573639,0.000539652,0.04288131,0.006032114,0.105149731,0.070138671
20220420_154657,0.045842019,0.105573639,0.000539652,0.04288131,0.006032114,0.105149731,0.070138671
20220420_154658,0.049174853,0.098545365,0.011171339,0.04693055,0.000945598,0.097558431,0.057442714
20220420_154658,0.049174853,0.098545365,0.011171339,0.04693055,0.000945598,0.097558431,0.057442714
20220420_154658,0.049174853,0.098545365,0.011171339,0.04693055,0.000945598,0.097558431,0.057442714
20220420_154658,0.045826715,0.083098479,0.012764637,0.043619942,0.002948207,0.082418203,0.055276386
20220420_154658,0.045826715,0.083098479,0.012764637,0.043619942,0.002948207,0.082418203,0.055276386
20220420_154658,0.045826715,0.083098479,0.012764637,0.043619942,0.002948207,0.082418203,0.055276386
20220420_154658,0.038332618,0.075800419,0.000451371,0.034002483,0.010027448,0.07118579,0.06452053
20220420_154658,0.038332618,0.075800419,0.000451371,0.034002483,0.010027448,0.07118579,0.06452053
20220420_154658,0.038332618,0.075800419,0.000451371,0.034002483,0.010027448,0.07118579,0.06452053
20220420_154658,0.036951786,0.084921584,7.90E-05,0.03220247,0.011852076,0.083968692,0.055236522
20220420_154658,0.036951786,0.084921584,7.90E-05,0.03220247,0.011852076,0.083968692,0.055236522
20220420_154658,0.037043441,0.130373508,7.26E-05,0.031737752,0.012559006,0.127960011,0.107255973
20220420_154658,0.037043441,0.130373508,7.26E-05,0.031737752,0.012559006,0.127960011,0.107255973
20220420_154658,0.037043441,0.130373508,7.26E-05,0.031737752,0.012559006,0.127960011,0.107255973
20220420_154658,0.035550821,0.083934262,0.002371436,0.030823493,0.010496925,0.074744716,0.058605459
20220420_154658,0.035550821,0.083934262,0.002371436,0.030823493,0.010496925,0.074744716,0.058605459
20220420_154658,0.035550821,0.083934262,0.002371436,0.030823493,0.010496925,0.074744716,0.058605459
20220420_154658,0.042699862,0.086979389,0.000163984,0.03811629,0.012386281,0.083511211,0.062658466
20220420_154658,0.042699862,0.086979389,0.000163984,0.03811629,0.012386281,0.083511211,0.062658466
20220420_154658,0.041440881,0.101311058,0.000234322,0.038193278,0.008217264,0.090827674,0.053838931
20220420_154658,0.041440881,0.101311058,0.000234322,0.038193278,0.008217264,0.090827674,0.053838931
20220420_154659,0.041440881,0.101311058,0.000234322,0.038193278,0.008217264,0.090827674,0.053838931
20220420_154659,0.043378057,0.100524642,0.010816082,0.04032954,0.005438326,0.09325517,0.051103197
20220420_154659,0.043378057,0.100524642,0.010816082,0.04032954,0.005438326,0.09325517,0.051103197
20220420_154659,0.043378057,0.100524642,0.010816082,0.04032954,0.005438326,0.09325517,0.051103197
20220420_154659,0.041967599,0.098274887,8.32E-05,0.038743705,0.008809958,0.086562634,0.093858145
20220420_154659,0.041967599,0.098274887,8.32E-05,0.038743705,0.008809958,0.086562634,0.093858145
20220420_154659,0.041967599,0.098274887,8.32E-05,0.038743705,0.008809958,0.086562634,0.093858145
20220420_154659,0.037642698,0.079631433,0.000385459,0.034521013,0.006696195,0.079618372,0.051686499
20220420_154659,0.037642698,0.079631433,0.000385459,0.034521013,0.006696195,0.079618372,0.051686499
20220420_154659,0.037642698,0.079631433,0.000385459,0.034521013,0.006696195,0.079618372,0.051686499
20220420_154659,0.038650615,0.092978023,0.003210249,0.035758533,0.007049073,0.09120781,0.048233975
20220420_154659,0.038650615,0.092978023,0.003210249,0.035758533,0.007049073,0.09120781,0.048233975
20220420_154659,0.038650615,0.092978023,0.003210249,0.035758533,0.007049073,0.09120781,0.048233975
20220420_154659,0.042549887,0.110249765,0.003852651,0.03829965,0.009943181,0.086483076,0.10583058
20220420_154659,0.042549887,0.110249765,0.003852651,0.03829965,0.009943181,0.086483076,0.10583058
20220420_154659,0.042549887,0.110249765,0.003852651,0.03829965,0.009943181,0.086483076,0.10583058
20220420_154659,0.040937935,0.090912014,0.000340981,0.036055572,0.013694302,0.089635417,0.065472141
20220420_154659,0.040937935,0.090912014,0.000340981,0.036055572,0.013694302,0.089635417,0.065472141
20220420_154659,0.041395366,0.083442658,0.000336983,0.036299627,0.014988828,0.077341452,0.068335555
20220420_154659,0.041395366,0.083442658,0.000336983,0.036299627,0.014988828,0.077341452,0.068335555
20220420_154659,0.041395366,0.083442658,0.000336983,0.036299627,0.014988828,0.077341452,0.068335555
20220420_154700,0.043784104,0.112225197,0.007885071,0.03861969,0.015172354,0.101717673,0.104010276
20220420_154700,0.043784104,0.112225197,0.007885071,0.03861969,0.015172354,0.101717673,0.104010276
20220420_154700,0.043784104,0.112225197,0.007885071,0.03861969,0.015172354,0.101717673,0.104010276
20220420_154700,0.04716973,0.094351865,0.00057124,0.04365447,0.011476006,0.090805694,0.068696871
20220420_154700,0.04716973,0.094351865,0.00057124,0.04365447,0.011476006,0.090805694,0.068696871
20220420_154700,0.044543116,0.087479465,0.005214165,0.04168636,0.008205389,0.084543586,0.050036304
20220420_154700,0.044543116,0.087479465,0.005214165,0.04168636,0.008205389,0.084543586,0.050036304
20220420_154700,0.044543116,0.087479465,0.005214165,0.04168636,0.008205389,0.084543586,0.050036304
20220420_154700,0.047709853,0.087089591,0.006041181,0.044791535,0.008363987,0.087089084,0.045296352
20220420_154700,0.047709853,0.087089591,0.006041181,0.044791535,0.008363987,0.087089084,0.045296352
20220420_154700,0.042499588,0.115951799,0.003157172,0.038953807,0.01003547,0.106071733,0.099934615
20220420_154700,0.042499588,0.115951799,0.003157172,0.038953807,0.01003547,0.106071733,0.099934615
20220420_154700,0.042499588,0.115951799,0.003157172,0.038953807,0.01003547,0.106071733,0.099934615
20220420_154700,0.042489898,0.091165192,0.000571835,0.0381733,0.012999334,0.083171681,0.050729752
20220420_154700,0.042489898,0.091165192,0.000571835,0.0381733,0.012999334,0.083171681,0.050729752
20220420_154700,0.042489898,0.091165192,0.000571835,0.0381733,0.012999334,0.083171681,0.050729752
20220420_154700,0.041036182,0.096872233,0.000616866,0.03606031,0.013565704,0.093273945,0.069166951
20220420_154700,0.041036182,0.096872233,0.000616866,0.03606031,0.013565704,0.093273945,0.069166951
20220420_154700,0.041036182,0.096872233,0.000616866,0.03606031,0.013565704,0.093273945,0.069166951
20220420_154700,0.043197278,0.124881983,0.002195162,0.037224587,0.014511838,0.106439397,0.119595513
20220420_154700,0.043197278,0.124881983,0.002195162,0.037224587,0.014511838,0.106439397,0.119595513
20220420_154701,0.043197278,0.124881983,0.002195162,0.037224587,0.014511838,0.106439397,0.119595513
20220420_154701,0.042824731,0.087488577,0.002230785,0.038723562,0.009194008,0.083319306,0.055899847
20220420_154701,0.042824731,0.087488577,0.002230785,0.038723562,0.009194008,0.083319306,0.055899847
20220420_154701,0.042824731,0.087488577,0.002230785,0.038723562,0.009194008,0.083319306,0.055899847
20220420_154701,0.039749223,0.083226629,0.003608625,0.036210652,0.007252567,0.078992233,0.049450237
20220420_154701,0.039749223,0.083226629,0.003608625,0.036210652,0.007252567,0.078992233,0.049450237
20220420_154701,0.039627364,0.110689141,0.000615915,0.03609245,0.008347367,0.098376267,0.061943214
20220420_154701,0.039627364,0.110689141,0.000615915,0.03609245,0.008347367,0.098376267,0.061943214
20220420_154701,0.039627364,0.110689141,0.000615915,0.03609245,0.008347367,0.098376267,0.061943214
20220420_154701,0.04114138,0.093618438,0.000255397,0.037199836,0.010892936,0.092203349,0.056113508
20220420_154701,0.04114138,0.093618438,0.000255397,0.037199836,0.010892936,0.092203349,0.056113508
20220420_154701,0.043237932,0.0958599,0.005254641,0.0397533,0.011437136,0.094023369,0.05297235
20220420_154701,0.043237932,0.0958599,0.005254641,0.0397533,0.011437136,0.094023369,0.05297235
20220420_154701,0.043237932,0.0958599,0.005254641,0.0397533,0.011437136,0.094023369,0.05297235
20220420_154701,0.042821278,0.091118969,0.008873469,0.0395666,0.007665988,0.089991815,0.052867029
20220420_154701,0.042821278,0.091118969,0.008873469,0.0395666,0.007665988,0.089991815,0.052867029
20220420_154701,0.041327954,0.092205681,0.000191301,0.038180705,0.00811616,0.087922424,0.079147801
20220420_154701,0.041327954,0.092205681,0.000191301,0.038180705,0.00811616,0.087922424,0.079147801
20220420_154701,0.041327954,0.092205681,0.000191301,0.038180705,0.00811616,0.087922424,0.079147801
20220420_154702,0.041725652,0.09646488,0.006756988,0.038557537,0.00760817,0.092356861,0.044976246
20220420_154702,0.041725652,0.09646488,0.006756988,0.038557537,0.00760817,0.092356861,0.044976246
20220420_154702,0.04666891,0.125423208,0.00767821,0.043273438,0.007212066,0.094589062,0.09984751
20220420_154702,0.04666891,0.125423208,0.00767821,0.043273438,0.007212066,0.094589062,0.09984751
20220420_154702,0.04666891,0.125423208,0.00767821,0.043273438,0.007212066,0.094589062,0.09984751
20220420_154702,0.042104021,0.078937635,0.002191117,0.03850103,0.010880519,0.077085793,0.043350931
20220420_154702,0.042104021,0.078937635,0.002191117,0.03850103,0.010880519,0.077085793,0.043350931
20220420_154702,0.042104021,0.078937635,0.002191117,0.03850103,0.010880519,0.077085793,0.043350931
20220420_154702,0.039734845,0.084715366,0.000145939,0.03582083,0.009688805,0.084356442,0.045193374
20220420_154702,0.039734845,0.084715366,0.000145939,0.03582083,0.009688805,0.084356442,0.045193374
20220420_154702,0.039734845,0.084715366,0.000145939,0.03582083,0.009688805,0.084356442,0.045193374
20220420_154702,0.038936506,0.090491429,0.000681905,0.03565486,0.01032426,0.089499891,0.050306335
20220420_154702,0.038936506,0.090491429,0.000681905,0.03565486,0.01032426,0.089499891,0.050306335
20220420_154702,0.038936506,0.090491429,0.000681905,0.03565486,0.01032426,0.089499891,0.050306335
20220420_154702,0.041207413,0.104516804,0.000297095,0.036594212,0.012854246,0.102093503,0.074571989
20220420_154702,0.041207413,0.104516804,0.000297095,0.036594212,0.012854246,0.102093503,0.074571989
20220420_154702,0.041207413,0.104516804,0.000297095,0.036594212,0.012854246,0.102093503,0.074571989
20220420_154702,0.040415786,0.087769665,0.001236118,0.036818035,0.009899913,0.087539777,0.051832639
20220420_154702,0.040415786,0.087769665,0.001236118,0.036818035,0.009899913,0.087539777,0.051832639
20220420_154702,0.040415786,0.087769665,0.001236118,0.036818035,0.009899913,0.087539777,0.051832639
20220420_154702,0.040427795,0.101191059,0.001440619,0.037605617,0.008005143,0.083881274,0.056600027
20220420_154702,0.040427795,0.101191059,0.001440619,0.037605617,0.008005143,0.083881274,0.056600027
20220420_154703,0.040427795,0.101191059,0.001440619,0.037605617,0.008005143,0.083881274,0.056600027
20220420_154703,0.0459727,0.095734544,0.011232974,0.043154046,0.008163451,0.095543355,0.049577415
20220420_154703,0.0459727,0.095734544,0.011232974,0.043154046,0.008163451,0.095543355,0.049577415
20220420_154703,0.0459727,0.095734544,0.011232974,0.043154046,0.008163451,0.095543355,0.049577415
20220420_154703,0.042085402,0.107673846,0.000134293,0.03808584,0.010792044,0.09355174,0.094053045
20220420_154703,0.042085402,0.107673846,0.000134293,0.03808584,0.010792044,0.09355174,0.094053045
20220420_154703,0.042085402,0.107673846,0.000134293,0.03808584,0.010792044,0.09355174,0.094053045
20220420_154703,0.038804285,0.080554418,0.000219578,0.034509145,0.012245566,0.077468976,0.052528791
20220420_154703,0.038804285,0.080554418,0.000219578,0.034509145,0.012245566,0.077468976,0.052528791
20220420_154703,0.038804285,0.080554418,0.000219578,0.034509145,0.012245566,0.077468976,0.052528791
20220420_154703,0.043197896,0.096268684,0.004185461,0.039364673,0.012090959,0.095271856,0.049361341
20220420_154703,0.043197896,0.096268684,0.004185461,0.039364673,0.012090959,0.095271856,0.049361341
20220420_154703,0.043197896,0.096268684,0.004185461,0.039364673,0.012090959,0.095271856,0.049361341
20220420_154703,0.044118835,0.091045521,0.001036018,0.039495684,0.013825233,0.087975569,0.049083341
20220420_154703,0.044118835,0.091045521,0.001036018,0.039495684,0.013825233,0.087975569,0.049083341
20220420_154703,0.044118835,0.091045521,0.001036018,0.039495684,0.013825233,0.087975569,0.049083341
20220420_154703,0.042714132,0.10487289,0.004384031,0.03897949,0.010320807,0.102188975,0.057585496
20220420_154703,0.042714132,0.10487289,0.004384031,0.03897949,0.010320807,0.102188975,0.057585496
20220420_154703,0.042714132,0.10487289,0.004384031,0.03897949,0.010320807,0.102188975,0.057585496
20220420_154703,0.04197155,0.088936947,0.000181771,0.039110713,0.008445788,0.085006379,0.044047426
20220420_154703,0.04197155,0.088936947,0.000181771,0.039110713,0.008445788,0.085006379,0.044047426
20220420_154703,0.04197155,0.088936947,0.000181771,0.039110713,0.008445788,0.085006379,0.044047426
20220420_154704,0.043235303,0.093282141,0.000453025,0.040115055,0.008603008,0.092047989,0.052074693
20220420_154704,0.043235303,0.093282141,0.000453025,0.040115055,0.008603008,0.092047989,0.052074693
20220420_154704,0.043235303,0.093282141,0.000453025,0.040115055,0.008603008,0.092047989,0.052074693
20220420_154704,0.041917023,0.089860223,0.003979411,0.037937533,0.011936103,0.089622252,0.062003452
20220420_154704,0.041917023,0.089860223,0.003979411,0.037937533,0.011936103,0.089622252,0.062003452
20220420_154704,0.041917023,0.089860223,0.003979411,0.037937533,0.011936103,0.089622252,0.062003452
20220420_154704,0.047792903,0.105732344,0.010320324,0.044801887,0.010449248,0.105656736,0.051862955
20220420_154704,0.047792903,0.105732344,0.010320324,0.044801887,0.010449248,0.105656736,0.051862955
20220420_154704,0.047792903,0.105732344,0.010320324,0.044801887,0.010449248,0.105656736,0.051862955
20220420_154704,0.040530996,0.079872586,0.00100486,0.036750976,0.009323741,0.076314889,0.054779578
20220420_154704,0.040530996,0.079872586,0.00100486,0.036750976,0.009323741,0.076314889,0.054779578
20220420_154704,0.040530996,0.079872586,0.00100486,0.036750976,0.009323741,0.076314889,0.054779578
20220420_154704,0.042543893,0.082181044,0.000535119,0.038075604,0.014539037,0.080600336,0.050067537
20220420_154704,0.042543893,0.082181044,0.000535119,0.038075604,0.014539037,0.080600336,0.050067537
20220420_154704,0.042543893,0.082181044,0.000535119,0.038075604,0.014539037,0.080600336,0.050067537
20220420_154704,0.041931472,0.105688579,3.40E-05,0.036884535,0.013551027,0.096522026,0.101107679
20220420_154704,0.041931472,0.105688579,3.40E-05,0.036884535,0.013551027,0.096522026,0.101107679
20220420_154704,0.041931472,0.105688579,3.40E-05,0.036884535,0.013551027,0.096522026,0.101107679
20220420_154704,0.04749493,0.095292598,0.003792915,0.04257868,0.015797233,0.095284551,0.059257407
20220420_154704,0.04749493,0.095292598,0.003792915,0.04257868,0.015797233,0.095284551,0.059257407
20220420_154704,0.04749493,0.095292598,0.003792915,0.04257868,0.015797233,0.095284551,0.059257407
20220420_154704,0.046956264,0.087141007,0.005424586,0.0413517,0.018285198,0.082750365,0.057038818
20220420_154704,0.046956264,0.087141007,0.005424586,0.0413517,0.018285198,0.082750365,0.057038818
20220420_154705,0.046956264,0.087141007,0.005424586,0.0413517,0.018285198,0.082750365,0.057038818
20220420_154705,0.044468155,0.099980891,0.004075103,0.03872347,0.01713686,0.090575069,0.055061955
20220420_154705,0.044468155,0.099980891,0.004075103,0.03872347,0.01713686,0.090575069,0.055061955
20220420_154705,0.043145459,0.083397128,1.39E-05,0.03659939,0.018172143,0.080434866,0.071403101
20220420_154705,0.043145459,0.083397128,1.39E-05,0.03659939,0.018172143,0.080434866,0.071403101
20220420_154705,0.043145459,0.083397128,1.39E-05,0.03659939,0.018172143,0.080434866,0.071403101
20220420_154705,0.049012278,0.127239972,0.010734843,0.044968393,0.013628618,0.104638778,0.114855073
20220420_154705,0.049012278,0.127239972,0.010734843,0.044968393,0.013628618,0.104638778,0.114855073
20220420_154705,0.049012278,0.127239972,0.010734843,0.044968393,0.013628618,0.104638778,0.114855073
20220420_154705,0.046398984,0.108003795,0.008258061,0.04140405,0.016140671,0.095773458,0.068749189
20220420_154705,0.046398984,0.108003795,0.008258061,0.04140405,0.016140671,0.095773458,0.068749189
20220420_154705,0.046398984,0.108003795,0.008258061,0.04140405,0.016140671,0.095773458,0.068749189
20220420_154705,0.048407981,0.088222876,0.013094064,0.043334614,0.016763184,0.082296319,0.061872426
20220420_154705,0.048407981,0.088222876,0.013094064,0.043334614,0.016763184,0.082296319,0.061872426
20220420_154705,0.048407981,0.088222876,0.013094064,0.043334614,0.016763184,0.082296319,0.061872426
20220420_154705,0.048407981,0.088222876,0.013094064,0.043334614,0.016763184,0.082296319,0.061872426
20220420_154705,0.049052388,0.101279423,0.010264934,0.04375665,0.016664471,0.101264656,0.056089539
20220420_154705,0.049052388,0.101279423,0.010264934,0.04375665,0.016664471,0.101264656,0.056089539
20220420_154705,0.049052388,0.101279423,0.010264934,0.04375665,0.016664471,0.101264656,0.056089539
20220420_154705,0.044901053,0.083146855,0.003318125,0.03988017,0.014381651,0.082776688,0.056028888
20220420_154705,0.044901053,0.083146855,0.003318125,0.03988017,0.014381651,0.082776688,0.056028888
20220420_154705,0.044901053,0.083146855,0.003318125,0.03988017,0.014381651,0.082776688,0.056028888
20220420_154706,0.044315641,0.156465784,0.00040647,0.0401288,0.013002962,0.156342447,0.098740019
20220420_154706,0.044315641,0.156465784,0.00040647,0.0401288,0.013002962,0.156342447,0.098740019
20220420_154706,0.044315641,0.156465784,0.00040647,0.0401288,0.013002962,0.156342447,0.098740019
20220420_154706,0.046403196,0.088032998,0.012540226,0.0427072,0.011595279,0.084045254,0.051033154
20220420_154706,0.046403196,0.088032998,0.012540226,0.0427072,0.011595279,0.084045254,0.051033154
20220420_154706,0.046403196,0.088032998,0.012540226,0.0427072,0.011595279,0.084045254,0.051033154
20220420_154706,0.044757694,0.10877227,0.008012033,0.04157734,0.011008638,0.106228739,0.056614406
20220420_154706,0.044757694,0.10877227,0.008012033,0.04157734,0.011008638,0.106228739,0.056614406
20220420_154706,0.044757694,0.10877227,0.008012033,0.04157734,0.011008638,0.106228739,0.056614406
20220420_154706,0.046235168,0.08202216,0.001403626,0.041926757,0.013601826,0.081066534,0.057866413
20220420_154706,0.046235168,0.08202216,0.001403626,0.041926757,0.013601826,0.081066534,0.057866413
20220420_154706,0.047147139,0.08749976,0.008388589,0.042633913,0.013332647,0.085535541,0.052794624
20220420_154706,0.047147139,0.08749976,0.008388589,0.042633913,0.013332647,0.085535541,0.052794624
20220420_154706,0.047147139,0.08749976,0.008388589,0.042633913,0.013332647,0.085535541,0.052794624
20220420_154706,0.045320856,0.119829081,0.002342957,0.041662134,0.010446799,0.109154493,0.112093464
20220420_154706,0.045320856,0.119829081,0.002342957,0.041662134,0.010446799,0.109154493,0.112093464
20220420_154706,0.045320856,0.119829081,0.002342957,0.041662134,0.010446799,0.109154493,0.112093464
20220420_154706,0.04180086,0.084574781,0.003616648,0.038125094,0.010539427,0.082206048,0.050299864
20220420_154706,0.04180086,0.084574781,0.003616648,0.038125094,0.010539427,0.082206048,0.050299864
20220420_154706,0.04180086,0.084574781,0.003616648,0.038125094,0.010539427,0.082206048,0.050299864
20220420_154706,0.043906345,0.095292158,0.006078397,0.039905965,0.012456166,0.077812172,0.071472913
20220420_154706,0.043906345,0.095292158,0.006078397,0.039905965,0.012456166,0.077812172,0.071472913
20220420_154707,0.043906345,0.095292158,0.006078397,0.039905965,0.012456166,0.077812172,0.071472913
20220420_154707,0.041797142,0.086120427,0.000505533,0.037768006,0.011108122,0.083886176,0.046965212
20220420_154707,0.041797142,0.086120427,0.000505533,0.037768006,0.011108122,0.083886176,0.046965212
20220420_154707,0.041797142,0.086120427,0.000505533,0.037768006,0.011108122,0.083886176,0.046965212
20220420_154707,0.04431832,0.091300912,0.005260812,0.041427474,0.006840189,0.089746043,0.047503971
20220420_154707,0.04431832,0.091300912,0.005260812,0.041427474,0.006840189,0.089746043,0.047503971
20220420_154707,0.04431832,0.091300912,0.005260812,0.041427474,0.006840189,0.089746043,0.047503971
20220420_154707,0.045722049,0.124274768,0.003632783,0.04297596,0.003001778,0.118307851,0.085683055
20220420_154707,0.045722049,0.124274768,0.003632783,0.04297596,0.003001778,0.118307851,0.085683055
20220420_154707,0.045722049,0.124274768,0.003632783,0.04297596,0.003001778,0.118307851,0.085683055
20220420_154707,0.045722049,0.124274768,0.003632783,0.04297596,0.003001778,0.118307851,0.085683055
20220420_154707,0.046388274,0.090201214,0.003924835,0.044166036,0.004864695,0.081876971,0.044705279
20220420_154707,0.046388274,0.090201214,0.003924835,0.044166036,0.004864695,0.081876971,0.044705279
20220420_154707,0.045238371,0.088967979,0.001783265,0.04209596,0.007085911,0.08821889,0.05685306
20220420_154707,0.045238371,0.088967979,0.001783265,0.04209596,0.007085911,0.08821889,0.05685306
20220420_154707,0.045238371,0.088967979,0.001783265,0.04209596,0.007085911,0.08821889,0.05685306
20220420_154707,0.045253212,0.094490163,0.007481447,0.04289631,0.004319329,0.093497299,0.043256328
20220420_154707,0.045253212,0.094490163,0.007481447,0.04289631,0.004319329,0.093497299,0.043256328
20220420_154707,0.045253212,0.094490163,0.007481447,0.04289631,0.004319329,0.093497299,0.043256328
20220420_154707,0.046954742,0.109781668,0.010685954,0.044543106,0.006956969,0.10648489,0.071944639
20220420_154707,0.046954742,0.109781668,0.010685954,0.044543106,0.006956969,0.10648489,0.071944639
20220420_154707,0.046954742,0.109781668,0.010685954,0.044543106,0.006956969,0.10648489,0.071944639
20220420_154708,0.046810998,0.088491365,0.000144403,0.04440513,0.005113987,0.087813132,0.050877333
20220420_154708,0.046810998,0.088491365,0.000144403,0.04440513,0.005113987,0.087813132,0.050877333
20220420_154708,0.046810998,0.088491365,0.000144403,0.04440513,0.005113987,0.087813132,0.050877333
20220420_154708,0.049661396,0.100942694,0.005398795,0.047295913,0.008713172,0.10093341,0.057560604
20220420_154708,0.049661396,0.100942694,0.005398795,0.047295913,0.008713172,0.10093341,0.057560604
20220420_154708,0.049661396,0.100942694,0.005398795,0.047295913,0.008713172,0.10093341,0.057560604
20220420_154708,0.052323778,0.118178822,0.007812533,0.049856465,0.007335052,0.095411636,0.113973439
20220420_154708,0.052323778,0.118178822,0.007812533,0.049856465,0.007335052,0.095411636,0.113973439
20220420_154708,0.052323778,0.118178822,0.007812533,0.049856465,0.007335052,0.095411636,0.113973439
20220420_154708,0.051131282,0.092499524,0.006047654,0.048707176,0.009307535,0.091173075,0.059424773
20220420_154708,0.051131282,0.092499524,0.006047654,0.048707176,0.009307535,0.091173075,0.059424773
20220420_154708,0.051131282,0.092499524,0.006047654,0.048707176,0.009307535,0.091173075,0.059424773
20220420_154708,0.048090451,0.136602789,0.010768602,0.044778705,0.011354822,0.13248454,0.097825497
20220420_154708,0.048090451,0.136602789,0.010768602,0.044778705,0.011354822,0.13248454,0.097825497
20220420_154708,0.048090451,0.136602789,0.010768602,0.044778705,0.011354822,0.13248454,0.097825497
20220420_154708,0.047473694,0.097033039,0.007813417,0.044384275,0.010218474,0.093564786,0.050466161
20220420_154708,0.047473694,0.097033039,0.007813417,0.044384275,0.010218474,0.093564786,0.050466161
20220420_154708,0.047473694,0.097033039,0.007813417,0.044384275,0.010218474,0.093564786,0.050466161
20220420_154708,0.050034298,0.09975028,0.013099964,0.047031187,0.011035674,0.098947749,0.060482942
20220420_154708,0.050034298,0.09975028,0.013099964,0.047031187,0.011035674,0.098947749,0.060482942
20220420_154708,0.050034298,0.09975028,0.013099964,0.047031187,0.011035674,0.098947749,0.060482942
20220420_154708,0.051256084,0.101226114,0.008317223,0.04776245,0.011307718,0.099758394,0.053908374
20220420_154708,0.051256084,0.101226114,0.008317223,0.04776245,0.011307718,0.099758394,0.053908374
20220420_154709,0.051256084,0.101226114,0.008317223,0.04776245,0.011307718,0.099758394,0.053908374
20220420_154709,0.046721954,0.10414809,0.011658823,0.040924795,0.018325923,0.089821741,0.059684902
20220420_154709,0.046721954,0.10414809,0.011658823,0.040924795,0.018325923,0.089821741,0.059684902
20220420_154709,0.046721954,0.10414809,0.011658823,0.040924795,0.018325923,0.089821741,0.059684902
20220420_154709,0.043010713,0.086564727,0.001415462,0.03605217,0.01905142,0.0838774,0.069684006
20220420_154709,0.043010713,0.086564727,0.001415462,0.03605217,0.01905142,0.0838774,0.069684006
20220420_154709,0.043010713,0.086564727,0.001415462,0.03605217,0.01905142,0.0838774,0.069684006
20220420_154709,0.054230365,0.113606662,0.003380686,0.04981623,0.016009225,0.113605723,0.054514132
20220420_154709,0.054230365,0.113606662,0.003380686,0.04981623,0.016009225,0.113605723,0.054514132
20220420_154709,0.054230365,0.113606662,0.003380686,0.04981623,0.016009225,0.113605723,0.054514132
20220420_154709,0.048973099,0.105881602,0.011736156,0.046266932,0.00811185,0.10582678,0.048488524
20220420_154709,0.048973099,0.105881602,0.011736156,0.046266932,0.00811185,0.10582678,0.048488524
20220420_154709,0.048973099,0.105881602,0.011736156,0.046266932,0.00811185,0.10582678,0.048488524
20220420_154709,0.043483928,0.087033682,0.002142006,0.0406828,0.006106004,0.084504843,0.060360145
20220420_154709,0.043483928,0.087033682,0.002142006,0.0406828,0.006106004,0.084504843,0.060360145
20220420_154709,0.043483928,0.087033682,0.002142006,0.0406828,0.006106004,0.084504843,0.060360145
20220420_154709,0.046728288,0.086687468,0.008166051,0.042781785,0.013192564,0.085932173,0.061666194
20220420_154709,0.046728288,0.086687468,0.008166051,0.042781785,0.013192564,0.085932173,0.061666194
20220420_154709,0.046728288,0.086687468,0.008166051,0.042781785,0.013192564,0.085932173,0.061666194
20220420_154709,0.050077672,0.092704371,0.005788433,0.045206793,0.017031942,0.088583767,0.054602604
20220420_154709,0.050077672,0.092704371,0.005788433,0.045206793,0.017031942,0.088583767,0.054602604
20220420_154709,0.050077672,0.092704371,0.005788433,0.045206793,0.017031942,0.088583767,0.054602604
20220420_154710,0.050193233,0.116151929,0.003664404,0.044091184,0.019156687,0.0961316,0.112787075
20220420_154710,0.050193233,0.116151929,0.003664404,0.044091184,0.019156687,0.0961316,0.112787075
20220420_154710,0.050193233,0.116151929,0.003664404,0.044091184,0.019156687,0.0961316,0.112787075
20220420_154710,0.049846665,0.088578783,0.004660829,0.046326283,0.01287677,0.088268973,0.050712869
20220420_154710,0.049846665,0.088578783,0.004660829,0.046326283,0.01287677,0.088268973,0.050712869
20220420_154710,0.049846665,0.088578783,0.004660829,0.046326283,0.01287677,0.088268973,0.050712869
20220420_154710,0.051769055,0.091763481,0.009535902,0.04894184,0.008142575,0.091275685,0.053605247
20220420_154710,0.051769055,0.091763481,0.009535902,0.04894184,0.008142575,0.091275685,0.053605247
20220420_154710,0.051769055,0.091763481,0.009535902,0.04894184,0.008142575,0.091275685,0.053605247
20220420_154710,0.047885439,0.091579318,0.000678635,0.044705804,0.010601312,0.089985959,0.057592768
20220420_154710,0.047885439,0.091579318,0.000678635,0.044705804,0.010601312,0.089985959,0.057592768
20220420_154710,0.047885439,0.091579318,0.000678635,0.044705804,0.010601312,0.089985959,0.057592768
20220420_154710,0.048248254,0.100467891,0.00928604,0.044729616,0.012199922,0.09131106,0.076590031
20220420_154710,0.048248254,0.100467891,0.00928604,0.044729616,0.012199922,0.09131106,0.076590031
20220420_154710,0.048248254,0.100467891,0.00928604,0.044729616,0.012199922,0.09131106,0.076590031
20220420_154710,0.047540562,0.09429615,0.001185954,0.04292677,0.014883515,0.090014987,0.053613245
20220420_154710,0.047540562,0.09429615,0.001185954,0.04292677,0.014883515,0.090014987,0.053613245
20220420_154710,0.047111322,0.103446983,0.002104673,0.04355664,0.010629769,0.101572238,0.089899801
20220420_154710,0.047111322,0.103446983,0.002104673,0.04355664,0.010629769,0.101572238,0.089899801
20220420_154710,0.047111322,0.103446983,0.002104673,0.04355664,0.010629769,0.101572238,0.089899801
20220420_154710,0.046808631,0.098054744,0.000371801,0.042178806,0.014240133,0.092390947,0.062020309
20220420_154710,0.046808631,0.098054744,0.000371801,0.042178806,0.014240133,0.092390947,0.062020309
20220420_154711,0.046808631,0.098054744,0.000371801,0.042178806,0.014240133,0.092390947,0.062020309
20220420_154711,0.044882327,0.095896102,0.002439807,0.040983688,0.01343671,0.089754485,0.05485015
20220420_154711,0.044882327,0.095896102,0.002439807,0.040983688,0.01343671,0.089754485,0.05485015
20220420_154711,0.044882327,0.095896102,0.002439807,0.040983688,0.01343671,0.089754485,0.05485015
20220420_154711,0.047580904,0.119367912,0.006117189,0.04352907,0.012975317,0.112959072,0.110094033
20220420_154711,0.047580904,0.119367912,0.006117189,0.04352907,0.012975317,0.112959072,0.110094033
20220420_154711,0.047580904,0.119367912,0.006117189,0.04352907,0.012975317,0.112959072,0.110094033
20220420_154711,0.051113578,0.101412036,0.018217443,0.047604598,0.012800784,0.097427815,0.04936954
20220420_154711,0.051113578,0.101412036,0.018217443,0.047604598,0.012800784,0.097427815,0.04936954
20220420_154711,0.051113578,0.101412036,0.018217443,0.047604598,0.012800784,0.097427815,0.04936954
20220420_154711,0.047603913,0.098857924,0.000852348,0.044446103,0.010691974,0.098853312,0.050935831
20220420_154711,0.047603913,0.098857924,0.000852348,0.044446103,0.010691974,0.098853312,0.050935831
20220420_154711,0.047603913,0.098857924,0.000852348,0.044446103,0.010691974,0.098853312,0.050935831
20220420_154711,0.045859995,0.105477184,0.000534663,0.040542293,0.016201489,0.093882889,0.08453463
20220420_154711,0.045859995,0.105477184,0.000534663,0.040542293,0.016201489,0.093882889,0.08453463
20220420_154711,0.045859995,0.105477184,0.000534663,0.040542293,0.016201489,0.093882889,0.08453463
20220420_154711,0.04549877,0.104393154,0.008075806,0.04056325,0.014031549,0.093912058,0.063738376
20220420_154711,0.04549877,0.104393154,0.008075806,0.04056325,0.014031549,0.093912058,0.063738376
20220420_154711,0.04549877,0.104393154,0.008075806,0.04056325,0.014031549,0.093912058,0.063738376
20220420_154711,0.046555824,0.109444842,0.004733706,0.04282243,0.010990202,0.10433425,0.094333634
20220420_154711,0.046555824,0.109444842,0.004733706,0.04282243,0.010990202,0.10433425,0.094333634
20220420_154711,0.046555824,0.109444842,0.004733706,0.04282243,0.010990202,0.10433425,0.094333634
20220420_154712,0.045419441,0.086272657,0.004519278,0.04310786,0.006106765,0.086023651,0.046948813
20220420_154712,0.045419441,0.086272657,0.004519278,0.04310786,0.006106765,0.086023651,0.046948813
20220420_154712,0.045419441,0.086272657,0.004519278,0.04310786,0.006106765,0.086023651,0.046948813
20220420_154712,0.048928451,0.110601485,0.016665483,0.04696419,0.004674853,0.105973825,0.042808708
20220420_154712,0.048928451,0.110601485,0.016665483,0.04696419,0.004674853,0.105973825,0.042808708
20220420_154712,0.048928451,0.110601485,0.016665483,0.04696419,0.004674853,0.105973825,0.042808708
20220420_154712,0.045939256,0.099037588,0.000579193,0.04327754,0.00651879,0.093279935,0.057955299
20220420_154712,0.045939256,0.099037588,0.000579193,0.04327754,0.00651879,0.093279935,0.057955299
20220420_154712,0.045939256,0.099037588,0.000579193,0.04327754,0.00651879,0.093279935,0.057955299
20220420_154712,0.048551653,0.087867022,0.012868971,0.04579106,0.010013775,0.085043922,0.053256206
20220420_154712,0.048551653,0.087867022,0.012868971,0.04579106,0.010013775,0.085043922,0.053256206
20220420_154712,0.048551653,0.087867022,0.012868971,0.04579106,0.010013775,0.085043922,0.053256206
20220420_154712,0.045184625,0.096335374,0.000395959,0.04248101,0.008025827,0.086005129,0.062852047
20220420_154712,0.045184625,0.096335374,0.000395959,0.04248101,0.008025827,0.086005129,0.062852047
20220420_154712,0.045184625,0.096335374,0.000395959,0.04248101,0.008025827,0.086005129,0.062852047
20220420_154712,0.039609671,0.094598204,0.002826417,0.03491223,0.009771233,0.092300802,0.08580181
20220420_154712,0.039609671,0.094598204,0.002826417,0.03491223,0.009771233,0.092300802,0.08580181
20220420_154712,0.039609671,0.094598204,0.002826417,0.03491223,0.009771233,0.092300802,0.08580181
20220420_154712,0.031709879,0.070356883,0.00011677,0.026291076,0.012088203,0.067343026,0.057361174
20220420_154712,0.031709879,0.070356883,0.00011677,0.026291076,0.012088203,0.067343026,0.057361174
20220420_154712,0.024820734,0.074544974,4.92E-05,0.01636722,0.010647876,0.062351547,0.05342098
20220420_154712,0.024820734,0.074544974,4.92E-05,0.01636722,0.010647876,0.062351547,0.05342098
20220420_154713,0.024820734,0.074544974,4.92E-05,0.01636722,0.010647876,0.062351547,0.05342098
20220420_154713,0.024820734,0.074544974,4.92E-05,0.01636722,0.010647876,0.062351547,0.05342098
20220420_154713,0.026276905,0.072297484,0.000103711,0.01883687,0.010698875,0.062131714,0.066928282
20220420_154713,0.026276905,0.072297484,0.000103711,0.01883687,0.010698875,0.062131714,0.066928282
20220420_154713,0.026276905,0.072297484,0.000103711,0.01883687,0.010698875,0.062131714,0.066928282
20220420_154713,0.027042958,0.068403482,5.26E-05,0.019862665,0.010082566,0.068124913,0.059849843
20220420_154713,0.027042958,0.068403482,5.26E-05,0.019862665,0.010082566,0.068124913,0.059849843
20220420_154713,0.027042958,0.068403482,5.26E-05,0.019862665,0.010082566,0.068124913,0.059849843
20220420_154713,0.030693996,0.105015978,0.00011723,0.023544054,0.013313143,0.103516936,0.088551208
20220420_154713,0.030693996,0.105015978,0.00011723,0.023544054,0.013313143,0.103516936,0.088551208
20220420_154713,0.030693996,0.105015978,0.00011723,0.023544054,0.013313143,0.103516936,0.088551208
20220420_154713,0.038379417,0.082229473,0.000123408,0.03366038,0.012270599,0.076362453,0.047453139
20220420_154713,0.038379417,0.082229473,0.000123408,0.03366038,0.012270599,0.076362453,0.047453139
20220420_154713,0.038379417,0.082229473,0.000123408,0.03366038,0.012270599,0.076362453,0.047453139
20220420_154713,0.032688085,0.077360556,0.000339041,0.028239727,0.009266778,0.077256441,0.058126871
20220420_154713,0.032688085,0.077360556,0.000339041,0.028239727,0.009266778,0.077256441,0.058126871
20220420_154713,0.032688085,0.077360556,0.000339041,0.028239727,0.009266778,0.077256441,0.058126871
20220420_154713,0.024239182,0.065202914,0.000177211,0.015671622,0.007821323,0.063399002,0.053583641
20220420_154713,0.024239182,0.065202914,0.000177211,0.015671622,0.007821323,0.063399002,0.053583641
20220420_154713,0.024239182,0.065202914,0.000177211,0.015671622,0.007821323,0.063399002,0.053583641
20220420_154713,0.02798062,0.131078482,0.000101583,0.023273902,0.004950947,0.13056539,0.096597351
20220420_154713,0.02798062,0.131078482,0.000101583,0.023273902,0.004950947,0.13056539,0.096597351
20220420_154713,0.02798062,0.131078482,0.000101583,0.023273902,0.004950947,0.13056539,0.096597351
20220420_154714,0.030358114,0.075344652,0.000173593,0.024395356,0.010618655,0.069964163,0.048494302
20220420_154714,0.030358114,0.075344652,0.000173593,0.024395356,0.010618655,0.069964163,0.048494302
20220420_154714,0.030358114,0.075344652,0.000173593,0.024395356,0.010618655,0.069964163,0.048494302
20220420_154714,0.032823463,0.100349203,4.46E-05,0.0249404,0.014623722,0.098144859,0.063498184
20220420_154714,0.032823463,0.100349203,4.46E-05,0.0249404,0.014623722,0.098144859,0.063498184
20220420_154714,0.032823463,0.100349203,4.46E-05,0.0249404,0.014623722,0.098144859,0.063498184
20220420_154714,0.032823463,0.100349203,4.46E-05,0.0249404,0.014623722,0.098144859,0.063498184
20220420_154714,0.030819121,0.077915706,0.000571625,0.020853575,0.016553756,0.06737189,0.069043942
20220420_154714,0.030819121,0.077915706,0.000571625,0.020853575,0.016553756,0.06737189,0.069043942
20220420_154714,0.030339689,0.07086017,5.45E-05,0.022896906,0.014327546,0.064920597,0.05404406
20220420_154714,0.030339689,0.07086017,5.45E-05,0.022896906,0.014327546,0.064920597,0.05404406
20220420_154714,0.030339689,0.07086017,5.45E-05,0.022896906,0.014327546,0.064920597,0.05404406
20220420_154714,0.033385531,0.117473885,0.000231052,0.025285041,0.016982697,0.090291858,0.108713359
20220420_154714,0.033385531,0.117473885,0.000231052,0.025285041,0.016982697,0.090291858,0.108713359
20220420_154714,0.033385531,0.117473885,0.000231052,0.025285041,0.016982697,0.090291858,0.108713359
20220420_154714,0.033385531,0.117473885,0.000231052,0.025285041,0.016982697,0.090291858,0.108713359
20220420_154714,0.028844071,0.0720549,0.000297105,0.023031743,0.011221018,0.064326517,0.059067115
20220420_154714,0.028844071,0.0720549,0.000297105,0.023031743,0.011221018,0.064326517,0.059067115
20220420_154714,0.028100365,0.069723643,0.000295952,0.022468787,0.009303452,0.06075865,0.05131568
20220420_154714,0.028100365,0.069723643,0.000295952,0.022468787,0.009303452,0.06075865,0.05131568
20220420_154714,0.028100365,0.069723643,0.000295952,0.022468787,0.009303452,0.06075865,0.05131568
20220420_154714,0.028100365,0.069723643,0.000295952,0.022468787,0.009303452,0.06075865,0.05131568
20220420_154714,0.027407913,0.092088379,0.000321522,0.020916851,0.009997216,0.09039735,0.054768257
20220420_154715,0.027407913,0.092088379,0.000321522,0.020916851,0.009997216,0.09039735,0.054768257
20220420_154715,0.025481561,0.080196939,8.15E-05,0.018416584,0.011172862,0.06497401,0.052377772
20220420_154715,0.025481561,0.080196939,8.15E-05,0.018416584,0.011172862,0.06497401,0.052377772
20220420_154715,0.025481561,0.080196939,8.15E-05,0.018416584,0.011172862,0.06497401,0.052377772
20220420_154715,0.029566863,0.089607887,0.000117719,0.024404803,0.009766432,0.087165788,0.056316234
20220420_154715,0.029566863,0.089607887,0.000117719,0.024404803,0.009766432,0.087165788,0.056316234
20220420_154715,0.029566863,0.089607887,0.000117719,0.024404803,0.009766432,0.087165788,0.056316234
20220420_154715,0.032107979,0.10103675,0.000128486,0.024234172,0.015391036,0.091557331,0.09977866
20220420_154715,0.032107979,0.10103675,0.000128486,0.024234172,0.015391036,0.091557331,0.09977866
20220420_154715,0.032107979,0.10103675,0.000128486,0.024234172,0.015391036,0.091557331,0.09977866
20220420_154715,0.035329634,0.083588742,0.00018258,0.030041026,0.011897757,0.082770266,0.055805095
20220420_154715,0.035329634,0.083588742,0.00018258,0.030041026,0.011897757,0.082770266,0.055805095
20220420_154715,0.035329634,0.083588742,0.00018258,0.030041026,0.011897757,0.082770266,0.055805095
20220420_154715,0.029050185,0.071037352,0.000396535,0.023446962,0.008538799,0.071037024,0.047783967
20220420_154715,0.029050185,0.071037352,0.000396535,0.023446962,0.008538799,0.071037024,0.047783967
20220420_154715,0.029050185,0.071037352,0.000396535,0.023446962,0.008538799,0.071037024,0.047783967
20220420_154715,0.029050185,0.071037352,0.000396535,0.023446962,0.008538799,0.071037024,0.047783967
20220420_154715,0.028557792,0.069328934,0.000148645,0.020509182,0.013829423,0.066769533,0.05619863
20220420_154715,0.028557792,0.069328934,0.000148645,0.020509182,0.013829423,0.066769533,0.05619863
20220420_154715,0.031703034,0.113520853,0.000215651,0.023902304,0.014649075,0.100925058,0.105148122
20220420_154715,0.031703034,0.113520853,0.000215651,0.023902304,0.014649075,0.100925058,0.105148122
20220420_154715,0.031703034,0.113520853,0.000215651,0.023902304,0.014649075,0.100925058,0.105148122
20220420_154716,0.031584665,0.090317242,0.000200066,0.024559906,0.013776355,0.080369592,0.061415762
20220420_154716,0.031584665,0.090317242,0.000200066,0.024559906,0.013776355,0.080369592,0.061415762
20220420_154716,0.031584665,0.090317242,0.000200066,0.024559906,0.013776355,0.080369592,0.061415762
20220420_154716,0.029390867,0.073990174,0.00010489,0.021210788,0.015132317,0.066865422,0.057369672
20220420_154716,0.029390867,0.073990174,0.00010489,0.021210788,0.015132317,0.066865422,0.057369672
20220420_154716,0.029390867,0.073990174,0.00010489,0.021210788,0.015132317,0.066865422,0.057369672
20220420_154716,0.040570496,0.089047827,0.000151655,0.03367,0.018252227,0.085227378,0.051147714
20220420_154716,0.040570496,0.089047827,0.000151655,0.03367,0.018252227,0.085227378,0.051147714
20220420_154716,0.040570496,0.089047827,0.000151655,0.03367,0.018252227,0.085227378,0.051147714
20220420_154716,0.052946745,0.095024765,0.016975516,0.047994737,0.016850224,0.0906225,0.067804813
20220420_154716,0.052946745,0.095024765,0.016975516,0.047994737,0.016850224,0.0906225,0.067804813
20220420_154716,0.052946745,0.095024765,0.016975516,0.047994737,0.016850224,0.0906225,0.067804813
20220420_154716,0.066681032,0.136507511,0.012815005,0.06311542,0.016382089,0.128453583,0.115848966
20220420_154716,0.066681032,0.136507511,0.012815005,0.06311542,0.016382089,0.128453583,0.115848966
20220420_154716,0.066681032,0.136507511,0.012815005,0.06311542,0.016382089,0.128453583,0.115848966
20220420_154716,0.062183551,0.113035709,0.025413532,0.0589644,0.014345942,0.108819641,0.071334876
20220420_154716,0.062183551,0.113035709,0.025413532,0.0589644,0.014345942,0.108819641,0.071334876
20220420_154716,0.062183551,0.113035709,0.025413532,0.0589644,0.014345942,0.108819641,0.071334876
20220420_154716,0.053459477,0.093084916,0.008069829,0.048977863,0.015918175,0.089644752,0.066986628
20220420_154716,0.053459477,0.093084916,0.008069829,0.048977863,0.015918175,0.089644752,0.066986628
20220420_154716,0.053459477,0.093084916,0.008069829,0.048977863,0.015918175,0.089644752,0.066986628
20220420_154716,0.054069724,0.10095764,0.011960522,0.04991057,0.015718307,0.100947656,0.07517758
20220420_154717,0.054069724,0.10095764,0.011960522,0.04991057,0.015718307,0.100947656,0.07517758
20220420_154717,0.054069724,0.10095764,0.011960522,0.04991057,0.015718307,0.100947656,0.07517758
20220420_154717,0.056468032,0.111894824,0.019312922,0.05229619,0.015833618,0.102712229,0.057863913
20220420_154717,0.056468032,0.111894824,0.019312922,0.05229619,0.015833618,0.102712229,0.057863913
20220420_154717,0.056468032,0.111894824,0.019312922,0.05229619,0.015833618,0.102712229,0.057863913
20220420_154717,0.052522778,0.095101021,0.006527192,0.04836426,0.014850366,0.09447179,0.055923585
20220420_154717,0.052522778,0.095101021,0.006527192,0.04836426,0.014850366,0.09447179,0.055923585
20220420_154717,0.052522778,0.095101021,0.006527192,0.04836426,0.014850366,0.09447179,0.055923585
20220420_154717,0.062517491,0.130498812,0.021187037,0.059132267,0.015631974,0.126035675,0.103259258
20220420_154717,0.062517491,0.130498812,0.021187037,0.059132267,0.015631974,0.126035675,0.103259258
20220420_154717,0.062517491,0.130498812,0.021187037,0.059132267,0.015631974,0.126035675,0.103259258
20220420_154717,0.068245742,0.11497432,0.032165121,0.06509002,0.01623266,0.111132801,0.056323927
20220420_154717,0.068245742,0.11497432,0.032165121,0.06509002,0.01623266,0.111132801,0.056323927
20220420_154717,0.068245742,0.11497432,0.032165121,0.06509002,0.01623266,0.111132801,0.056323927
20220420_154717,0.064833301,0.122381374,0.023301609,0.062219776,0.01226314,0.109789692,0.072377801
20220420_154717,0.064833301,0.122381374,0.023301609,0.062219776,0.01226314,0.109789692,0.072377801
20220420_154717,0.064833301,0.122381374,0.023301609,0.062219776,0.01226314,0.109789692,0.072377801
20220420_154717,0.063884207,0.11518009,0.02230818,0.061101105,0.01334612,0.114996567,0.056212064
20220420_154717,0.063884207,0.11518009,0.02230818,0.061101105,0.01334612,0.114996567,0.056212064
20220420_154717,0.063884207,0.11518009,0.02230818,0.061101105,0.01334612,0.114996567,0.056212064
20220420_154717,0.068612153,0.109405085,0.027279455,0.06474345,0.018703103,0.107568718,0.057824865
20220420_154717,0.068612153,0.109405085,0.027279455,0.06474345,0.018703103,0.107568718,0.057824865
20220420_154718,0.06910082,0.135313511,0.029898753,0.06588949,0.01581436,0.133460656,0.083880998
20220420_154718,0.06910082,0.135313511,0.029898753,0.06588949,0.01581436,0.133460656,0.083880998
20220420_154718,0.06910082,0.135313511,0.029898753,0.06588949,0.01581436,0.133460656,0.083880998
20220420_154718,0.064229655,0.121393621,0.009423947,0.06153438,0.013097353,0.118267819,0.062282011
20220420_154718,0.064229655,0.121393621,0.009423947,0.06153438,0.013097353,0.118267819,0.062282011
20220420_154718,0.064229655,0.121393621,0.009423947,0.06153438,0.013097353,0.118267819,0.062282011
20220420_154718,0.060425689,0.102304555,0.013815537,0.057080057,0.014692874,0.102054946,0.057413638
20220420_154718,0.060425689,0.102304555,0.013815537,0.057080057,0.014692874,0.102054946,0.057413638
20220420_154718,0.060425689,0.102304555,0.013815537,0.057080057,0.014692874,0.102054946,0.057413638
20220420_154718,0.063860979,0.110467471,0.019805793,0.060707945,0.015656395,0.110416979,0.067331165
20220420_154718,0.063860979,0.110467471,0.019805793,0.060707945,0.015656395,0.110416979,0.067331165
20220420_154718,0.063860979,0.110467471,0.019805793,0.060707945,0.015656395,0.110416979,0.067331165
20220420_154718,0.066478967,0.133161321,0.032814164,0.064070836,0.012471711,0.132650241,0.0891468
20220420_154718,0.066478967,0.133161321,0.032814164,0.064070836,0.012471711,0.132650241,0.0891468
20220420_154718,0.066478967,0.133161321,0.032814164,0.064070836,0.012471711,0.132650241,0.0891468
20220420_154718,0.065686439,0.116918325,0.020622535,0.06331697,0.011440693,0.109523207,0.063774221
20220420_154718,0.065686439,0.116918325,0.020622535,0.06331697,0.011440693,0.109523207,0.063774221
20220420_154718,0.065686439,0.116918325,0.020622535,0.06331697,0.011440693,0.109523207,0.063774221
20220420_154718,0.064738185,0.118410863,0.023494909,0.06181695,0.013487755,0.112701751,0.058504712
20220420_154718,0.064738185,0.118410863,0.023494909,0.06181695,0.013487755,0.112701751,0.058504712
20220420_154718,0.064738185,0.118410863,0.023494909,0.06181695,0.013487755,0.112701751,0.058504712
20220420_154718,0.067234416,0.105319142,0.035186276,0.06437886,0.013372958,0.102042064,0.060417872
20220420_154718,0.067234416,0.105319142,0.035186276,0.06437886,0.013372958,0.102042064,0.060417872
20220420_154719,0.067234416,0.105319142,0.035186276,0.06437886,0.013372958,0.102042064,0.060417872
20220420_154719,0.070605207,0.121444523,0.02029605,0.06804029,0.012613159,0.117687352,0.055258684
20220420_154719,0.070605207,0.121444523,0.02029605,0.06804029,0.012613159,0.117687352,0.055258684
20220420_154719,0.070605207,0.121444523,0.02029605,0.06804029,0.012613159,0.117687352,0.055258684
20220420_154719,0.06422308,0.136792824,0.015240061,0.061534062,0.011071757,0.135159016,0.108228453
20220420_154719,0.06422308,0.136792824,0.015240061,0.061534062,0.011071757,0.135159016,0.108228453
20220420_154719,0.06422308,0.136792824,0.015240061,0.061534062,0.011071757,0.135159016,0.108228453
20220420_154719,0.060095497,0.118704654,0.008317262,0.05795989,0.008505062,0.114445217,0.048659798
20220420_154719,0.060095497,0.118704654,0.008317262,0.05795989,0.008505062,0.114445217,0.048659798
20220420_154719,0.05603563,0.101526543,0.016552128,0.054246794,0.003196912,0.092275776,0.050381199
20220420_154719,0.05603563,0.101526543,0.016552128,0.054246794,0.003196912,0.092275776,0.050381199
20220420_154719,0.05603563,0.101526543,0.016552128,0.054246794,0.003196912,0.092275776,0.050381199
20220420_154719,0.051861714,0.107057266,0.003355663,0.050239787,0.000257043,0.106820896,0.032659367
20220420_154719,0.051861714,0.107057266,0.003355663,0.050239787,0.000257043,0.106820896,0.032659367
20220420_154719,0.051861714,0.107057266,0.003355663,0.050239787,0.000257043,0.106820896,0.032659367
20220420_154719,0.050348214,0.095520519,0.012806627,0.048555866,0.003232292,0.095518693,0.043793954
20220420_154719,0.050348214,0.095520519,0.012806627,0.048555866,0.003232292,0.095518693,0.043793954
20220420_154719,0.057850558,0.147046447,0.018259194,0.05578339,0.003217792,0.143265888,0.091081142
20220420_154719,0.057850558,0.147046447,0.018259194,0.05578339,0.003217792,0.143265888,0.091081142
20220420_154719,0.057850558,0.147046447,0.018259194,0.05578339,0.003217792,0.143265888,0.091081142
20220420_154720,0.057003917,0.117331252,0.011776802,0.05542113,-0.001001445,0.108047888,0.060619086
20220420_154720,0.057003917,0.117331252,0.011776802,0.05542113,-0.001001445,0.108047888,0.060619086
20220420_154720,0.057003917,0.117331252,0.011776802,0.05542113,-0.001001445,0.108047888,0.060619086
20220420_154720,0.056926869,0.101645574,0.005776166,0.054925196,0.001405134,0.095841907,0.043901052
20220420_154720,0.056926869,0.101645574,0.005776166,0.054925196,0.001405134,0.095841907,0.043901052
20220420_154720,0.055860566,0.098232076,0.016043462,0.054050263,0.002845333,0.09815006,0.049000114
20220420_154720,0.055860566,0.098232076,0.016043462,0.054050263,0.002845333,0.09815006,0.049000114
20220420_154720,0.055860566,0.098232076,0.016043462,0.054050263,0.002845333,0.09815006,0.049000114
20220420_154720,0.05447352,0.102525212,0.012963766,0.05271968,0.000203253,0.102514498,0.039915208
20220420_154720,0.05447352,0.102525212,0.012963766,0.05271968,0.000203253,0.102514498,0.039915208
20220420_154720,0.05447352,0.102525212,0.012963766,0.05271968,0.000203253,0.102514498,0.039915208
20220420_154720,0.054397639,0.114476956,0.017310806,0.052710786,8.89E-05,0.113114022,0.075254865
20220420_154720,0.054397639,0.114476956,0.017310806,0.052710786,8.89E-05,0.113114022,0.075254865
20220420_154720,0.054397639,0.114476956,0.017310806,0.052710786,8.89E-05,0.113114022,0.075254865
20220420_154720,0.05900796,0.104189232,0.025396856,0.057316672,0.000942589,0.103129379,0.046953343
20220420_154720,0.05900796,0.104189232,0.025396856,0.057316672,0.000942589,0.103129379,0.046953343
20220420_154720,0.060712018,0.119035617,0.009648432,0.059185516,-0.003240703,0.118258163,0.05195713
20220420_154720,0.060712018,0.119035617,0.009648432,0.059185516,-0.003240703,0.118258163,0.05195713
20220420_154720,0.060712018,0.119035617,0.009648432,0.059185516,-0.003240703,0.118258163,0.05195713
20220420_154720,0.059514529,0.109549008,0.015865726,0.05794491,-0.002599596,0.109546922,0.042029954
20220420_154721,0.059514529,0.109549008,0.015865726,0.05794491,-0.002599596,0.109546922,0.042029954
20220420_154721,0.057904437,0.096423186,0.012601251,0.056352586,-0.001350506,0.095317855,0.045629513
