time,mean,,,hor,ver,hormax,vermax
20220420_153515,1.84E-05,0.000383595,0,-7.58E-06,-1.15E-05,3.29E-05,3.26E-05
20220420_153515,1.84E-05,0.000383595,0,-7.58E-06,-1.15E-05,3.29E-05,3.26E-05
20220420_153515,0.015710993,0.06796021,6.65E-05,0.001676426,-0.000763721,0.046836399,0.054582074
20220420_153515,2.54E-05,0.005351558,0,-3.00E-06,-1.79E-05,0.003230751,3.59E-05
20220420_153515,2.54E-05,0.005351558,0,-3.00E-06,-1.79E-05,0.003230751,3.59E-05
20220420_153515,0.02340574,0.058030903,0.000201708,-0.015384891,0.010585097,0.029037789,0.044423822
20220420_153516,1.80E-05,0.000391335,0,-7.75E-06,-1.08E-05,2.99E-05,3.45E-05
20220420_153516,0.017326063,0.051894277,5.58E-05,-0.004802527,0.002486475,0.040331751,0.0477436
20220420_153516,1.83E-05,0.000393576,0,-7.77E-06,-1.14E-05,3.16E-05,2.76E-05
20220420_153516,1.83E-05,0.000393576,0,-7.77E-06,-1.14E-05,3.16E-05,2.76E-05
20220420_153516,0.015134093,0.05131064,0.00011898,0.005454973,-0.002735049,0.050914474,0.026867421
20220420_153516,0.017269988,0.09515664,0.000102897,0.003706647,-0.001906458,0.056130238,0.094804436
20220420_153516,1.77E-05,0.000379837,0,-7.50E-06,-1.07E-05,3.19E-05,3.24E-05
20220420_153516,0.017616006,0.097299144,2.41E-05,-0.000316903,0.003883663,0.046723429,0.077292114
20220420_153516,1.63E-05,0.000241578,0,-5.15E-06,-1.16E-05,3.33E-05,2.54E-05
20220420_153516,1.63E-05,0.000241578,0,-5.15E-06,-1.16E-05,3.33E-05,2.54E-05
20220420_153516,0.01814138,0.056657743,6.19E-06,0.000505736,-0.008714228,0.047526777,0.040700357
20220420_153516,1.63E-05,0.000239888,0,-5.06E-06,-1.16E-05,3.41E-05,2.67E-05
20220420_153516,0.018230387,0.066347301,4.77E-05,-0.004311012,-0.001015515,0.039524175,0.045989372
20220420_153516,1.86E-05,0.000377572,0,-7.66E-06,-1.18E-05,3.15E-05,3.03E-05
20220420_153516,0.016699023,0.07915584,2.37E-05,0.006530381,-9.13E-05,0.06641522,0.043557033
20220420_153516,1.67E-05,0.000243542,0,-4.96E-06,-1.21E-05,3.71E-05,2.50E-05
20220420_153516,0.017582674,0.061916072,5.69E-05,0.007039026,0.002201911,0.056054953,0.040106922
20220420_153517,1.78E-05,0.00038426,0,-7.22E-06,-1.12E-05,3.20E-05,2.97E-05
20220420_153517,1.78E-05,0.00038426,0,-7.22E-06,-1.12E-05,3.20E-05,2.97E-05
20220420_153517,0.018084861,0.070914313,7.04E-05,-0.009988768,0.001832822,0.034096856,0.03988985
20220420_153517,1.83E-05,0.000397029,0,-7.83E-06,-1.10E-05,3.18E-05,3.42E-05
20220420_153517,0.015501538,0.055129219,5.98E-05,0.000575093,0.000973341,0.046917856,0.051604882
20220420_153517,1.67E-05,0.000244253,0,-5.14E-06,-1.20E-05,3.53E-05,2.45E-05
20220420_153517,0.016363136,0.065372311,4.06E-05,0.000441741,-0.004509187,0.048438132,0.039797604
20220420_153517,0.015748817,0.06366016,9.25E-05,0.002761504,-0.001306249,0.05955077,0.051066782
20220420_153517,1.82E-05,0.000409986,0,-7.74E-06,-1.13E-05,3.12E-05,2.91E-05
20220420_153517,0.018165132,0.103950441,3.08E-05,-0.00661373,0.000759854,0.041498814,0.095458291
20220420_153517,1.66E-05,0.00024903,0,-5.26E-06,-1.17E-05,3.56E-05,2.60E-05
20220420_153517,1.66E-05,0.00024903,0,-5.26E-06,-1.17E-05,3.56E-05,2.60E-05
20220420_153517,0.017257956,0.127472982,5.11E-05,-0.002564029,-0.002920701,0.035072826,0.050988652
20220420_153517,1.85E-05,0.000376893,0,-7.61E-06,-1.18E-05,3.26E-05,2.91E-05
20220420_153517,0.017975744,0.066978581,1.27E-06,0.006502605,5.08E-05,0.056724194,0.04915696
20220420_153518,1.79E-05,0.000387967,0,-7.70E-06,-1.11E-05,2.94E-05,2.91E-05
20220420_153518,0.016255301,0.069128923,5.66E-05,0.000345926,0.000883437,0.049609035,0.0690879
20220420_153518,1.88E-05,0.000383462,0,-7.75E-06,-1.19E-05,3.16E-05,2.98E-05
20220420_153518,0.016943871,0.0683171,2.56E-05,-0.004267837,-0.000222456,0.034437325,0.067743614
20220420_153518,1.80E-05,0.000391581,0,-7.23E-06,-1.16E-05,3.20E-05,2.72E-05
20220420_153518,1.80E-05,0.000391581,0,-7.23E-06,-1.16E-05,3.20E-05,2.72E-05
20220420_153518,0.016349988,0.089325637,7.67E-05,-0.004611719,0.002363042,0.048144121,0.089253649
20220420_153518,1.81E-05,0.000404943,0,-7.53E-06,-1.13E-05,3.20E-05,2.79E-05
20220420_153518,1.81E-05,0.000404943,0,-7.53E-06,-1.13E-05,3.20E-05,2.79E-05
20220420_153518,0.016930861,0.09854117,3.98E-05,0.001913584,-0.001443098,0.047220692,0.042881127
20220420_153518,1.85E-05,0.000390464,0,-7.66E-06,-1.15E-05,3.21E-05,3.17E-05
20220420_153518,1.85E-05,0.000390464,0,-7.66E-06,-1.15E-05,3.21E-05,3.17E-05
20220420_153518,0.017739417,0.04828158,2.85E-05,0.006791357,-0.003131991,0.047575969,0.036209319
20220420_153518,1.65E-05,0.000249257,0,-5.13E-06,-1.18E-05,3.47E-05,2.58E-05
20220420_153518,1.65E-05,0.000249257,0,-5.13E-06,-1.18E-05,3.47E-05,2.58E-05
20220420_153518,0.017606975,0.052090604,8.89E-05,0.004820034,-0.003551338,0.048777118,0.034797303
20220420_153518,1.69E-05,0.000237666,0,-5.35E-06,-1.20E-05,3.78E-05,2.75E-05
20220420_153518,1.69E-05,0.000237666,0,-5.35E-06,-1.20E-05,3.78E-05,2.75E-05
20220420_153518,0.017431933,0.054343782,8.46E-05,-0.006520276,0.001736852,0.042273819,0.042122111
20220420_153518,1.70E-05,0.000256087,0,-5.47E-06,-1.20E-05,3.57E-05,2.88E-05
20220420_153518,0.015872834,0.082093641,6.78E-05,-0.001184123,0.001361976,0.066113807,0.079677649
20220420_153519,1.82E-05,0.00038939,0,-7.73E-06,-1.13E-05,3.24E-05,2.91E-05
20220420_153519,1.82E-05,0.00038939,0,-7.73E-06,-1.13E-05,3.24E-05,2.91E-05
20220420_153519,0.016084607,0.090086497,2.13E-05,-0.006413627,-0.004171468,0.052975174,0.028601857
20220420_153519,1.68E-05,0.000237877,0,-5.41E-06,-1.20E-05,3.79E-05,2.66E-05
20220420_153519,0.015009017,0.05587142,6.68E-05,0.000932269,-0.002087436,0.039399277,0.039321046
20220420_153519,1.64E-05,0.000243788,0,-4.96E-06,-1.19E-05,3.51E-05,2.34E-05
20220420_153519,1.64E-05,0.000243788,0,-4.96E-06,-1.19E-05,3.51E-05,2.34E-05
20220420_153519,0.017768165,0.048513755,5.43E-05,-0.005428233,0.000552579,0.040183213,0.040403366
20220420_153519,1.70E-05,0.000275671,0,-5.27E-06,-1.21E-05,3.67E-05,2.89E-05
20220420_153519,1.70E-05,0.000275671,0,-5.27E-06,-1.21E-05,3.67E-05,2.89E-05
20220420_153519,0.014965001,0.058672637,4.16E-05,0.002479932,0.000654475,0.052212119,0.057534754
20220420_153519,1.80E-05,0.00039825,0,-7.72E-06,-1.09E-05,2.88E-05,3.28E-05
20220420_153519,0.017071948,0.094367236,2.09E-05,-0.000944564,0.003771649,0.061687529,0.09370622
20220420_153519,1.64E-05,0.000251337,0,-4.95E-06,-1.15E-05,3.75E-05,2.95E-05
20220420_153519,1.64E-05,0.000251337,0,-4.95E-06,-1.15E-05,3.75E-05,2.95E-05
20220420_153519,0.017396019,0.086295009,7.02E-05,-0.002552596,0.001445898,0.041916579,0.046324562
20220420_153519,1.86E-05,0.000389235,0,-7.78E-06,-1.15E-05,3.17E-05,3.09E-05
20220420_153519,0.016771506,0.049395256,7.70E-05,-0.006082057,-0.001147674,0.036165509,0.043097943
20220420_153519,1.68E-05,0.000242983,0,-5.26E-06,-1.20E-05,3.37E-05,2.62E-05
20220420_153519,1.68E-05,0.000242983,0,-5.26E-06,-1.20E-05,3.37E-05,2.62E-05
20220420_153520,0.016251937,0.055341821,8.23E-05,-0.001145207,0.001446125,0.039742514,0.03621522
20220420_153520,1.69E-05,0.000248521,0,-5.54E-06,-1.20E-05,3.53E-05,2.73E-05
20220420_153520,1.69E-05,0.000248521,0,-5.54E-06,-1.20E-05,3.53E-05,2.73E-05
20220420_153520,0.01557768,0.05188638,8.13E-05,0.002371155,-0.00252584,0.048480447,0.032948829
20220420_153520,1.66E-05,0.000237916,0,-5.00E-06,-1.21E-05,3.61E-05,2.25E-05
20220420_153520,1.66E-05,0.000237916,0,-5.00E-06,-1.21E-05,3.61E-05,2.25E-05
20220420_153520,0.016404188,0.08805418,4.46E-05,0.00368226,-0.001835736,0.053374533,0.086728908
20220420_153520,1.83E-05,0.000389262,0,-7.45E-06,-1.16E-05,3.31E-05,2.93E-05
20220420_153520,1.83E-05,0.000389262,0,-7.45E-06,-1.16E-05,3.31E-05,2.93E-05
20220420_153520,0.016092178,0.094324961,6.65E-05,-0.000599398,-0.000706635,0.047895916,0.035159189
20220420_153520,1.81E-05,0.000392971,0,-7.69E-06,-1.12E-05,3.12E-05,3.02E-05
20220420_153520,1.81E-05,0.000392971,0,-7.69E-06,-1.12E-05,3.12E-05,3.02E-05
20220420_153520,0.015690843,0.047047552,8.92E-05,-0.002969146,-0.002035218,0.044309951,0.032463051
20220420_153520,1.83E-05,0.000403594,0,-7.97E-06,-1.10E-05,3.02E-05,3.14E-05
20220420_153520,1.83E-05,0.000403594,0,-7.97E-06,-1.10E-05,3.02E-05,3.14E-05
20220420_153520,0.017980427,0.049902312,4.55E-05,-0.000143925,0.001997541,0.040598415,0.049642041
20220420_153520,1.54E-05,0.000260947,0,-4.10E-06,-1.05E-05,4.36E-05,3.36E-05
20220420_153520,1.54E-05,0.000260947,0,-4.10E-06,-1.05E-05,4.36E-05,3.36E-05
20220420_153520,0.017394901,0.0640679,7.50E-05,-0.001019593,-0.001251584,0.046381865,0.044460382
20220420_153520,1.83E-05,0.000404926,0,-7.79E-06,-1.14E-05,3.06E-05,2.90E-05
20220420_153520,1.83E-05,0.000404926,0,-7.79E-06,-1.14E-05,3.06E-05,2.90E-05
20220420_153521,0.017554663,0.102946788,6.40E-05,0.0051252,-0.00169747,0.07597097,0.092301883
20220420_153521,1.84E-05,0.000396072,0,-7.71E-06,-1.15E-05,3.12E-05,3.02E-05
20220420_153521,0.016253671,0.130719572,6.92E-06,-0.001290432,-0.000428542,0.04501928,0.03496363
20220420_153521,1.82E-05,0.000393843,0,-7.59E-06,-1.12E-05,3.23E-05,3.21E-05
20220420_153521,1.82E-05,0.000393843,0,-7.59E-06,-1.12E-05,3.23E-05,3.21E-05
20220420_153521,0.017276798,0.063837349,5.09E-06,-0.000424856,0.003508403,0.048893921,0.042526685
20220420_153521,1.65E-05,0.000234885,0,-5.11E-06,-1.16E-05,3.70E-05,2.76E-05
20220420_153521,1.65E-05,0.000234885,0,-5.11E-06,-1.16E-05,3.70E-05,2.76E-05
20220420_153521,0.0157045,0.05925962,9.04E-05,-0.000770592,-0.002322681,0.043220498,0.042265113
20220420_153521,1.83E-05,0.000387439,0,-7.79E-06,-1.08E-05,3.19E-05,3.70E-05
20220420_153521,1.83E-05,0.000387439,0,-7.79E-06,-1.08E-05,3.19E-05,3.70E-05
20220420_153521,0.016945975,0.068315901,3.28E-05,-0.003755902,0.005071276,0.055911854,0.039846841
20220420_153521,1.85E-05,0.000384518,0,-7.75E-06,-1.16E-05,3.17E-05,3.08E-05
20220420_153521,1.85E-05,0.000384518,0,-7.75E-06,-1.16E-05,3.17E-05,3.08E-05
20220420_153521,0.017412097,0.124510907,8.03E-05,0.004651226,0.004077027,0.12362998,0.080076963
20220420_153521,1.79E-05,0.000413992,0,-7.84E-06,-1.08E-05,3.00E-05,3.00E-05
20220420_153521,1.79E-05,0.000413992,0,-7.84E-06,-1.08E-05,3.00E-05,3.00E-05
20220420_153521,0.017173322,0.107122213,4.02E-05,0.000255301,-0.002314041,0.051107414,0.050042689
20220420_153521,1.84E-05,0.000378967,0,-7.50E-06,-1.17E-05,3.44E-05,2.91E-05
20220420_153521,1.84E-05,0.000378967,0,-7.50E-06,-1.17E-05,3.44E-05,2.91E-05
20220420_153521,0.016692814,0.067564406,5.58E-05,0.007066232,-0.003339354,0.059039146,0.031829119
20220420_153521,1.81E-05,0.000404807,0,-7.52E-06,-1.13E-05,3.02E-05,2.86E-05
20220420_153522,0.018591576,0.059623282,8.09E-05,0.008022278,-0.004148202,0.050668638,0.045743383
20220420_153522,1.82E-05,0.000380599,0,-7.50E-06,-1.15E-05,3.23E-05,3.05E-05
20220420_153522,1.82E-05,0.000380599,0,-7.50E-06,-1.15E-05,3.23E-05,3.05E-05
20220420_153522,1.82E-05,0.000380599,0,-7.50E-06,-1.15E-05,3.23E-05,3.05E-05
20220420_153522,0.019057034,0.064326346,5.79E-05,-0.007793552,0.002163822,0.036816765,0.054963335
20220420_153522,1.84E-05,0.00040475,0,-8.04E-06,-1.12E-05,2.98E-05,3.03E-05
20220420_153522,0.016384851,0.08799316,6.04E-05,-0.002311087,0.000590979,0.087958217,0.072430082
20220420_153522,3.04E-05,0.008953324,0,1.04E-05,-1.56E-05,0.008182222,5.11E-05
20220420_153522,3.04E-05,0.008953324,0,1.04E-05,-1.56E-05,0.008182222,5.11E-05
20220420_153522,3.04E-05,0.008953324,0,1.04E-05,-1.56E-05,0.008182222,5.11E-05
20220420_153522,0.017854191,0.084346712,5.38E-05,0.004894643,0.002474885,0.065464802,0.05168096
20220420_153522,1.85E-05,0.000381333,0,-7.66E-06,-1.16E-05,3.18E-05,3.03E-05
20220420_153522,1.85E-05,0.000381333,0,-7.66E-06,-1.16E-05,3.18E-05,3.03E-05
20220420_153522,0.015836512,0.067866631,5.05E-05,-0.000655494,-0.000919178,0.067828067,0.047714829
20220420_153522,1.78E-05,0.000378693,0,-7.13E-06,-1.13E-05,3.06E-05,2.97E-05
20220420_153522,1.78E-05,0.000378693,0,-7.13E-06,-1.13E-05,3.06E-05,2.97E-05
20220420_153522,0.015917498,0.064657144,7.44E-05,0.000882556,0.005964116,0.041606925,0.05959155
20220420_153522,1.86E-05,0.00039926,0,-7.93E-06,-1.16E-05,3.04E-05,2.94E-05
20220420_153522,1.86E-05,0.00039926,0,-7.93E-06,-1.16E-05,3.04E-05,2.94E-05
20220420_153522,0.016263578,0.059257969,7.41E-05,-0.002050724,0.004562693,0.058395386,0.050249144
20220420_153522,1.63E-05,0.000231826,0,-5.20E-06,-1.13E-05,3.41E-05,2.89E-05
20220420_153522,1.63E-05,0.000231826,0,-5.20E-06,-1.13E-05,3.41E-05,2.89E-05
20220420_153523,0.016803981,0.050009981,7.38E-05,-0.004232914,-0.003986782,0.048165977,0.046451755
20220420_153523,1.77E-05,0.000394216,0,-7.11E-06,-1.13E-05,3.26E-05,2.82E-05
20220420_153523,0.016966104,0.04951055,7.72E-05,0.002736579,-0.006509839,0.039951794,0.034363288
20220420_153523,1.66E-05,0.00024948,0,-5.08E-06,-1.20E-05,3.58E-05,2.40E-05
20220420_153523,1.66E-05,0.00024948,0,-5.08E-06,-1.20E-05,3.58E-05,2.40E-05
20220420_153523,1.66E-05,0.00024948,0,-5.08E-06,-1.20E-05,3.58E-05,2.40E-05
20220420_153523,0.015724263,0.056051701,4.62E-06,-0.001219594,-0.000975483,0.043776948,0.039155208
20220420_153523,1.81E-05,0.000387767,0,-7.46E-06,-1.16E-05,3.06E-05,2.63E-05
20220420_153523,1.81E-05,0.000387767,0,-7.46E-06,-1.16E-05,3.06E-05,2.63E-05
20220420_153523,0.017356239,0.075868301,5.78E-05,-0.00692405,-0.000883816,0.051920477,0.045789815
20220420_153523,1.66E-05,0.000248073,0,-5.23E-06,-1.16E-05,3.48E-05,2.94E-05
20220420_153523,1.66E-05,0.000248073,0,-5.23E-06,-1.16E-05,3.48E-05,2.94E-05
20220420_153523,0.017056451,0.063268036,5.88E-05,-0.004516013,-0.000840647,0.048716012,0.046873905
20220420_153523,1.64E-05,0.000247842,0,-4.85E-06,-1.18E-05,3.58E-05,2.59E-05
20220420_153523,1.64E-05,0.000247842,0,-4.85E-06,-1.18E-05,3.58E-05,2.59E-05
20220420_153523,0.015571348,0.057612903,3.72E-05,-0.004229369,0.000822626,0.038625073,0.045877907
20220420_153523,1.80E-05,0.000398288,0,-7.64E-06,-1.08E-05,3.10E-05,3.27E-05
20220420_153523,1.80E-05,0.000398288,0,-7.64E-06,-1.08E-05,3.10E-05,3.27E-05
20220420_153523,0.015385379,0.048329923,3.42E-05,0.003612253,0.000317383,0.039770395,0.035716366
20220420_153523,1.69E-05,0.000245414,0,-5.47E-06,-1.16E-05,3.69E-05,3.18E-05
20220420_153523,1.69E-05,0.000245414,0,-5.47E-06,-1.16E-05,3.69E-05,3.18E-05
20220420_153523,0.016842237,0.053691521,5.56E-05,0.001585816,0.005514914,0.051294666,0.046478391
20220420_153523,1.83E-05,0.000394185,0,-7.59E-06,-1.14E-05,3.09E-05,2.92E-05
20220420_153524,1.83E-05,0.000394185,0,-7.59E-06,-1.14E-05,3.09E-05,2.92E-05
20220420_153524,0.016793371,0.060592324,2.00E-05,-0.002024199,-0.000632482,0.044843782,0.049882744
20220420_153524,1.70E-05,0.000258942,0,-5.21E-06,-1.22E-05,3.68E-05,2.59E-05
20220420_153524,1.70E-05,0.000258942,0,-5.21E-06,-1.22E-05,3.68E-05,2.59E-05
20220420_153524,0.017592298,0.051963933,4.15E-05,0.004456418,0.000518803,0.05195193,0.045764215
20220420_153524,1.82E-05,0.000390205,0,-7.78E-06,-1.10E-05,3.11E-05,3.17E-05
20220420_153524,1.82E-05,0.000390205,0,-7.78E-06,-1.10E-05,3.11E-05,3.17E-05
20220420_153524,0.021936391,0.085866675,7.74E-05,0.011153785,-0.00996312,0.075949579,0.082419977
20220420_153524,1.68E-05,0.000251231,0,-5.48E-06,-1.18E-05,3.61E-05,2.81E-05
20220420_153524,1.68E-05,0.000251231,0,-5.48E-06,-1.18E-05,3.61E-05,2.81E-05
20220420_153524,0.016925069,0.097838879,5.26E-05,-0.003014293,0.000870391,0.040597543,0.04899792
20220420_153524,1.65E-05,0.000238033,0,-5.04E-06,-1.19E-05,3.73E-05,2.46E-05
20220420_153524,1.65E-05,0.000238033,0,-5.04E-06,-1.19E-05,3.73E-05,2.46E-05
20220420_153524,0.01768094,0.047096983,7.45E-05,-0.006074516,0.0007895,0.037344985,0.039691783
20220420_153524,1.59E-05,0.000245957,0,-4.08E-06,-1.09E-05,5.67E-05,3.44E-05
20220420_153524,1.59E-05,0.000245957,0,-4.08E-06,-1.09E-05,5.67E-05,3.44E-05
20220420_153524,0.018109318,0.086344361,3.42E-05,-0.005644802,0.00039727,0.033347663,0.059785206
20220420_153524,1.74E-05,0.000242731,0,-5.61E-06,-1.23E-05,3.80E-05,2.74E-05
20220420_153524,1.74E-05,0.000242731,0,-5.61E-06,-1.23E-05,3.80E-05,2.74E-05
20220420_153524,1.74E-05,0.000242731,0,-5.61E-06,-1.23E-05,3.80E-05,2.74E-05
20220420_153524,0.01512217,0.067056179,5.32E-05,-0.001468524,-0.001156654,0.055531591,0.040773783
20220420_153524,1.83E-05,0.000400525,0,-7.65E-06,-1.12E-05,3.25E-05,3.18E-05
20220420_153524,1.83E-05,0.000400525,0,-7.65E-06,-1.12E-05,3.25E-05,3.18E-05
20220420_153525,0.014768165,0.09534584,4.71E-05,-0.001484109,-0.000889744,0.045476813,0.092387326
20220420_153525,1.88E-05,0.000406396,0,-7.86E-06,-1.18E-05,3.29E-05,2.96E-05
20220420_153525,1.88E-05,0.000406396,0,-7.86E-06,-1.18E-05,3.29E-05,2.96E-05
20220420_153525,0.017416285,0.093337737,1.87E-05,0.000793314,-0.003291313,0.055883802,0.04403175
20220420_153525,1.69E-05,0.00023925,0,-5.40E-06,-1.21E-05,3.60E-05,2.50E-05
20220420_153525,1.69E-05,0.00023925,0,-5.40E-06,-1.21E-05,3.60E-05,2.50E-05
20220420_153525,0.018961233,0.055201273,2.77E-05,0.008613094,0.002953079,0.047890846,0.037429452
20220420_153525,1.66E-05,0.000235596,0,-5.49E-06,-1.14E-05,3.58E-05,2.95E-05
20220420_153525,1.66E-05,0.000235596,0,-5.49E-06,-1.14E-05,3.58E-05,2.95E-05
20220420_153525,0.016450675,0.066266179,5.30E-05,-0.004769296,0.002466832,0.043199349,0.050507057
20220420_153525,1.83E-05,0.000391914,0,-7.45E-06,-1.15E-05,3.26E-05,3.13E-05
20220420_153525,1.83E-05,0.000391914,0,-7.45E-06,-1.15E-05,3.26E-05,3.13E-05
20220420_153525,0.016743172,0.051855046,1.21E-05,-0.003960586,0.002813849,0.042702474,0.050089389
20220420_153525,1.89E-05,0.000399907,0,-7.89E-06,-1.18E-05,3.34E-05,3.06E-05
20220420_153525,1.89E-05,0.000399907,0,-7.89E-06,-1.18E-05,3.34E-05,3.06E-05
20220420_153525,0.017658155,0.093294151,7.12E-05,0.003285825,0.00575906,0.057166606,0.085143149
20220420_153525,1.82E-05,0.000399405,0,-7.57E-06,-1.14E-05,3.30E-05,3.05E-05
20220420_153525,1.82E-05,0.000399405,0,-7.57E-06,-1.14E-05,3.30E-05,3.05E-05
20220420_153525,0.018417323,0.091740958,7.97E-06,0.006062748,-0.000531948,0.052928898,0.036695667
20220420_153525,1.81E-05,0.000386073,0,-7.46E-06,-1.14E-05,3.19E-05,2.80E-05
20220420_153525,1.81E-05,0.000386073,0,-7.46E-06,-1.14E-05,3.19E-05,2.80E-05
20220420_153525,0.017564354,0.059045237,1.67E-05,0.005484118,-0.002273398,0.046110868,0.036386225
20220420_153525,1.56E-05,0.000250446,0,-4.41E-06,-1.01E-05,4.75E-05,3.81E-05
20220420_153526,1.56E-05,0.000250446,0,-4.41E-06,-1.01E-05,4.75E-05,3.81E-05
20220420_153526,0.016331808,0.059307415,4.71E-05,0.007298403,2.69E-05,0.048950031,0.041718069
20220420_153526,1.65E-05,0.000235317,0,-5.32E-06,-1.15E-05,3.55E-05,3.02E-05
20220420_153526,1.65E-05,0.000235317,0,-5.32E-06,-1.15E-05,3.55E-05,3.02E-05
20220420_153526,0.017167481,0.08055231,8.06E-05,-0.001372099,-0.001858432,0.057491984,0.073162615
20220420_153526,1.84E-05,0.000384965,0,-7.52E-06,-1.17E-05,3.09E-05,2.87E-05
20220420_153526,1.84E-05,0.000384965,0,-7.52E-06,-1.17E-05,3.09E-05,2.87E-05
20220420_153526,0.018201284,0.076772258,0.000200325,-0.004189161,-0.001396119,0.037911225,0.04899212
20220420_153526,1.82E-05,0.000382278,0,-7.40E-06,-1.13E-05,3.23E-05,3.26E-05
20220420_153526,1.82E-05,0.000382278,0,-7.40E-06,-1.13E-05,3.23E-05,3.26E-05
20220420_153526,0.01661392,0.057709947,5.60E-05,0.004160204,-0.001910362,0.045230083,0.048726991
20220420_153526,1.84E-05,0.000395488,0,-7.88E-06,-1.11E-05,3.09E-05,3.35E-05
20220420_153526,1.84E-05,0.000395488,0,-7.88E-06,-1.11E-05,3.09E-05,3.35E-05
20220420_153526,0.016569505,0.051975664,4.64E-05,0.006508365,0.003217408,0.051506769,0.039828207
20220420_153526,1.82E-05,0.000388255,0,-7.64E-06,-1.10E-05,3.40E-05,3.21E-05
20220420_153526,1.82E-05,0.000388255,0,-7.64E-06,-1.10E-05,3.40E-05,3.21E-05
20220420_153526,0.015392753,0.050617017,2.28E-05,-0.001423199,-0.003461122,0.038706202,0.034564208
20220420_153526,1.72E-05,0.000257174,0,-5.31E-06,-1.23E-05,3.50E-05,2.58E-05
20220420_153526,1.72E-05,0.000257174,0,-5.31E-06,-1.23E-05,3.50E-05,2.58E-05
20220420_153526,0.016254272,0.059996869,4.40E-05,-0.002420841,-0.000193234,0.04939558,0.044533066
20220420_153526,1.85E-05,0.000399913,0,-7.61E-06,-1.16E-05,3.24E-05,2.98E-05
20220420_153526,1.85E-05,0.000399913,0,-7.61E-06,-1.16E-05,3.24E-05,2.98E-05
20220420_153526,0.016435727,0.101973005,1.37E-05,0.001969583,-0.003948697,0.072270878,0.086479805
20220420_153527,1.80E-05,0.000392595,0,-7.34E-06,-1.11E-05,3.14E-05,3.09E-05
20220420_153527,0.018371077,0.101607725,4.75E-05,0.005431892,-0.001453287,0.045436304,0.04206178
20220420_153527,1.83E-05,0.000394082,0,-7.80E-06,-1.13E-05,3.08E-05,3.16E-05
20220420_153527,1.83E-05,0.000394082,0,-7.80E-06,-1.13E-05,3.08E-05,3.16E-05
20220420_153527,0.01818233,0.053189527,1.93E-05,-0.000205955,-0.000313235,0.046240777,0.048893705
20220420_153527,1.81E-05,0.000384966,0,-7.42E-06,-1.15E-05,3.14E-05,2.78E-05
20220420_153527,1.81E-05,0.000384966,0,-7.42E-06,-1.15E-05,3.14E-05,2.78E-05
20220420_153527,0.019036782,0.06661696,0.00010097,0.011143369,0.00129989,0.048244197,0.058071569
20220420_153527,1.82E-05,0.000382911,0,-7.45E-06,-1.13E-05,3.28E-05,3.13E-05
20220420_153527,1.82E-05,0.000382911,0,-7.45E-06,-1.13E-05,3.28E-05,3.13E-05
20220420_153527,0.016678301,0.11782141,3.49E-05,0.001975264,-0.000696971,0.083016351,0.098924033
20220420_153527,1.57E-05,0.000245968,0,-4.52E-06,-1.05E-05,4.80E-05,3.45E-05
20220420_153527,1.57E-05,0.000245968,0,-4.52E-06,-1.05E-05,4.80E-05,3.45E-05
20220420_153527,1.57E-05,0.000245968,0,-4.52E-06,-1.05E-05,4.80E-05,3.45E-05
20220420_153527,0.021327737,0.116933234,3.25E-05,-0.015852863,0.001537635,0.034774411,0.040300712
20220420_153527,1.63E-05,0.000238165,0,-5.06E-06,-1.14E-05,3.63E-05,2.83E-05
20220420_153527,0.016987739,0.069475099,7.96E-05,-0.002707936,-0.000831527,0.040753625,0.046786528
20220420_153527,1.83E-05,0.000407078,0,-7.97E-06,-1.10E-05,3.05E-05,3.06E-05
20220420_153527,1.83E-05,0.000407078,0,-7.97E-06,-1.10E-05,3.05E-05,3.06E-05
20220420_153527,1.83E-05,0.000407078,0,-7.97E-06,-1.10E-05,3.05E-05,3.06E-05
20220420_153527,0.018482638,0.066811167,3.76E-05,0.010618952,-0.000930088,0.04238119,0.055027258
20220420_153527,1.79E-05,0.000381306,0,-7.44E-06,-1.11E-05,3.00E-05,2.90E-05
20220420_153528,1.79E-05,0.000381306,0,-7.44E-06,-1.11E-05,3.00E-05,2.90E-05
20220420_153528,0.02015119,0.076216049,2.38E-05,-0.013055591,0.001176214,0.037299886,0.035154115
20220420_153528,1.70E-05,0.000256979,0,-5.44E-06,-1.19E-05,3.60E-05,2.89E-05
20220420_153528,1.70E-05,0.000256979,0,-5.44E-06,-1.19E-05,3.60E-05,2.89E-05
20220420_153528,0.017427719,0.068265177,7.55E-05,-0.005229543,0.004717946,0.049245365,0.043346271
20220420_153528,1.68E-05,0.000238988,0,-5.31E-06,-1.19E-05,3.62E-05,2.89E-05
20220420_153528,1.68E-05,0.000238988,0,-5.31E-06,-1.19E-05,3.62E-05,2.89E-05
20220420_153528,0.016171406,0.052224748,3.93E-05,0.002137603,-0.001228159,0.04278798,0.038371686
20220420_153528,1.81E-05,0.000390785,0,-7.40E-06,-1.15E-05,3.14E-05,2.84E-05
20220420_153528,1.81E-05,0.000390785,0,-7.40E-06,-1.15E-05,3.14E-05,2.84E-05
20220420_153528,0.016173938,0.064214818,2.45E-05,-0.001543649,0.000331268,0.05448008,0.037571188
20220420_153528,1.67E-05,0.00024414,0,-5.34E-06,-1.16E-05,3.60E-05,2.97E-05
20220420_153528,1.67E-05,0.00024414,0,-5.34E-06,-1.16E-05,3.60E-05,2.97E-05
20220420_153528,0.016899829,0.070414782,2.96E-05,0.000984616,-0.000530334,0.050818238,0.057416894
20220420_153528,1.65E-05,0.000246036,0,-5.49E-06,-1.15E-05,3.49E-05,2.67E-05
20220420_153528,1.65E-05,0.000246036,0,-5.49E-06,-1.15E-05,3.49E-05,2.67E-05
20220420_153528,0.017895288,0.055660952,4.41E-05,0.007090151,0.004421922,0.045589954,0.048728615
20220420_153528,1.82E-05,0.000390224,0,-7.58E-06,-1.12E-05,3.15E-05,3.08E-05
20220420_153528,1.82E-05,0.000390224,0,-7.58E-06,-1.12E-05,3.15E-05,3.08E-05
20220420_153528,0.016157021,0.05904752,7.79E-05,0.002973772,-0.001484636,0.050001618,0.0490532
20220420_153528,1.81E-05,0.000405774,0,-7.57E-06,-1.14E-05,3.08E-05,2.82E-05
20220420_153528,1.81E-05,0.000405774,0,-7.57E-06,-1.14E-05,3.08E-05,2.82E-05
20220420_153528,0.016616836,0.094857357,3.58E-05,0.001229581,-0.003318863,0.094607264,0.08989501
20220420_153529,1.77E-05,0.000396076,0,-7.59E-06,-1.07E-05,3.07E-05,3.19E-05
20220420_153529,1.77E-05,0.000396076,0,-7.59E-06,-1.07E-05,3.07E-05,3.19E-05
20220420_153529,0.016043765,0.11175172,5.98E-05,-0.000669715,-0.003819977,0.050226431,0.042817399
20220420_153529,1.67E-05,0.000245147,0,-5.16E-06,-1.20E-05,3.58E-05,2.53E-05
20220420_153529,1.67E-05,0.000245147,0,-5.16E-06,-1.20E-05,3.58E-05,2.53E-05
20220420_153529,0.01705252,0.052748542,3.40E-05,-0.008226631,-0.00141016,0.025183566,0.034906115
20220420_153529,1.78E-05,0.000389748,0,-7.24E-06,-1.10E-05,2.98E-05,3.24E-05
20220420_153529,1.78E-05,0.000389748,0,-7.24E-06,-1.10E-05,2.98E-05,3.24E-05
20220420_153529,0.018715911,0.06811998,3.38E-05,-0.007154707,0.00666132,0.029783141,0.066106401
20220420_153529,1.86E-05,0.000388678,0,-7.73E-06,-1.16E-05,3.16E-05,3.19E-05
20220420_153529,1.86E-05,0.000388678,0,-7.73E-06,-1.16E-05,3.16E-05,3.19E-05
20220420_153529,0.014755063,0.048816063,4.72E-05,0.000500649,-0.001382517,0.042952687,0.037194032
20220420_153529,1.84E-05,0.00038135,0,-7.60E-06,-1.16E-05,3.17E-05,2.93E-05
20220420_153529,1.84E-05,0.00038135,0,-7.60E-06,-1.16E-05,3.17E-05,2.93E-05
20220420_153529,0.017010614,0.1031361,2.43E-05,0.005021421,0.000433914,0.098677419,0.090746231
20220420_153529,1.65E-05,0.000241308,0,-5.14E-06,-1.19E-05,3.66E-05,2.63E-05
20220420_153529,0.016936638,0.110496283,4.99E-05,0.001221936,0.0024572,0.051900048,0.044589177
20220420_153529,1.56E-05,0.000247152,0,-4.07E-06,-1.08E-05,4.99E-05,3.30E-05
20220420_153529,1.56E-05,0.000247152,0,-4.07E-06,-1.08E-05,4.99E-05,3.30E-05
20220420_153529,0.0156646,0.044789895,4.86E-05,0.002473808,-0.003319822,0.037924819,0.035499904
20220420_153529,1.66E-05,0.000240466,0,-5.04E-06,-1.19E-05,3.54E-05,2.63E-05
20220420_153530,1.66E-05,0.000240466,0,-5.04E-06,-1.19E-05,3.54E-05,2.63E-05
20220420_153530,0.017775609,0.061182819,1.94E-05,0.003263569,-0.00471112,0.050726123,0.037480298
20220420_153530,1.73E-05,0.000262,0,-5.72E-06,-1.22E-05,3.52E-05,2.82E-05
20220420_153530,0.016270866,0.057756942,4.06E-05,-0.000902961,-0.000384382,0.041555475,0.052039582
20220420_153530,1.82E-05,0.000387076,0,-7.53E-06,-1.13E-05,3.40E-05,3.26E-05
20220420_153530,0.017455567,0.06546811,6.25E-05,0.002819082,0.002676686,0.059389301,0.04542587
20220420_153530,1.79E-05,0.000393214,0,-7.37E-06,-1.11E-05,3.27E-05,2.81E-05
20220420_153530,0.018737227,0.059715081,4.49E-05,-0.009263846,0.004942615,0.024681605,0.051998485
20220420_153530,1.81E-05,0.000381679,0,-7.51E-06,-1.11E-05,3.14E-05,3.30E-05
20220420_153530,1.81E-05,0.000381679,0,-7.51E-06,-1.11E-05,3.14E-05,3.30E-05
20220420_153530,0.01880898,0.061258532,8.96E-05,0.008874605,0.00146562,0.059324492,0.039969075
20220420_153530,1.65E-05,0.000239351,0,-5.05E-06,-1.18E-05,3.61E-05,2.61E-05
20220420_153530,0.015809973,0.061529309,4.21E-05,-0.002533405,-0.000338904,0.045510069,0.038461581
20220420_153530,1.69E-05,0.000250661,0,-5.36E-06,-1.18E-05,3.76E-05,3.08E-05
20220420_153530,1.69E-05,0.000250661,0,-5.36E-06,-1.18E-05,3.76E-05,3.08E-05
20220420_153530,0.016513425,0.065544605,6.63E-05,-0.006641812,-0.001921229,0.034877755,0.039103806
20220420_153530,1.65E-05,0.0002446,0,-4.97E-06,-1.19E-05,3.56E-05,2.56E-05
20220420_153530,1.65E-05,0.0002446,0,-4.97E-06,-1.19E-05,3.56E-05,2.56E-05
20220420_153531,0.023024067,0.088573769,2.60E-05,-0.01852493,-0.000523414,0.024311021,0.088551998
20220420_153531,1.81E-05,0.000400469,0,-7.63E-06,-1.14E-05,3.02E-05,2.77E-05
20220420_153531,0.016422731,0.095637418,9.79E-05,0.002797907,0.000357412,0.048858918,0.042697892
20220420_153531,1.88E-05,0.00039084,0,-7.83E-06,-1.17E-05,3.18E-05,3.14E-05
20220420_153531,1.88E-05,0.00039084,0,-7.83E-06,-1.17E-05,3.18E-05,3.14E-05
20220420_153531,0.015241497,0.045966491,6.92E-06,-0.001850175,-0.003133026,0.04578403,0.033671871
20220420_153531,1.67E-05,0.000239992,0,-5.11E-06,-1.21E-05,3.57E-05,2.38E-05
20220420_153531,0.017172482,0.054017402,5.62E-05,0.003711391,0.002455814,0.047845826,0.045746058
20220420_153531,1.82E-05,0.000373447,0,-7.52E-06,-1.12E-05,3.19E-05,3.20E-05
20220420_153531,1.82E-05,0.000373447,0,-7.52E-06,-1.12E-05,3.19E-05,3.20E-05
20220420_153531,0.016438609,0.058100581,0.000175572,0.001569295,-0.00168304,0.039869443,0.05380227
20220420_153531,1.81E-05,0.00037909,0,-7.64E-06,-1.11E-05,3.05E-05,3.20E-05
20220420_153531,1.81E-05,0.00037909,0,-7.64E-06,-1.11E-05,3.05E-05,3.20E-05
20220420_153531,0.016969826,0.069184132,2.41E-05,0.001287609,0.001890358,0.055848397,0.068887889
20220420_153531,1.86E-05,0.000394267,0,-7.95E-06,-1.18E-05,3.19E-05,2.77E-05
20220420_153531,1.86E-05,0.000394267,0,-7.95E-06,-1.18E-05,3.19E-05,2.77E-05
20220420_153531,0.019093061,0.075090058,6.48E-05,0.010827312,-0.003606082,0.057823244,0.038303576
20220420_153531,1.78E-05,0.000387312,0,-7.16E-06,-1.12E-05,3.22E-05,3.05E-05
20220420_153531,1.78E-05,0.000387312,0,-7.16E-06,-1.12E-05,3.22E-05,3.05E-05
20220420_153531,0.01700349,0.049938373,3.46E-05,-0.000459224,-0.001823564,0.034681808,0.035609733
20220420_153531,1.81E-05,0.000389707,0,-7.62E-06,-1.14E-05,3.10E-05,2.91E-05
20220420_153532,1.81E-05,0.000389707,0,-7.62E-06,-1.14E-05,3.10E-05,2.91E-05
20220420_153532,0.015567692,0.05990202,5.76E-05,-0.000367511,0.000859352,0.039143559,0.049263652
20220420_153532,1.87E-05,0.00038357,0,-7.70E-06,-1.18E-05,3.30E-05,2.83E-05
20220420_153532,0.017244072,0.058643177,2.53E-05,0.004534093,0.003157776,0.052925352,0.048001781
20220420_153532,1.82E-05,0.000386804,0,-7.33E-06,-1.17E-05,3.31E-05,2.77E-05
20220420_153532,1.82E-05,0.000386804,0,-7.33E-06,-1.17E-05,3.31E-05,2.77E-05
20220420_153532,0.016340366,0.116266951,3.50E-05,-0.000941224,0.001487436,0.10090676,0.078811586
20220420_153532,1.68E-05,0.000259389,0,-5.44E-06,-1.18E-05,3.64E-05,2.77E-05
20220420_153532,1.68E-05,0.000259389,0,-5.44E-06,-1.18E-05,3.64E-05,2.77E-05
20220420_153532,0.019814526,0.115581095,4.69E-05,-0.009523445,-0.005076501,0.037834033,0.040988177
20220420_153532,1.64E-05,0.000242982,0,-5.15E-06,-1.17E-05,3.50E-05,2.50E-05
20220420_153532,0.01610627,0.065993376,5.77E-05,0.000931726,-0.001545062,0.041986126,0.043777302
20220420_153532,1.82E-05,0.000371373,0,-7.39E-06,-1.16E-05,3.27E-05,2.73E-05
20220420_153532,0.017550672,0.056017168,8.54E-05,0.005688333,-0.003490528,0.046516281,0.03690527
20220420_153532,1.83E-05,0.000400881,0,-7.97E-06,-1.09E-05,3.08E-05,3.37E-05
20220420_153532,0.017062759,0.053676959,3.04E-05,0.002280242,-0.004200869,0.048189051,0.047680695
20220420_153532,1.72E-05,0.000252342,0,-5.39E-06,-1.24E-05,3.77E-05,2.71E-05
20220420_153532,1.72E-05,0.000252342,0,-5.39E-06,-1.24E-05,3.77E-05,2.71E-05
20220420_153533,0.01763147,0.109141476,3.22E-05,-0.004587501,0.003092396,0.07829994,0.108879879
20220420_153533,0.018631629,0.091740638,9.23E-05,0.000923179,0.004769824,0.063490666,0.056550004
20220420_153533,1.64E-05,0.00023055,0,-5.19E-06,-1.18E-05,3.47E-05,2.31E-05
20220420_153533,0.019198839,0.062843435,5.36E-05,0.007364256,-0.003800098,0.056615468,0.044290923
20220420_153533,1.67E-05,0.000260584,0,-5.57E-06,-1.12E-05,3.60E-05,3.29E-05
20220420_153533,0.016502312,0.05932245,5.93E-05,-0.001284632,-0.001657418,0.045307416,0.054146498
20220420_153533,1.69E-05,0.000242359,0,-5.19E-06,-1.22E-05,3.70E-05,2.54E-05
20220420_153533,0.017280682,0.091328807,0.000101525,-0.003252376,0.003077675,0.045154288,0.088754565
20220420_153533,0.017985626,0.11168462,1.10E-05,-0.006265071,0.001539056,0.040168855,0.044186726
20220420_153533,1.65E-05,0.000253981,0,-4.99E-06,-1.18E-05,3.62E-05,2.60E-05
20220420_153533,0.01666423,0.055690464,5.10E-05,-0.003204573,0.000510466,0.036207147,0.04700448
20220420_153533,1.79E-05,0.000388385,0,-7.56E-06,-1.10E-05,3.12E-05,2.92E-05
20220420_153533,1.79E-05,0.000388385,0,-7.56E-06,-1.10E-05,3.12E-05,2.92E-05
20220420_153533,0.01554291,0.056798387,1.98E-05,0.000837422,0.003373688,0.050584879,0.037586231
20220420_153534,1.72E-05,0.000250833,0,-5.42E-06,-1.23E-05,3.61E-05,2.73E-05
20220420_153534,0.016283021,0.065883465,4.55E-05,-0.004193814,0.000986898,0.051460426,0.036555666
20220420_153534,1.86E-05,0.000395511,0,-7.88E-06,-1.14E-05,3.01E-05,3.14E-05
20220420_153534,0.015310034,0.061388843,6.92E-05,0.001832838,0.000479411,0.048143629,0.056607805
20220420_153534,1.69E-05,0.000240558,0,-5.17E-06,-1.21E-05,3.85E-05,2.70E-05
20220420_153534,0.01669624,0.119188115,4.72E-05,0.005608856,-0.00038134,0.075330138,0.112997472
20220420_153534,1.65E-05,0.000240538,0,-5.48E-06,-1.13E-05,3.52E-05,3.11E-05
20220420_153534,0.021692483,0.118482672,7.68E-05,-0.015621501,-0.001094384,0.025517484,0.030472189
20220420_153534,1.64E-05,0.000237718,0,-2.95E-06,-1.17E-05,9.61E-05,2.56E-05
20220420_153534,1.64E-05,0.000237718,0,-2.95E-06,-1.17E-05,9.61E-05,2.56E-05
20220420_153534,0.01568884,0.051337156,3.46E-05,-0.001157022,-0.000361134,0.036621694,0.032721896
20220420_153534,1.80E-05,0.000402428,0,-7.45E-06,-1.13E-05,3.25E-05,2.83E-05
20220420_153534,0.015803606,0.054464098,4.08E-05,0.00225034,0.001308378,0.044843812,0.051709317
20220420_153534,1.86E-05,0.000393647,0,-7.90E-06,-1.16E-05,3.23E-05,2.97E-05
20220420_153534,1.86E-05,0.000393647,0,-7.90E-06,-1.16E-05,3.23E-05,2.97E-05
20220420_153534,0.017882273,0.049627982,7.58E-05,0.002430821,-0.000485739,0.048115768,0.042443294
20220420_153534,1.83E-05,0.000401398,0,-7.33E-06,-1.15E-05,3.35E-05,3.04E-05
20220420_153534,0.017770184,0.106295004,0.000116862,0.005101102,0.000407391,0.06647332,0.092444085
20220420_153535,1.51E-05,0.000241927,0,-4.22E-06,-1.01E-05,4.55E-05,3.49E-05
20220420_153535,1.51E-05,0.000241927,0,-4.22E-06,-1.01E-05,4.55E-05,3.49E-05
20220420_153535,0.018498198,0.123811416,6.26E-05,0.003336804,-0.000248628,0.054794069,0.046502445
20220420_153535,1.85E-05,0.000399028,0,-7.82E-06,-1.17E-05,3.17E-05,2.89E-05
20220420_153535,1.85E-05,0.000399028,0,-7.82E-06,-1.17E-05,3.17E-05,2.89E-05
20220420_153535,0.016503435,0.061486144,2.63E-05,-0.00459412,-0.003853386,0.035028543,0.036924198
20220420_153535,1.84E-05,0.000389339,0,-7.69E-06,-1.17E-05,3.21E-05,2.89E-05
20220420_153535,0.017386066,0.053575996,6.90E-05,0.002616495,-0.004775459,0.044713069,0.039091855
20220420_153535,1.62E-05,0.000269773,0,-4.41E-06,-1.14E-05,4.96E-05,3.35E-05
20220420_153535,1.62E-05,0.000269773,0,-4.41E-06,-1.14E-05,4.96E-05,3.35E-05
20220420_153535,0.02011113,0.081323452,6.85E-05,0.011392937,-0.005207512,0.075300284,0.03718663
20220420_153535,1.79E-05,0.000375891,0,-7.56E-06,-1.12E-05,2.97E-05,2.96E-05
20220420_153535,0.018421799,0.130640343,0.000125386,0.004025505,0.00398765,0.062751569,0.124152198
20220420_153535,1.67E-05,0.000259109,0,-5.34E-06,-1.17E-05,3.65E-05,2.90E-05
20220420_153535,1.67E-05,0.000259109,0,-5.34E-06,-1.17E-05,3.65E-05,2.90E-05
20220420_153535,0.022526465,0.107694149,8.11E-05,-0.015046098,0.007947235,0.02360742,0.071438566
20220420_153535,1.65E-05,0.00024054,0,-4.96E-06,-1.21E-05,3.60E-05,2.33E-05
20220420_153535,0.018946567,0.060303375,2.57E-05,-0.010557031,0.002351408,0.03472146,0.040281404
20220420_153535,1.64E-05,0.000241952,0,-5.03E-06,-1.18E-05,3.44E-05,2.50E-05
20220420_153536,1.64E-05,0.000241952,0,-5.03E-06,-1.18E-05,3.44E-05,2.50E-05
20220420_153536,0.018396712,0.063764609,1.57E-05,0.003927718,-0.001661427,0.061391238,0.052083258
20220420_153536,1.69E-05,0.00025118,0,-5.05E-06,-1.21E-05,3.74E-05,2.73E-05
20220420_153536,0.017002406,0.0646962,9.33E-05,-0.004437294,-0.002220721,0.057903171,0.032842238
20220420_153536,1.69E-05,0.000242858,0,-5.31E-06,-1.21E-05,3.71E-05,2.73E-05
20220420_153536,0.017676968,0.109111115,6.13E-05,-0.003534566,0.003242523,0.072064638,0.109051809
20220420_153536,1.85E-05,0.000398167,0,-7.73E-06,-1.14E-05,3.30E-05,3.18E-05
20220420_153536,0.017707381,0.089063488,1.20E-05,0.00441527,0.001786431,0.040744185,0.048518755
20220420_153536,1.87E-05,0.000380086,0,-7.61E-06,-1.20E-05,3.24E-05,3.07E-05
20220420_153536,1.87E-05,0.000380086,0,-7.61E-06,-1.20E-05,3.24E-05,3.07E-05
20220420_153536,0.017194552,0.062315561,3.31E-05,0.002000122,0.003557287,0.05088051,0.052748717
20220420_153536,1.63E-05,0.000240407,0,-5.13E-06,-1.13E-05,3.55E-05,2.82E-05
20220420_153536,0.016136395,0.060649976,6.88E-05,2.35E-05,0.000311085,0.039992556,0.037137605
20220420_153536,1.87E-05,0.000387901,0,-7.74E-06,-1.19E-05,3.18E-05,2.99E-05
20220420_153536,0.016077595,0.056275699,6.57E-05,0.001953598,-0.002842872,0.038640257,0.052775379
20220420_153536,1.80E-05,0.000409958,0,-7.52E-06,-1.10E-05,2.98E-05,3.15E-05
20220420_153537,0.016849526,0.048193403,5.62E-05,0.001704718,-0.004528428,0.045227811,0.040362749
20220420_153537,1.64E-05,0.00024178,0,-3.00E-06,-1.19E-05,9.72E-05,2.20E-05
20220420_153537,0.014793741,0.062131561,4.04E-05,-0.000421876,0.000798782,0.037114229,0.062013835
20220420_153537,1.70E-05,0.000252307,0,-5.28E-06,-1.22E-05,3.62E-05,2.68E-05
20220420_153537,1.70E-05,0.000252307,0,-5.28E-06,-1.22E-05,3.62E-05,2.68E-05
20220420_153537,0.018912742,0.066107541,4.03E-05,0.012314316,-0.002043873,0.061903011,0.034251995
20220420_153537,1.77E-05,0.000381925,0,-7.14E-06,-1.09E-05,3.11E-05,3.29E-05
20220420_153537,0.018149625,0.062470224,7.02E-05,0.001984661,-0.004843179,0.051501974,0.040420983
20220420_153537,1.86E-05,0.000391565,0,-7.76E-06,-1.16E-05,3.26E-05,3.04E-05
20220420_153537,0.016760055,0.056825951,3.71E-05,-0.002860175,0.000946458,0.052305248,0.042874586
20220420_153537,1.65E-05,0.000242784,0,-4.86E-06,-1.18E-05,3.64E-05,2.74E-05
20220420_153537,0.016324881,0.088254169,9.16E-05,-0.005854524,-0.000558002,0.045773692,0.088129222
20220420_153537,1.83E-05,0.000371545,0,-7.53E-06,-1.16E-05,3.31E-05,2.84E-05
20220420_153537,0.018399916,0.083842412,7.72E-05,-0.00801039,0.000182417,0.047450248,0.050585877
20220420_153537,1.82E-05,0.000393411,0,-7.43E-06,-1.15E-05,3.21E-05,2.96E-05
20220420_153537,0.016517725,0.051871981,5.92E-05,0.001856421,0.000600866,0.050924174,0.045020323
20220420_153537,1.71E-05,0.000251925,0,-5.50E-06,-1.21E-05,3.67E-05,2.74E-05
20220420_153538,1.71E-05,0.000251925,0,-5.50E-06,-1.21E-05,3.67E-05,2.74E-05
20220420_153538,0.016578092,0.063442573,4.57E-05,0.000164993,-0.000684269,0.045484155,0.063261017
20220420_153538,1.83E-05,0.000389933,0,-7.52E-06,-1.15E-05,3.33E-05,3.05E-05
20220420_153538,0.016165837,0.063765235,2.33E-05,-0.001361968,0.006351508,0.05500352,0.063486084
20220420_153538,1.77E-05,0.000389351,0,-7.32E-06,-1.12E-05,2.95E-05,2.60E-05
20220420_153538,0.01798354,0.098237596,7.18E-05,0.004325181,0.001170132,0.068993218,0.096019775
20220420_153538,1.82E-05,0.000401803,0,-7.57E-06,-1.14E-05,3.15E-05,2.90E-05
20220420_153538,1.82E-05,0.000401803,0,-7.57E-06,-1.14E-05,3.15E-05,2.90E-05
20220420_153538,0.017962175,0.098218158,3.96E-05,0.006570797,-0.00496349,0.05306245,0.031096149
20220420_153538,1.61E-05,0.000237355,0,-3.02E-06,-1.13E-05,9.17E-05,2.59E-05
20220420_153538,0.017029691,0.046443667,9.37E-05,0.003246496,-0.001267254,0.039755262,0.034539402
20220420_153538,1.80E-05,0.000386518,0,-7.49E-06,-1.11E-05,3.08E-05,3.17E-05
20220420_153538,1.80E-05,0.000386518,0,-7.49E-06,-1.11E-05,3.08E-05,3.17E-05
20220420_153538,1.80E-05,0.000386518,0,-7.49E-06,-1.11E-05,3.08E-05,3.17E-05
20220420_153538,0.017503259,0.065640561,1.52E-05,0.002606047,-0.007119009,0.051751774,0.035540935
20220420_153538,1.65E-05,0.000234945,0,-5.09E-06,-1.16E-05,3.52E-05,3.05E-05
20220420_153538,0.019252837,0.062983841,4.38E-05,-0.00747242,0.002546039,0.047843374,0.04879456
20220420_153538,1.66E-05,0.000238635,0,-5.17E-06,-1.16E-05,3.59E-05,2.95E-05
20220420_153538,1.66E-05,0.000238635,0,-5.17E-06,-1.16E-05,3.59E-05,2.95E-05
20220420_153538,0.021730244,0.123320155,4.27E-05,-0.010849851,0.008771367,0.042736787,0.122418754
20220420_153539,1.79E-05,0.000389369,0,-7.68E-06,-1.09E-05,3.11E-05,3.01E-05
20220420_153539,1.79E-05,0.000389369,0,-7.68E-06,-1.09E-05,3.11E-05,3.01E-05
20220420_153539,0.017918886,0.091247164,8.38E-05,0.002828357,-6.05E-05,0.049565025,0.054576512
20220420_153539,1.82E-05,0.000404757,0,-7.76E-06,-1.13E-05,3.11E-05,2.89E-05
20220420_153539,1.82E-05,0.000404757,0,-7.76E-06,-1.13E-05,3.11E-05,2.89E-05
20220420_153539,0.017339075,0.056028072,1.77E-05,0.003881209,-0.006650904,0.04899941,0.049625281
20220420_153539,1.67E-05,0.000245183,0,-5.12E-06,-1.19E-05,3.81E-05,2.75E-05
20220420_153539,0.016080721,0.065815255,7.01E-05,0.002269179,-0.003206109,0.042827811,0.043995976
20220420_153539,1.72E-05,0.000253256,0,-5.26E-06,-1.24E-05,3.64E-05,2.70E-05
20220420_153539,1.72E-05,0.000253256,0,-5.26E-06,-1.24E-05,3.64E-05,2.70E-05
20220420_153539,0.014910136,0.052558839,2.78E-05,0.002468119,-0.003375786,0.05004305,0.028799402
20220420_153539,1.64E-05,0.00023285,0,-5.24E-06,-1.13E-05,3.79E-05,3.09E-05
20220420_153539,1.64E-05,0.00023285,0,-5.24E-06,-1.13E-05,3.79E-05,3.09E-05
20220420_153539,0.016724521,0.092690103,5.19E-05,0.003024204,-0.002534512,0.055746958,0.092651673
20220420_153539,1.78E-05,0.00041114,0,-7.37E-06,-1.12E-05,3.07E-05,2.72E-05
20220420_153539,0.017109531,0.090062223,2.13E-05,0.003608061,0.000914348,0.04759996,0.046188954
20220420_153539,1.81E-05,0.000386039,0,-7.47E-06,-1.14E-05,3.11E-05,2.82E-05
20220420_153539,0.016572073,0.073226906,4.68E-05,-0.003255638,-0.003124181,0.033378005,0.073135398
20220420_153539,1.85E-05,0.000400511,0,-7.74E-06,-1.17E-05,3.19E-05,2.80E-05
20220420_153540,1.85E-05,0.000400511,0,-7.74E-06,-1.17E-05,3.19E-05,2.80E-05
20220420_153540,0.016789022,0.059327971,8.94E-05,-0.007574088,0.002694147,0.037599564,0.037115604
20220420_153540,1.88E-05,0.000413859,0,-7.80E-06,-1.17E-05,3.27E-05,3.07E-05
20220420_153540,0.016646472,0.077756412,6.27E-05,0.001616796,0.005282664,0.076616339,0.043166794
20220420_153540,1.82E-05,0.000391179,0,-7.33E-06,-1.14E-05,3.37E-05,3.04E-05
20220420_153540,0.016153365,0.110921092,0.000121571,0.002464515,0.005561899,0.05331317,0.11087621
20220420_153540,1.70E-05,0.000248097,0,-5.32E-06,-1.22E-05,3.75E-05,2.71E-05
20220420_153540,0.01630347,0.103044271,8.69E-06,-0.000493289,0.004487844,0.050784256,0.043692335
20220420_153540,1.83E-05,0.000378883,0,-7.70E-06,-1.13E-05,3.24E-05,3.09E-05
20220420_153540,0.016310963,0.065079793,3.81E-05,-0.002702274,0.001282281,0.064082995,0.055937078
20220420_153540,1.54E-05,0.000239279,0,-4.35E-06,-1.01E-05,4.89E-05,3.76E-05
20220420_153540,1.54E-05,0.000239279,0,-4.35E-06,-1.01E-05,4.89E-05,3.76E-05
20220420_153540,0.016346701,0.061279688,1.88E-05,-0.001588237,-0.002644716,0.04470614,0.047530293
20220420_153540,1.85E-05,0.000410275,0,-7.65E-06,-1.15E-05,3.29E-05,3.07E-05
20220420_153540,0.016282054,0.055565096,3.73E-05,-0.002492975,0.00164945,0.035974603,0.054921892
20220420_153540,1.64E-05,0.000247722,0,-4.93E-06,-1.18E-05,3.45E-05,2.48E-05
20220420_153540,0.020442374,0.122195765,6.41E-05,0.013111496,-0.005959175,0.061681744,0.105845004
20220420_153541,1.64E-05,0.000242339,0,-5.28E-06,-1.15E-05,3.48E-05,2.85E-05
20220420_153541,1.64E-05,0.000242339,0,-5.28E-06,-1.15E-05,3.48E-05,2.85E-05
20220420_153541,0.016065147,0.107237183,8.15E-05,-0.002104912,-0.000765966,0.035043519,0.043195557
20220420_153541,1.68E-05,0.000244839,0,-5.01E-06,-1.21E-05,3.64E-05,2.57E-05
20220420_153541,0.017067351,0.061013199,3.99E-05,-0.00810667,0.001766231,0.033114325,0.041497208
20220420_153541,1.78E-05,0.00040318,0,-7.46E-06,-1.11E-05,3.00E-05,2.81E-05
20220420_153541,0.017029941,0.061803665,3.71E-05,0.003110837,0.004691398,0.053915672,0.039379016
20220420_153541,1.82E-05,0.000401188,0,-7.53E-06,-1.13E-05,3.23E-05,2.90E-05
20220420_153541,1.82E-05,0.000401188,0,-7.53E-06,-1.13E-05,3.23E-05,2.90E-05
20220420_153541,0.016610339,0.062122647,5.68E-05,0.004021268,0.001024772,0.057378959,0.04378958
20220420_153541,1.75E-05,0.00039081,0,-7.13E-06,-1.10E-05,3.15E-05,2.90E-05
20220420_153541,0.017139756,0.050531644,7.81E-05,-0.005213354,0.003123392,0.033614852,0.04924231
20220420_153541,1.81E-05,0.000382665,0,-7.58E-06,-1.13E-05,3.13E-05,3.20E-05
20220420_153541,1.81E-05,0.000382665,0,-7.58E-06,-1.13E-05,3.13E-05,3.20E-05
20220420_153541,0.016799485,0.051250182,3.84E-05,0.000217659,-0.001290173,0.043496184,0.037875697
20220420_153541,1.84E-05,0.000388892,0,-7.73E-06,-1.14E-05,3.14E-05,3.17E-05
20220420_153541,1.84E-05,0.000388892,0,-7.73E-06,-1.14E-05,3.14E-05,3.17E-05
20220420_153541,0.017049289,0.064779714,0.000108028,0.004466628,-0.004033289,0.055221058,0.033868067
20220420_153542,1.68E-05,0.00024473,0,-5.32E-06,-1.20E-05,3.62E-05,2.55E-05
20220420_153542,0.017022298,0.058743082,3.96E-05,-0.006343933,-0.001126387,0.027241142,0.038431738
20220420_153542,2.62E-05,0.0054726,0,-3.48E-06,-1.84E-05,0.003171383,3.78E-05
20220420_153542,2.62E-05,0.0054726,0,-3.48E-06,-1.84E-05,0.003171383,3.78E-05
20220420_153542,0.018029955,0.050368194,0.000108688,-0.005623533,0.003539994,0.033530373,0.050348759
20220420_153542,1.84E-05,0.00039184,0,-7.74E-06,-1.14E-05,3.30E-05,3.17E-05
20220420_153542,0.017447269,0.085338503,0.000114736,0.004357233,0.000778104,0.084905662,0.04975621
20220420_153542,1.66E-05,0.000243258,0,-5.07E-06,-1.17E-05,3.70E-05,2.74E-05
20220420_153542,0.018482345,0.067010887,7.08E-05,0.005623797,0.002304494,0.061151281,0.046155605
20220420_153542,1.69E-05,0.000243259,0,-5.36E-06,-1.20E-05,3.55E-05,2.76E-05
20220420_153542,0.015631431,0.057852808,1.59E-05,-0.002089422,0.000745593,0.057006914,0.040901218
20220420_153542,1.82E-05,0.000386465,0,-7.65E-06,-1.14E-05,3.05E-05,3.06E-05
20220420_153542,0.015474804,0.051616102,1.69E-05,-0.000625321,-0.001548061,0.051418047,0.037030846
20220420_153542,1.87E-05,0.000394789,0,-7.69E-06,-1.19E-05,3.36E-05,2.71E-05
20220420_153542,0.017155265,0.047132429,9.22E-05,-0.005292559,-0.001999035,0.041250356,0.043488834
20220420_153542,1.85E-05,0.000377761,0,-7.55E-06,-1.15E-05,3.53E-05,3.22E-05
20220420_153543,0.01564252,0.046955004,8.19E-05,0.002352988,-0.001899212,0.046634674,0.036960915
20220420_153543,1.80E-05,0.000384634,0,-7.29E-06,-1.13E-05,3.27E-05,3.00E-05
20220420_153543,0.016035992,0.063188717,8.15E-06,0.000209958,-0.003573856,0.048105862,0.06020464
20220420_153543,1.67E-05,0.000244508,0,-5.21E-06,-1.20E-05,3.67E-05,2.69E-05
20220420_153543,1.67E-05,0.000244508,0,-5.21E-06,-1.20E-05,3.67E-05,2.69E-05
20220420_153543,0.01672726,0.049861915,4.68E-05,0.000496189,-0.000247234,0.040137034,0.042892076
20220420_153543,1.67E-05,0.000239939,0,-5.06E-06,-1.19E-05,3.76E-05,2.72E-05
20220420_153543,0.016199374,0.058296975,2.98E-05,0.001617339,-0.000185379,0.046581946,0.057747904
20220420_153543,1.81E-05,0.000383536,0,-7.32E-06,-1.14E-05,3.25E-05,3.22E-05
20220420_153543,1.81E-05,0.000383536,0,-7.32E-06,-1.14E-05,3.25E-05,3.22E-05
20220420_153543,0.015635876,0.067031965,6.07E-05,0.001688263,-0.001632851,0.064333662,0.032789748
20220420_153543,1.83E-05,0.000389529,0,-7.59E-06,-1.14E-05,3.11E-05,2.89E-05
20220420_153543,1.83E-05,0.000389529,0,-7.59E-06,-1.14E-05,3.11E-05,2.89E-05
20220420_153543,0.017125438,0.098143511,4.74E-05,0.002112303,-5.12E-05,0.045197882,0.093847141
20220420_153543,1.80E-05,0.000415196,0,-7.40E-06,-1.11E-05,3.35E-05,2.98E-05
20220420_153543,0.016930588,0.114220545,6.19E-05,-0.002695626,0.001005701,0.06287621,0.055743478
20220420_153543,1.66E-05,0.000245757,0,-5.41E-06,-1.17E-05,3.50E-05,2.75E-05
20220420_153543,1.66E-05,0.000245757,0,-5.41E-06,-1.17E-05,3.50E-05,2.75E-05
20220420_153543,0.018523168,0.073291846,1.52E-05,0.009703239,-0.000818616,0.053031355,0.045435775
20220420_153544,1.81E-05,0.000383554,0,-7.22E-06,-1.16E-05,3.25E-05,2.91E-05
20220420_153544,0.031150544,0.117188886,3.10E-05,0.026553797,-0.000334643,0.116363376,0.050710652
20220420_153544,1.75E-05,0.000260393,0,-5.50E-06,-1.25E-05,3.70E-05,2.71E-05
20220420_153544,1.75E-05,0.000260393,0,-5.50E-06,-1.25E-05,3.70E-05,2.71E-05
20220420_153544,0.021482811,0.064731255,0.000127214,0.003067586,-0.007147979,0.050416678,0.050806336
20220420_153544,1.70E-05,0.000248829,0,-5.39E-06,-1.22E-05,3.53E-05,2.67E-05
20220420_153544,1.70E-05,0.000248829,0,-5.39E-06,-1.22E-05,3.53E-05,2.67E-05
20220420_153544,0.0223887,0.127205089,6.66E-05,-0.01209022,0.004610217,0.033244319,0.120351747
20220420_153544,1.84E-05,0.000394788,0,-7.83E-06,-1.15E-05,3.14E-05,2.77E-05
20220420_153544,0.01832294,0.087107889,3.48E-05,-0.005210301,0.00648071,0.034917131,0.045456782
20220420_153544,1.68E-05,0.00023902,0,-5.48E-06,-1.17E-05,3.52E-05,2.90E-05
20220420_153544,1.68E-05,0.00023902,0,-5.48E-06,-1.17E-05,3.52E-05,2.90E-05
20220420_153544,0.016631072,0.057051618,3.03E-05,0.007750294,0.000982918,0.048969284,0.048589319
20220420_153544,1.86E-05,0.000380811,0,-7.58E-06,-1.17E-05,3.27E-05,3.08E-05
20220420_153544,0.021890791,0.058097318,9.69E-05,0.01421004,-0.001769569,0.053984251,0.040914651
20220420_153544,1.67E-05,0.000242793,0,-5.17E-06,-1.18E-05,3.69E-05,2.79E-05
20220420_153544,0.017452497,0.054534175,3.75E-05,0.00012701,0.006528606,0.041696634,0.053797897
20220420_153544,1.64E-05,0.000235474,0,-4.97E-06,-1.19E-05,3.54E-05,2.38E-05
20220420_153544,1.64E-05,0.000235474,0,-4.97E-06,-1.19E-05,3.54E-05,2.38E-05
20220420_153545,0.01547338,0.051617909,2.32E-05,-0.001508173,0.00303615,0.032247487,0.046326626
20220420_153545,1.82E-05,0.000381567,0,-7.18E-06,-1.16E-05,3.34E-05,2.92E-05
20220420_153545,0.01682222,0.062422961,6.10E-05,-0.003488945,0.001596119,0.034823369,0.050480135
20220420_153545,1.81E-05,0.000380985,0,-7.72E-06,-1.10E-05,3.05E-05,3.07E-05
20220420_153545,0.017143344,0.066266425,4.85E-05,-0.002995584,-0.000447349,0.038273215,0.059054077
20220420_153545,1.82E-05,0.000392111,0,-7.48E-06,-1.15E-05,3.06E-05,2.74E-05
20220420_153545,0.018094719,0.058338344,6.62E-05,-0.003800362,-0.008950361,0.036156062,0.040418625
20220420_153545,1.84E-05,0.000391998,0,-7.78E-06,-1.12E-05,3.17E-05,3.25E-05
20220420_153545,1.84E-05,0.000391998,0,-7.78E-06,-1.12E-05,3.17E-05,3.25E-05
20220420_153545,0.024403239,0.066895187,0.000148651,-0.018943662,0.001273537,0.032396864,0.051124141
20220420_153545,1.85E-05,0.000414139,0,-7.98E-06,-1.14E-05,3.18E-05,2.97E-05
20220420_153545,1.85E-05,0.000414139,0,-7.98E-06,-1.14E-05,3.18E-05,2.97E-05
20220420_153545,0.016169729,0.048966285,3.91E-05,-0.004337971,0.002009969,0.029744318,0.047007214
20220420_153545,1.68E-05,0.000238035,0,-5.36E-06,-1.20E-05,3.72E-05,2.47E-05
20220420_153545,1.68E-05,0.000238035,0,-5.36E-06,-1.20E-05,3.72E-05,2.47E-05
20220420_153545,0.017132921,0.084370665,7.25E-05,-0.008079967,-0.00066655,0.03891319,0.041609466
20220420_153545,1.84E-05,0.000371507,0,-7.49E-06,-1.16E-05,3.17E-05,3.15E-05
20220420_153545,1.84E-05,0.000371507,0,-7.49E-06,-1.16E-05,3.17E-05,3.15E-05
20220420_153545,0.016926336,0.056393899,8.39E-05,0.001081086,-0.002630503,0.050193291,0.050241899
20220420_153546,1.64E-05,0.000244957,0,-3.11E-06,-1.16E-05,9.64E-05,2.66E-05
20220420_153546,0.019205979,0.068623886,7.47E-05,0.011855159,0.001468574,0.066103421,0.046898328
20220420_153546,1.93E-05,0.000399406,0,-8.06E-06,-1.20E-05,3.49E-05,3.32E-05
20220420_153546,0.016437127,0.068194605,2.49E-05,-0.002501475,-0.006665697,0.037511468,0.043351956
20220420_153546,1.81E-05,0.000395709,0,-7.61E-06,-1.11E-05,3.19E-05,3.10E-05
20220420_153546,1.81E-05,0.000395709,0,-7.61E-06,-1.11E-05,3.19E-05,3.10E-05
20220420_153546,0.016193585,0.055037983,2.20E-05,-0.003883328,0.00301137,0.045651753,0.036958445
20220420_153546,1.84E-05,0.000381796,0,-7.62E-06,-1.16E-05,3.27E-05,2.95E-05
20220420_153546,0.016595805,0.051212866,1.87E-05,-0.004442544,-0.002852666,0.043266125,0.044677444
20220420_153546,1.83E-05,0.000389489,0,-7.71E-06,-1.13E-05,3.03E-05,3.12E-05
20220420_153546,0.015787366,0.055771273,5.03E-05,-0.001288044,-0.002441232,0.035527702,0.046301045
20220420_153546,1.61E-05,0.000238011,0,-4.95E-06,-1.13E-05,3.54E-05,2.85E-05
20220420_153546,1.61E-05,0.000238011,0,-4.95E-06,-1.13E-05,3.54E-05,2.85E-05
20220420_153546,0.015202715,0.063376427,9.26E-05,0.001350538,-0.001516117,0.040538806,0.031248327
20220420_153546,1.78E-05,0.000373391,0,-7.25E-06,-1.09E-05,3.10E-05,3.41E-05
20220420_153546,0.016112432,0.05884945,9.25E-05,0.003336868,0.001473473,0.050716326,0.044994064
20220420_153546,1.86E-05,0.000395762,0,-7.68E-06,-1.17E-05,3.23E-05,3.09E-05
20220420_153547,0.020143622,0.105891623,5.99E-05,0.008734006,0.009362148,0.061111011,0.105627276
20220420_153547,1.79E-05,0.0003879,0,-7.41E-06,-1.10E-05,3.28E-05,3.18E-05
20220420_153547,0.015955572,0.098157428,5.22E-05,-0.002644442,-0.002631461,0.042138394,0.031087367
20220420_153547,1.78E-05,0.000373576,0,-7.36E-06,-1.10E-05,2.97E-05,3.06E-05
20220420_153547,0.017021972,0.053903338,4.14E-05,-0.007890216,0.001459264,0.053561475,0.047988769
20220420_153547,1.83E-05,0.000372986,0,-7.66E-06,-1.14E-05,3.15E-05,3.03E-05
20220420_153547,0.016068891,0.071207985,3.73E-05,0.001518133,-0.00123295,0.070528314,0.047363989
20220420_153547,1.74E-05,0.000290285,0,-5.38E-06,-1.26E-05,3.56E-05,2.79E-05
20220420_153547,0.017496167,0.064695887,9.82E-05,0.006792401,0.000361221,0.040210389,0.053325742
20220420_153547,1.81E-05,0.000388654,0,-7.30E-06,-1.14E-05,3.21E-05,2.99E-05
20220420_153547,0.017067019,0.052523535,4.25E-05,0.005900399,-0.002919238,0.051544163,0.040585298
20220420_153547,1.80E-05,0.000412556,0,-7.48E-06,-1.10E-05,3.13E-05,3.15E-05
20220420_153547,0.017576274,0.071413279,8.87E-05,0.006952727,-0.001798411,0.054948959,0.041995816
20220420_153547,1.84E-05,0.000403443,0,-7.99E-06,-1.10E-05,3.06E-05,3.19E-05
20220420_153547,0.015953042,0.074501559,2.74E-05,-0.002119433,0.002347956,0.047429081,0.072405256
20220420_153547,1.62E-05,0.000243607,0,-3.08E-06,-1.16E-05,9.37E-05,2.52E-05
20220420_153548,0.015482909,0.051261824,9.17E-05,-0.002369688,-0.000478693,0.042471968,0.046595238
